run,description,batch_size,rep,task_sequence,tasks_in_batch,backbone_latency_ms,total_latency_ms,per_request_latency_ms,mean_decoder_latency_ms,sum_decoder_latency_ms,mean_swap_latency_ms,gpu_peak_mb
run1_baseline,"Single task, single decoder — heartrate regression, seq_len=512",1,0,heartrate,heartrate,3.144809,3.377382,3.377382,0.146287,0.146287,0.000741,444.20068359375
run1_baseline,"Single task, single decoder — heartrate regression, seq_len=512",1,1,heartrate,heartrate,3.158714,3.483606,3.483606,0.143038,0.143038,0.000813,444.20068359375
run1_baseline,"Single task, single decoder — heartrate regression, seq_len=512",1,2,heartrate,heartrate,3.14226,3.35644,3.35644,0.135163,0.135163,0.000683,444.20068359375
run1_baseline,"Single task, single decoder — heartrate regression, seq_len=512",1,3,heartrate,heartrate,3.206235,3.420408,3.420408,0.138297,0.138297,0.000837,444.20068359375
run1_baseline,"Single task, single decoder — heartrate regression, seq_len=512",1,4,heartrate,heartrate,3.247307,3.466181,3.466181,0.140303,0.140303,0.000733,444.20068359375
run1_baseline,"Single task, single decoder — heartrate regression, seq_len=512",1,5,heartrate,heartrate,3.155195,3.365156,3.365156,0.132118,0.132118,0.000757,444.20068359375
run1_baseline,"Single task, single decoder — heartrate regression, seq_len=512",1,6,heartrate,heartrate,3.140583,3.377781,3.377781,0.155482,0.155482,0.000744,444.20068359375
run1_baseline,"Single task, single decoder — heartrate regression, seq_len=512",1,7,heartrate,heartrate,3.137055,3.352342,3.352342,0.136206,0.136206,0.000754,444.20068359375
run1_baseline,"Single task, single decoder — heartrate regression, seq_len=512",1,8,heartrate,heartrate,3.176091,3.401592,3.401592,0.147138,0.147138,0.000781,444.20068359375
run1_baseline,"Single task, single decoder — heartrate regression, seq_len=512",1,9,heartrate,heartrate,3.146543,3.374801,3.374801,0.149225,0.149225,0.000788,444.20068359375
run1_baseline,"Single task, single decoder — heartrate regression, seq_len=512",1,10,heartrate,heartrate,3.139261,3.372072,3.372072,0.145934,0.145934,0.000806,444.20068359375
run1_baseline,"Single task, single decoder — heartrate regression, seq_len=512",1,11,heartrate,heartrate,3.167628,3.523677,3.523677,0.267704,0.267704,0.000757,444.20068359375
run1_baseline,"Single task, single decoder — heartrate regression, seq_len=512",1,12,heartrate,heartrate,3.153535,3.367594,3.367594,0.135411,0.135411,0.000736,444.20068359375
run1_baseline,"Single task, single decoder — heartrate regression, seq_len=512",1,13,heartrate,heartrate,3.148474,3.363111,3.363111,0.136382,0.136382,0.000731,444.20068359375
run1_baseline,"Single task, single decoder — heartrate regression, seq_len=512",1,14,heartrate,heartrate,3.145343,3.3587,3.3587,0.13343,0.13343,0.000739,444.20068359375
run1_baseline,"Single task, single decoder — heartrate regression, seq_len=512",1,15,heartrate,heartrate,3.103624,3.317103,3.317103,0.135763,0.135763,0.000787,444.20068359375
run1_baseline,"Single task, single decoder — heartrate regression, seq_len=512",1,16,heartrate,heartrate,3.174608,3.391349,3.391349,0.138283,0.138283,0.000683,444.20068359375
run1_baseline,"Single task, single decoder — heartrate regression, seq_len=512",1,17,heartrate,heartrate,3.173245,3.391489,3.391489,0.137097,0.137097,0.00072,444.20068359375
run1_baseline,"Single task, single decoder — heartrate regression, seq_len=512",1,18,heartrate,heartrate,3.131022,3.34262,3.34262,0.134192,0.134192,0.000759,444.20068359375
run1_baseline,"Single task, single decoder — heartrate regression, seq_len=512",1,19,heartrate,heartrate,3.179195,3.423956,3.423956,0.16773,0.16773,0.000687,444.20068359375
run1_baseline,"Single task, single decoder — heartrate regression, seq_len=512",1,20,heartrate,heartrate,3.153828,3.363439,3.363439,0.131373,0.131373,0.00081,444.20068359375
run1_baseline,"Single task, single decoder — heartrate regression, seq_len=512",1,21,heartrate,heartrate,3.075012,3.297512,3.297512,0.142008,0.142008,0.00079,444.20068359375
run1_baseline,"Single task, single decoder — heartrate regression, seq_len=512",1,22,heartrate,heartrate,3.090224,3.44735,3.44735,0.274462,0.274462,0.000807,444.20068359375
run1_baseline,"Single task, single decoder — heartrate regression, seq_len=512",1,23,heartrate,heartrate,3.108149,3.313605,3.313605,0.130504,0.130504,0.000761,444.20068359375
run1_baseline,"Single task, single decoder — heartrate regression, seq_len=512",1,24,heartrate,heartrate,3.088801,3.305043,3.305043,0.138917,0.138917,0.000701,444.20068359375
run1_baseline,"Single task, single decoder — heartrate regression, seq_len=512",1,25,heartrate,heartrate,3.140527,3.35272,3.35272,0.134183,0.134183,0.00079,444.20068359375
run1_baseline,"Single task, single decoder — heartrate regression, seq_len=512",1,26,heartrate,heartrate,3.08163,3.292696,3.292696,0.133515,0.133515,0.000803,444.20068359375
run1_baseline,"Single task, single decoder — heartrate regression, seq_len=512",1,27,heartrate,heartrate,3.097358,3.304971,3.304971,0.134115,0.134115,0.00082,444.20068359375
run1_baseline,"Single task, single decoder — heartrate regression, seq_len=512",1,28,heartrate,heartrate,3.077912,3.286013,3.286013,0.13142,0.13142,0.000775,444.20068359375
run1_baseline,"Single task, single decoder — heartrate regression, seq_len=512",1,29,heartrate,heartrate,3.079385,3.287693,3.287693,0.131822,0.131822,0.000774,444.20068359375
run1_baseline,"Single task, single decoder — heartrate regression, seq_len=512",1,30,heartrate,heartrate,3.093936,3.306214,3.306214,0.134462,0.134462,0.000757,444.20068359375
run1_baseline,"Single task, single decoder — heartrate regression, seq_len=512",1,31,heartrate,heartrate,3.116065,3.331246,3.331246,0.136264,0.136264,0.000734,444.20068359375
run1_baseline,"Single task, single decoder — heartrate regression, seq_len=512",1,32,heartrate,heartrate,3.189002,3.405029,3.405029,0.137839,0.137839,0.000818,444.20068359375
run1_baseline,"Single task, single decoder — heartrate regression, seq_len=512",1,33,heartrate,heartrate,3.227177,3.438726,3.438726,0.134736,0.134736,0.000737,444.20068359375
run1_baseline,"Single task, single decoder — heartrate regression, seq_len=512",1,34,heartrate,heartrate,3.084298,3.294446,3.294446,0.13624,0.13624,0.000761,444.20068359375
run1_baseline,"Single task, single decoder — heartrate regression, seq_len=512",1,35,heartrate,heartrate,3.079165,3.29142,3.29142,0.136232,0.136232,0.0008,444.20068359375
run1_baseline,"Single task, single decoder — heartrate regression, seq_len=512",1,36,heartrate,heartrate,3.094636,3.304588,3.304588,0.134399,0.134399,0.000795,444.20068359375
run1_baseline,"Single task, single decoder — heartrate regression, seq_len=512",1,37,heartrate,heartrate,3.080122,3.293984,3.293984,0.134067,0.134067,0.000773,444.20068359375
run1_baseline,"Single task, single decoder — heartrate regression, seq_len=512",1,38,heartrate,heartrate,3.090176,3.302125,3.302125,0.135709,0.135709,0.000786,444.20068359375
run1_baseline,"Single task, single decoder — heartrate regression, seq_len=512",1,39,heartrate,heartrate,3.122654,3.33667,3.33667,0.137346,0.137346,0.000784,444.20068359375
run1_baseline,"Single task, single decoder — heartrate regression, seq_len=512",1,40,heartrate,heartrate,3.077693,3.287741,3.287741,0.133385,0.133385,0.000795,444.20068359375
run1_baseline,"Single task, single decoder — heartrate regression, seq_len=512",1,41,heartrate,heartrate,3.090303,3.30516,3.30516,0.136144,0.136144,0.000826,444.20068359375
run1_baseline,"Single task, single decoder — heartrate regression, seq_len=512",1,42,heartrate,heartrate,3.140153,3.36588,3.36588,0.14421,0.14421,0.000789,444.20068359375
run1_baseline,"Single task, single decoder — heartrate regression, seq_len=512",1,43,heartrate,heartrate,3.176311,3.543665,3.543665,0.27728,0.27728,0.0008,444.20068359375
run1_baseline,"Single task, single decoder — heartrate regression, seq_len=512",1,44,heartrate,heartrate,3.14041,3.375805,3.375805,0.137357,0.137357,0.000694,444.20068359375
run1_baseline,"Single task, single decoder — heartrate regression, seq_len=512",1,45,heartrate,heartrate,3.141996,3.353519,3.353519,0.133735,0.133735,0.000754,444.20068359375
run1_baseline,"Single task, single decoder — heartrate regression, seq_len=512",1,46,heartrate,heartrate,3.208198,3.452158,3.452158,0.164934,0.164934,0.000706,444.20068359375
run1_baseline,"Single task, single decoder — heartrate regression, seq_len=512",1,47,heartrate,heartrate,3.317817,3.54295,3.54295,0.143583,0.143583,0.000862,444.20068359375
run1_baseline,"Single task, single decoder — heartrate regression, seq_len=512",1,48,heartrate,heartrate,3.266342,3.489476,3.489476,0.142344,0.142344,0.000834,444.20068359375
run1_baseline,"Single task, single decoder — heartrate regression, seq_len=512",1,49,heartrate,heartrate,3.232393,3.446761,3.446761,0.133497,0.133497,0.000748,444.20068359375
run1_baseline,"Single task, single decoder — heartrate regression, seq_len=512",2,0,heartrate,"heartrate,heartrate",3.303759,3.996127,1.9980635,0.3056935,0.611387,0.0004585,444.38818359375
run1_baseline,"Single task, single decoder — heartrate regression, seq_len=512",2,1,heartrate,"heartrate,heartrate",3.208896,4.008879,2.0044395,0.359403,0.718806,0.0004485,444.38818359375
run1_baseline,"Single task, single decoder — heartrate regression, seq_len=512",2,2,heartrate,"heartrate,heartrate",3.207706,4.003132,2.001566,0.3575235,0.715047,0.000472,444.38818359375
run1_baseline,"Single task, single decoder — heartrate regression, seq_len=512",2,3,heartrate,"heartrate,heartrate",3.229031,4.004942,2.002471,0.347345,0.69469,0.000455,444.38818359375
run1_baseline,"Single task, single decoder — heartrate regression, seq_len=512",2,4,heartrate,"heartrate,heartrate",3.226341,4.004279,2.0021395,0.348632,0.697264,0.0004605,444.38818359375
run1_baseline,"Single task, single decoder — heartrate regression, seq_len=512",2,5,heartrate,"heartrate,heartrate",3.229335,4.004437,2.0022185,0.346157,0.692314,0.0004595,444.38818359375
run1_baseline,"Single task, single decoder — heartrate regression, seq_len=512",2,6,heartrate,"heartrate,heartrate",3.243994,4.14604,2.07302,0.4100405,0.820081,0.00044,444.38818359375
run1_baseline,"Single task, single decoder — heartrate regression, seq_len=512",2,7,heartrate,"heartrate,heartrate",3.220756,4.019211,2.0096055,0.3573915,0.714783,0.000502,444.38818359375
run1_baseline,"Single task, single decoder — heartrate regression, seq_len=512",2,8,heartrate,"heartrate,heartrate",3.223299,4.000408,2.000204,0.3491765,0.698353,0.0004685,444.38818359375
run1_baseline,"Single task, single decoder — heartrate regression, seq_len=512",2,9,heartrate,"heartrate,heartrate",3.209764,3.994201,1.9971005,0.353037,0.706074,0.000463,444.38818359375
run1_baseline,"Single task, single decoder — heartrate regression, seq_len=512",2,10,heartrate,"heartrate,heartrate",3.224611,4.001399,2.0006995,0.3315695,0.663139,0.0005365,444.38818359375
run1_baseline,"Single task, single decoder — heartrate regression, seq_len=512",2,11,heartrate,"heartrate,heartrate",3.288597,4.05275,2.026375,0.340676,0.681352,0.000471,444.38818359375
run1_baseline,"Single task, single decoder — heartrate regression, seq_len=512",2,12,heartrate,"heartrate,heartrate",3.220576,3.997618,1.998809,0.34887,0.69774,0.0004485,444.38818359375
run1_baseline,"Single task, single decoder — heartrate regression, seq_len=512",2,13,heartrate,"heartrate,heartrate",3.196011,3.999077,1.9995385,0.361254,0.722508,0.0004665,444.38818359375
run1_baseline,"Single task, single decoder — heartrate regression, seq_len=512",2,14,heartrate,"heartrate,heartrate",3.365137,4.144195,2.0720975,0.350455,0.70091,0.0004525,444.38818359375
run1_baseline,"Single task, single decoder — heartrate regression, seq_len=512",2,15,heartrate,"heartrate,heartrate",3.283801,4.024424,2.012212,0.3301175,0.660235,0.000482,444.38818359375
run1_baseline,"Single task, single decoder — heartrate regression, seq_len=512",2,16,heartrate,"heartrate,heartrate",3.175027,3.999202,1.999601,0.3719545,0.743909,0.0004915,444.38818359375
run1_baseline,"Single task, single decoder — heartrate regression, seq_len=512",2,17,heartrate,"heartrate,heartrate",3.166365,4.008589,2.0042945,0.381238,0.762476,0.00048,444.38818359375
run1_baseline,"Single task, single decoder — heartrate regression, seq_len=512",2,18,heartrate,"heartrate,heartrate",3.185706,4.009405,2.0047025,0.3694565,0.738913,0.00051,444.38818359375
run1_baseline,"Single task, single decoder — heartrate regression, seq_len=512",2,19,heartrate,"heartrate,heartrate",3.170957,3.990986,1.995493,0.370567,0.741134,0.000474,444.38818359375
run1_baseline,"Single task, single decoder — heartrate regression, seq_len=512",2,20,heartrate,"heartrate,heartrate",3.211962,4.027734,2.013867,0.366793,0.733586,0.0004925,444.38818359375
run1_baseline,"Single task, single decoder — heartrate regression, seq_len=512",2,21,heartrate,"heartrate,heartrate",3.306727,4.143004,2.071502,0.379249,0.758498,0.000478,444.38818359375
run1_baseline,"Single task, single decoder — heartrate regression, seq_len=512",2,22,heartrate,"heartrate,heartrate",3.312307,4.014706,2.007353,0.312046,0.624092,0.000428,444.38818359375
run1_baseline,"Single task, single decoder — heartrate regression, seq_len=512",2,23,heartrate,"heartrate,heartrate",3.170772,3.983352,1.991676,0.366875,0.73375,0.000485,444.38818359375
run1_baseline,"Single task, single decoder — heartrate regression, seq_len=512",2,24,heartrate,"heartrate,heartrate",3.168057,3.990149,1.9950745,0.37078,0.74156,0.0004705,444.38818359375
run1_baseline,"Single task, single decoder — heartrate regression, seq_len=512",2,25,heartrate,"heartrate,heartrate",3.162953,3.977281,1.9886405,0.368419,0.736838,0.0004585,444.38818359375
run1_baseline,"Single task, single decoder — heartrate regression, seq_len=512",2,26,heartrate,"heartrate,heartrate",3.172408,3.991083,1.9955415,0.3697395,0.739479,0.000494,444.38818359375
run1_baseline,"Single task, single decoder — heartrate regression, seq_len=512",2,27,heartrate,"heartrate,heartrate",3.214593,4.009108,2.004554,0.3569895,0.713979,0.00048,444.38818359375
run1_baseline,"Single task, single decoder — heartrate regression, seq_len=512",2,28,heartrate,"heartrate,heartrate",3.364941,4.154954,2.077477,0.35319,0.70638,0.000459,444.38818359375
run1_baseline,"Single task, single decoder — heartrate regression, seq_len=512",2,29,heartrate,"heartrate,heartrate",3.222175,4.000434,2.000217,0.3494535,0.698907,0.000476,444.38818359375
run1_baseline,"Single task, single decoder — heartrate regression, seq_len=512",2,30,heartrate,"heartrate,heartrate",3.204862,3.999304,1.999652,0.3572525,0.714505,0.000518,444.38818359375
run1_baseline,"Single task, single decoder — heartrate regression, seq_len=512",2,31,heartrate,"heartrate,heartrate",3.223746,4.007498,2.003749,0.3494735,0.698947,0.000623,444.38818359375
run1_baseline,"Single task, single decoder — heartrate regression, seq_len=512",2,32,heartrate,"heartrate,heartrate",3.221229,4.007304,2.003652,0.3525395,0.705079,0.0005865,444.38818359375
run1_baseline,"Single task, single decoder — heartrate regression, seq_len=512",2,33,heartrate,"heartrate,heartrate",3.225922,4.002928,2.001464,0.348148,0.696296,0.000507,444.38818359375
run1_baseline,"Single task, single decoder — heartrate regression, seq_len=512",2,34,heartrate,"heartrate,heartrate",3.230352,4.001603,2.0008015,0.343888,0.687776,0.0004765,444.38818359375
run1_baseline,"Single task, single decoder — heartrate regression, seq_len=512",2,35,heartrate,"heartrate,heartrate",3.4757,4.225035,2.1125175,0.3319035,0.663807,0.0005665,444.38818359375
run1_baseline,"Single task, single decoder — heartrate regression, seq_len=512",2,36,heartrate,"heartrate,heartrate",3.246269,4.021398,2.010699,0.345017,0.690034,0.0005525,444.38818359375
run1_baseline,"Single task, single decoder — heartrate regression, seq_len=512",2,37,heartrate,"heartrate,heartrate",3.217284,4.006292,2.003146,0.3535635,0.707127,0.00047,444.38818359375
run1_baseline,"Single task, single decoder — heartrate regression, seq_len=512",2,38,heartrate,"heartrate,heartrate",3.206178,4.001128,2.000564,0.3544185,0.708837,0.000483,444.38818359375
run1_baseline,"Single task, single decoder — heartrate regression, seq_len=512",2,39,heartrate,"heartrate,heartrate",3.314147,4.00024,2.00012,0.3004615,0.600923,0.000455,444.38818359375
run1_baseline,"Single task, single decoder — heartrate regression, seq_len=512",2,40,heartrate,"heartrate,heartrate",3.206935,3.995254,1.997627,0.353269,0.706538,0.0004395,444.38818359375
run1_baseline,"Single task, single decoder — heartrate regression, seq_len=512",2,41,heartrate,"heartrate,heartrate",3.204855,4.003833,2.0019165,0.35836,0.71672,0.000514,444.38818359375
run1_baseline,"Single task, single decoder — heartrate regression, seq_len=512",2,42,heartrate,"heartrate,heartrate",3.363369,4.150467,2.0752335,0.3532495,0.706499,0.000491,444.38818359375
run1_baseline,"Single task, single decoder — heartrate regression, seq_len=512",2,43,heartrate,"heartrate,heartrate",3.321821,3.986922,1.993461,0.289708,0.579416,0.000712,444.38818359375
run1_baseline,"Single task, single decoder — heartrate regression, seq_len=512",2,44,heartrate,"heartrate,heartrate",3.214339,4.013656,2.006828,0.3584655,0.716931,0.000616,444.38818359375
run1_baseline,"Single task, single decoder — heartrate regression, seq_len=512",2,45,heartrate,"heartrate,heartrate",3.209499,3.997717,1.9988585,0.353765,0.70753,0.000453,444.38818359375
run1_baseline,"Single task, single decoder — heartrate regression, seq_len=512",2,46,heartrate,"heartrate,heartrate",3.220282,4.008036,2.004018,0.3529755,0.705951,0.000466,444.38818359375
run1_baseline,"Single task, single decoder — heartrate regression, seq_len=512",2,47,heartrate,"heartrate,heartrate",3.195021,4.000256,2.000128,0.361049,0.722098,0.0004725,444.38818359375
run1_baseline,"Single task, single decoder — heartrate regression, seq_len=512",2,48,heartrate,"heartrate,heartrate",3.206666,4.007692,2.003846,0.3590565,0.718113,0.0004815,444.38818359375
run1_baseline,"Single task, single decoder — heartrate regression, seq_len=512",2,49,heartrate,"heartrate,heartrate",3.373161,4.165288,2.082644,0.3561565,0.712313,0.0005085,444.38818359375
run1_baseline,"Single task, single decoder — heartrate regression, seq_len=512",4,0,heartrate,"heartrate,heartrate,heartrate,heartrate",3.231823,5.651942,1.4129855,0.5845935,2.338374,0.00030525,444.76318359375
run1_baseline,"Single task, single decoder — heartrate regression, seq_len=512",4,1,heartrate,"heartrate,heartrate,heartrate,heartrate",3.388311,5.71256,1.42814,0.5584615,2.233846,0.000332,444.76318359375
run1_baseline,"Single task, single decoder — heartrate regression, seq_len=512",4,2,heartrate,"heartrate,heartrate,heartrate,heartrate",3.266265,5.689316,1.422329,0.54990575,2.199623,0.0003195,444.76318359375
run1_baseline,"Single task, single decoder — heartrate regression, seq_len=512",4,3,heartrate,"heartrate,heartrate,heartrate,heartrate",3.240788,5.664629,1.41615725,0.58551675,2.342067,0.00031,444.76318359375
run1_baseline,"Single task, single decoder — heartrate regression, seq_len=512",4,4,heartrate,"heartrate,heartrate,heartrate,heartrate",3.302737,5.700043,1.42501075,0.57767575,2.310703,0.00035475,444.76318359375
run1_baseline,"Single task, single decoder — heartrate regression, seq_len=512",4,5,heartrate,"heartrate,heartrate,heartrate,heartrate",3.292908,5.696845,1.42421125,0.57947725,2.317909,0.000345,444.76318359375
run1_baseline,"Single task, single decoder — heartrate regression, seq_len=512",4,6,heartrate,"heartrate,heartrate,heartrate,heartrate",3.240949,5.834009,1.45850225,0.625088,2.500352,0.00033575,444.76318359375
run1_baseline,"Single task, single decoder — heartrate regression, seq_len=512",4,7,heartrate,"heartrate,heartrate,heartrate,heartrate",3.228192,5.654514,1.4136285,0.58581,2.34324,0.000319,444.76318359375
run1_baseline,"Single task, single decoder — heartrate regression, seq_len=512",4,8,heartrate,"heartrate,heartrate,heartrate,heartrate",3.339999,5.671459,1.41786475,0.5623725,2.24949,0.00030575,444.76318359375
run1_baseline,"Single task, single decoder — heartrate regression, seq_len=512",4,9,heartrate,"heartrate,heartrate,heartrate,heartrate",3.282592,5.669408,1.417352,0.576733,2.306932,0.00031175,444.76318359375
run1_baseline,"Single task, single decoder — heartrate regression, seq_len=512",4,10,heartrate,"heartrate,heartrate,heartrate,heartrate",3.183169,5.838392,1.459598,0.643296,2.573184,0.000322,444.76318359375
run1_baseline,"Single task, single decoder — heartrate regression, seq_len=512",4,11,heartrate,"heartrate,heartrate,heartrate,heartrate",3.194996,5.648402,1.4121005,0.59304975,2.372199,0.000334,444.76318359375
run1_baseline,"Single task, single decoder — heartrate regression, seq_len=512",4,12,heartrate,"heartrate,heartrate,heartrate,heartrate",3.183565,5.628562,1.4071405,0.591353,2.365412,0.00029675,444.76318359375
run1_baseline,"Single task, single decoder — heartrate regression, seq_len=512",4,13,heartrate,"heartrate,heartrate,heartrate,heartrate",3.241966,5.645888,1.411472,0.57992225,2.319689,0.00037975,444.76318359375
run1_baseline,"Single task, single decoder — heartrate regression, seq_len=512",4,14,heartrate,"heartrate,heartrate,heartrate,heartrate",3.235992,5.863703,1.46592575,0.6338495,2.535398,0.00037075,444.76318359375
run1_baseline,"Single task, single decoder — heartrate regression, seq_len=512",4,15,heartrate,"heartrate,heartrate,heartrate,heartrate",3.247752,5.70808,1.42702,0.5926455,2.370582,0.0003695,444.76318359375
run1_baseline,"Single task, single decoder — heartrate regression, seq_len=512",4,16,heartrate,"heartrate,heartrate,heartrate,heartrate",3.299313,5.699552,1.424888,0.57425225,2.297009,0.000421,444.76318359375
run1_baseline,"Single task, single decoder — heartrate regression, seq_len=512",4,17,heartrate,"heartrate,heartrate,heartrate,heartrate",3.380177,5.787771,1.44694275,0.57658325,2.306333,0.00039025,444.76318359375
run1_baseline,"Single task, single decoder — heartrate regression, seq_len=512",4,18,heartrate,"heartrate,heartrate,heartrate,heartrate",3.285117,5.72789,1.4319725,0.58770925,2.350837,0.00036425,444.76318359375
run1_baseline,"Single task, single decoder — heartrate regression, seq_len=512",4,19,heartrate,"heartrate,heartrate,heartrate,heartrate",3.350459,5.720637,1.43015925,0.5312205,2.124882,0.0003465,444.76318359375
run1_baseline,"Single task, single decoder — heartrate regression, seq_len=512",4,20,heartrate,"heartrate,heartrate,heartrate,heartrate",3.252557,5.725529,1.43138225,0.5965315,2.386126,0.0003165,444.76318359375
run1_baseline,"Single task, single decoder — heartrate regression, seq_len=512",4,21,heartrate,"heartrate,heartrate,heartrate,heartrate",3.235294,5.668249,1.41706225,0.58652675,2.346107,0.00036225,444.76318359375
run1_baseline,"Single task, single decoder — heartrate regression, seq_len=512",4,22,heartrate,"heartrate,heartrate,heartrate,heartrate",3.22993,5.672992,1.418248,0.58874475,2.354979,0.000324,444.76318359375
run1_baseline,"Single task, single decoder — heartrate regression, seq_len=512",4,23,heartrate,"heartrate,heartrate,heartrate,heartrate",3.23624,5.82005,1.4550125,0.624521,2.498084,0.0003205,444.76318359375
run1_baseline,"Single task, single decoder — heartrate regression, seq_len=512",4,24,heartrate,"heartrate,heartrate,heartrate,heartrate",3.236138,5.657311,1.41432775,0.58415725,2.336629,0.00033675,444.76318359375
run1_baseline,"Single task, single decoder — heartrate regression, seq_len=512",4,25,heartrate,"heartrate,heartrate,heartrate,heartrate",3.241779,5.666042,1.4165105,0.5843715,2.337486,0.0003105,444.76318359375
run1_baseline,"Single task, single decoder — heartrate regression, seq_len=512",4,26,heartrate,"heartrate,heartrate,heartrate,heartrate",3.242555,5.668547,1.41713675,0.585851,2.343404,0.00030825,444.76318359375
run1_baseline,"Single task, single decoder — heartrate regression, seq_len=512",4,27,heartrate,"heartrate,heartrate,heartrate,heartrate",3.241286,5.824549,1.45613725,0.6238075,2.49523,0.0003125,444.76318359375
run1_baseline,"Single task, single decoder — heartrate regression, seq_len=512",4,28,heartrate,"heartrate,heartrate,heartrate,heartrate",3.218565,5.643184,1.410796,0.584941,2.339764,0.00031375,444.76318359375
run1_baseline,"Single task, single decoder — heartrate regression, seq_len=512",4,29,heartrate,"heartrate,heartrate,heartrate,heartrate",3.237151,5.643891,1.41097275,0.5813485,2.325394,0.000301,444.76318359375
run1_baseline,"Single task, single decoder — heartrate regression, seq_len=512",4,30,heartrate,"heartrate,heartrate,heartrate,heartrate",3.233266,5.654582,1.4136455,0.58462575,2.338503,0.00030975,444.76318359375
run1_baseline,"Single task, single decoder — heartrate regression, seq_len=512",4,31,heartrate,"heartrate,heartrate,heartrate,heartrate",3.270962,5.854162,1.4635405,0.6242755,2.497102,0.0003375,444.76318359375
run1_baseline,"Single task, single decoder — heartrate regression, seq_len=512",4,32,heartrate,"heartrate,heartrate,heartrate,heartrate",3.231702,5.663645,1.41591125,0.58736825,2.349473,0.00033175,444.76318359375
run1_baseline,"Single task, single decoder — heartrate regression, seq_len=512",4,33,heartrate,"heartrate,heartrate,heartrate,heartrate",3.49014,5.704874,1.4262185,0.53201175,2.128047,0.000318,444.76318359375
run1_baseline,"Single task, single decoder — heartrate regression, seq_len=512",4,34,heartrate,"heartrate,heartrate,heartrate,heartrate",3.339801,5.653892,1.413473,0.5574485,2.229794,0.00032125,444.76318359375
run1_baseline,"Single task, single decoder — heartrate regression, seq_len=512",4,35,heartrate,"heartrate,heartrate,heartrate,heartrate",3.243416,5.680121,1.42003025,0.5885555,2.354222,0.000304,444.76318359375
run1_baseline,"Single task, single decoder — heartrate regression, seq_len=512",4,36,heartrate,"heartrate,heartrate,heartrate,heartrate",3.256231,5.650983,1.41274575,0.57803975,2.312159,0.00031,444.76318359375
run1_baseline,"Single task, single decoder — heartrate regression, seq_len=512",4,37,heartrate,"heartrate,heartrate,heartrate,heartrate",3.317723,5.648312,1.412078,0.562065,2.24826,0.00031425,444.76318359375
run1_baseline,"Single task, single decoder — heartrate regression, seq_len=512",4,38,heartrate,"heartrate,heartrate,heartrate,heartrate",3.202155,5.642644,1.410661,0.5893965,2.357586,0.00029825,444.76318359375
run1_baseline,"Single task, single decoder — heartrate regression, seq_len=512",4,39,heartrate,"heartrate,heartrate,heartrate,heartrate",3.177147,5.650373,1.41259325,0.59839875,2.393595,0.00029825,444.76318359375
run1_baseline,"Single task, single decoder — heartrate regression, seq_len=512",4,40,heartrate,"heartrate,heartrate,heartrate,heartrate",3.165957,5.782288,1.445572,0.6337285,2.534914,0.00030775,444.76318359375
run1_baseline,"Single task, single decoder — heartrate regression, seq_len=512",4,41,heartrate,"heartrate,heartrate,heartrate,heartrate",3.161124,5.633694,1.4084235,0.59854325,2.394173,0.00030675,444.76318359375
run1_baseline,"Single task, single decoder — heartrate regression, seq_len=512",4,42,heartrate,"heartrate,heartrate,heartrate,heartrate",3.18969,5.658258,1.4145645,0.59628375,2.385135,0.00028825,444.76318359375
run1_baseline,"Single task, single decoder — heartrate regression, seq_len=512",4,43,heartrate,"heartrate,heartrate,heartrate,heartrate",3.239798,5.709932,1.427483,0.5973765,2.389506,0.0003085,444.76318359375
run1_baseline,"Single task, single decoder — heartrate regression, seq_len=512",4,44,heartrate,"heartrate,heartrate,heartrate,heartrate",3.178695,5.78614,1.446535,0.6314335,2.525734,0.0003115,444.76318359375
run1_baseline,"Single task, single decoder — heartrate regression, seq_len=512",4,45,heartrate,"heartrate,heartrate,heartrate,heartrate",3.163001,5.640184,1.410046,0.59928,2.39712,0.00033225,444.76318359375
run1_baseline,"Single task, single decoder — heartrate regression, seq_len=512",4,46,heartrate,"heartrate,heartrate,heartrate,heartrate",3.170598,5.620136,1.405034,0.5920545,2.368218,0.00032575,444.76318359375
run1_baseline,"Single task, single decoder — heartrate regression, seq_len=512",4,47,heartrate,"heartrate,heartrate,heartrate,heartrate",3.214287,5.667554,1.4168885,0.59325125,2.373005,0.0003015,444.76318359375
run1_baseline,"Single task, single decoder — heartrate regression, seq_len=512",4,48,heartrate,"heartrate,heartrate,heartrate,heartrate",3.242314,5.810985,1.45274625,0.62182875,2.487315,0.0003305,444.76318359375
run1_baseline,"Single task, single decoder — heartrate regression, seq_len=512",4,49,heartrate,"heartrate,heartrate,heartrate,heartrate",3.223456,5.639389,1.40984725,0.58350325,2.334013,0.00029425,444.76318359375
run1_baseline,"Single task, single decoder — heartrate regression, seq_len=512",8,0,heartrate,"heartrate,heartrate,heartrate,heartrate,heartrate,heartrate,heartrate,heartrate",3.162075,9.008334,1.12604175,0.720075,5.7606,0.00021175,445.51318359375
run1_baseline,"Single task, single decoder — heartrate regression, seq_len=512",8,1,heartrate,"heartrate,heartrate,heartrate,heartrate,heartrate,heartrate,heartrate,heartrate",3.160159,9.169579,1.146197375,0.740332875,5.922663,0.000209,445.51318359375
run1_baseline,"Single task, single decoder — heartrate regression, seq_len=512",8,2,heartrate,"heartrate,heartrate,heartrate,heartrate,heartrate,heartrate,heartrate,heartrate",3.265573,9.032085,1.129010625,0.70980975,5.678478,0.00021125,445.51318359375
run1_baseline,"Single task, single decoder — heartrate regression, seq_len=512",8,3,heartrate,"heartrate,heartrate,heartrate,heartrate,heartrate,heartrate,heartrate,heartrate",3.140712,9.16446,1.1455575,0.742270625,5.938165,0.00022875,445.51318359375
run1_baseline,"Single task, single decoder — heartrate regression, seq_len=512",8,4,heartrate,"heartrate,heartrate,heartrate,heartrate,heartrate,heartrate,heartrate,heartrate",3.155636,8.987555,1.123444375,0.718627875,5.749023,0.000199875,445.51318359375
run1_baseline,"Single task, single decoder — heartrate regression, seq_len=512",8,5,heartrate,"heartrate,heartrate,heartrate,heartrate,heartrate,heartrate,heartrate,heartrate",3.238214,9.052863,1.131607875,0.716167375,5.729339,0.0002015,445.51318359375
run1_baseline,"Single task, single decoder — heartrate regression, seq_len=512",8,6,heartrate,"heartrate,heartrate,heartrate,heartrate,heartrate,heartrate,heartrate,heartrate",3.383208,9.159685,1.144960625,0.71108875,5.68871,0.0002245,445.51318359375
run1_baseline,"Single task, single decoder — heartrate regression, seq_len=512",8,7,heartrate,"heartrate,heartrate,heartrate,heartrate,heartrate,heartrate,heartrate,heartrate",3.245809,9.052922,1.13161525,0.71474275,5.717942,0.000211125,445.51318359375
run1_baseline,"Single task, single decoder — heartrate regression, seq_len=512",8,8,heartrate,"heartrate,heartrate,heartrate,heartrate,heartrate,heartrate,heartrate,heartrate",3.313829,9.303346,1.16291825,0.737692875,5.901543,0.00022125,445.51318359375
run1_baseline,"Single task, single decoder — heartrate regression, seq_len=512",8,9,heartrate,"heartrate,heartrate,heartrate,heartrate,heartrate,heartrate,heartrate,heartrate",3.268223,9.156412,1.1445515,0.725035,5.80028,0.000233,445.51318359375
run1_baseline,"Single task, single decoder — heartrate regression, seq_len=512",8,10,heartrate,"heartrate,heartrate,heartrate,heartrate,heartrate,heartrate,heartrate,heartrate",3.315657,9.251404,1.1564255,0.730025375,5.840203,0.0002335,445.51318359375
run1_baseline,"Single task, single decoder — heartrate regression, seq_len=512",8,11,heartrate,"heartrate,heartrate,heartrate,heartrate,heartrate,heartrate,heartrate,heartrate",3.246351,9.062484,1.1328105,0.716015375,5.728123,0.0002365,445.51318359375
run1_baseline,"Single task, single decoder — heartrate regression, seq_len=512",8,12,heartrate,"heartrate,heartrate,heartrate,heartrate,heartrate,heartrate,heartrate,heartrate",3.20929,9.04028,1.130035,0.718136,5.745088,0.000229,445.51318359375
run1_baseline,"Single task, single decoder — heartrate regression, seq_len=512",8,13,heartrate,"heartrate,heartrate,heartrate,heartrate,heartrate,heartrate,heartrate,heartrate",3.254165,9.055539,1.131942375,0.71364825,5.709186,0.000244125,445.51318359375
run1_baseline,"Single task, single decoder — heartrate regression, seq_len=512",8,14,heartrate,"heartrate,heartrate,heartrate,heartrate,heartrate,heartrate,heartrate,heartrate",3.234136,9.032533,1.129066625,0.71389575,5.711166,0.000235875,445.51318359375
run1_baseline,"Single task, single decoder — heartrate regression, seq_len=512",8,15,heartrate,"heartrate,heartrate,heartrate,heartrate,heartrate,heartrate,heartrate,heartrate",3.233603,9.180436,1.1475545,0.73239175,5.859134,0.000214125,445.51318359375
run1_baseline,"Single task, single decoder — heartrate regression, seq_len=512",8,16,heartrate,"heartrate,heartrate,heartrate,heartrate,heartrate,heartrate,heartrate,heartrate",3.219543,9.00316,1.125395,0.712285875,5.698287,0.00020275,445.51318359375
run1_baseline,"Single task, single decoder — heartrate regression, seq_len=512",8,17,heartrate,"heartrate,heartrate,heartrate,heartrate,heartrate,heartrate,heartrate,heartrate",3.223037,9.182442,1.14780525,0.734137,5.873096,0.000220375,445.51318359375
run1_baseline,"Single task, single decoder — heartrate regression, seq_len=512",8,18,heartrate,"heartrate,heartrate,heartrate,heartrate,heartrate,heartrate,heartrate,heartrate",3.195166,9.014708,1.1268385,0.716846125,5.734769,0.000217875,445.51318359375
run1_baseline,"Single task, single decoder — heartrate regression, seq_len=512",8,19,heartrate,"heartrate,heartrate,heartrate,heartrate,heartrate,heartrate,heartrate,heartrate",3.210173,9.013853,1.126731625,0.714791375,5.718331,0.0002235,445.51318359375
run1_baseline,"Single task, single decoder — heartrate regression, seq_len=512",8,20,heartrate,"heartrate,heartrate,heartrate,heartrate,heartrate,heartrate,heartrate,heartrate",3.197082,9.029126,1.12864075,0.717570125,5.740561,0.00022375,445.51318359375
run1_baseline,"Single task, single decoder — heartrate regression, seq_len=512",8,21,heartrate,"heartrate,heartrate,heartrate,heartrate,heartrate,heartrate,heartrate,heartrate",3.221739,9.014479,1.126809875,0.71353125,5.70825,0.000198625,445.51318359375
run1_baseline,"Single task, single decoder — heartrate regression, seq_len=512",8,22,heartrate,"heartrate,heartrate,heartrate,heartrate,heartrate,heartrate,heartrate,heartrate",3.280272,9.263697,1.157962125,0.734403,5.875224,0.00021875,445.51318359375
run1_baseline,"Single task, single decoder — heartrate regression, seq_len=512",8,23,heartrate,"heartrate,heartrate,heartrate,heartrate,heartrate,heartrate,heartrate,heartrate",3.208699,9.026306,1.12828825,0.716458875,5.731671,0.000209375,445.51318359375
run1_baseline,"Single task, single decoder — heartrate regression, seq_len=512",8,24,heartrate,"heartrate,heartrate,heartrate,heartrate,heartrate,heartrate,heartrate,heartrate",3.287955,9.241375,1.155171875,0.732160875,5.857287,0.000231375,445.51318359375
run1_baseline,"Single task, single decoder — heartrate regression, seq_len=512",8,25,heartrate,"heartrate,heartrate,heartrate,heartrate,heartrate,heartrate,heartrate,heartrate",3.270784,9.053922,1.13174025,0.711680125,5.693441,0.000225375,445.51318359375
run1_baseline,"Single task, single decoder — heartrate regression, seq_len=512",8,26,heartrate,"heartrate,heartrate,heartrate,heartrate,heartrate,heartrate,heartrate,heartrate",3.231712,9.032501,1.129062625,0.714104,5.712832,0.00021775,445.51318359375
run1_baseline,"Single task, single decoder — heartrate regression, seq_len=512",8,27,heartrate,"heartrate,heartrate,heartrate,heartrate,heartrate,heartrate,heartrate,heartrate",3.239469,9.237481,1.154685125,0.738513375,5.908107,0.000204,445.51318359375
run1_baseline,"Single task, single decoder — heartrate regression, seq_len=512",8,28,heartrate,"heartrate,heartrate,heartrate,heartrate,heartrate,heartrate,heartrate,heartrate",3.286249,9.066059,1.133257375,0.711560375,5.692483,0.000228,445.51318359375
run1_baseline,"Single task, single decoder — heartrate regression, seq_len=512",8,29,heartrate,"heartrate,heartrate,heartrate,heartrate,heartrate,heartrate,heartrate,heartrate",3.254086,9.205836,1.1507295,0.73307625,5.86461,0.000223125,445.51318359375
run1_baseline,"Single task, single decoder — heartrate regression, seq_len=512",8,30,heartrate,"heartrate,heartrate,heartrate,heartrate,heartrate,heartrate,heartrate,heartrate",3.211282,9.042155,1.130269375,0.718130625,5.745045,0.00019725,445.51318359375
run1_baseline,"Single task, single decoder — heartrate regression, seq_len=512",8,31,heartrate,"heartrate,heartrate,heartrate,heartrate,heartrate,heartrate,heartrate,heartrate",3.248889,9.050825,1.131353125,0.71210825,5.696866,0.00022,445.51318359375
run1_baseline,"Single task, single decoder — heartrate regression, seq_len=512",8,32,heartrate,"heartrate,heartrate,heartrate,heartrate,heartrate,heartrate,heartrate,heartrate",3.183198,8.995735,1.124466875,0.698642,5.589136,0.000222,445.51318359375
run1_baseline,"Single task, single decoder — heartrate regression, seq_len=512",8,33,heartrate,"heartrate,heartrate,heartrate,heartrate,heartrate,heartrate,heartrate,heartrate",3.149216,9.011694,1.12646175,0.722303,5.778424,0.0002075,445.51318359375
run1_baseline,"Single task, single decoder — heartrate regression, seq_len=512",8,34,heartrate,"heartrate,heartrate,heartrate,heartrate,heartrate,heartrate,heartrate,heartrate",3.151351,9.264029,1.158003625,0.753171,6.025368,0.000214375,445.51318359375
run1_baseline,"Single task, single decoder — heartrate regression, seq_len=512",8,35,heartrate,"heartrate,heartrate,heartrate,heartrate,heartrate,heartrate,heartrate,heartrate",3.196395,9.022235,1.127779375,0.71746025,5.739682,0.00020425,445.51318359375
run1_baseline,"Single task, single decoder — heartrate regression, seq_len=512",8,36,heartrate,"heartrate,heartrate,heartrate,heartrate,heartrate,heartrate,heartrate,heartrate",3.182775,9.217734,1.15221675,0.7437495,5.949996,0.000213,445.51318359375
run1_baseline,"Single task, single decoder — heartrate regression, seq_len=512",8,37,heartrate,"heartrate,heartrate,heartrate,heartrate,heartrate,heartrate,heartrate,heartrate",3.174682,9.042286,1.13028575,0.72294575,5.783566,0.000214875,445.51318359375
run1_baseline,"Single task, single decoder — heartrate regression, seq_len=512",8,38,heartrate,"heartrate,heartrate,heartrate,heartrate,heartrate,heartrate,heartrate,heartrate",3.167057,9.004586,1.12557325,0.719215375,5.753723,0.000211,445.51318359375
run1_baseline,"Single task, single decoder — heartrate regression, seq_len=512",8,39,heartrate,"heartrate,heartrate,heartrate,heartrate,heartrate,heartrate,heartrate,heartrate",3.174017,9.014099,1.126762375,0.719270375,5.754163,0.000209625,445.51318359375
run1_baseline,"Single task, single decoder — heartrate regression, seq_len=512",8,40,heartrate,"heartrate,heartrate,heartrate,heartrate,heartrate,heartrate,heartrate,heartrate",3.151564,9.000203,1.125025375,0.720723875,5.765791,0.000210625,445.51318359375
run1_baseline,"Single task, single decoder — heartrate regression, seq_len=512",8,41,heartrate,"heartrate,heartrate,heartrate,heartrate,heartrate,heartrate,heartrate,heartrate",3.231922,9.178415,1.147301875,0.73275775,5.862062,0.000202875,445.51318359375
run1_baseline,"Single task, single decoder — heartrate regression, seq_len=512",8,42,heartrate,"heartrate,heartrate,heartrate,heartrate,heartrate,heartrate,heartrate,heartrate",3.158187,9.016736,1.127092,0.721916875,5.775335,0.00021775,445.51318359375
run1_baseline,"Single task, single decoder — heartrate regression, seq_len=512",8,43,heartrate,"heartrate,heartrate,heartrate,heartrate,heartrate,heartrate,heartrate,heartrate",3.174171,9.171381,1.146422625,0.73902125,5.91217,0.00021675,445.51318359375
run1_baseline,"Single task, single decoder — heartrate regression, seq_len=512",8,44,heartrate,"heartrate,heartrate,heartrate,heartrate,heartrate,heartrate,heartrate,heartrate",3.14587,8.998312,1.124789,0.721099375,5.768795,0.000213125,445.51318359375
run1_baseline,"Single task, single decoder — heartrate regression, seq_len=512",8,45,heartrate,"heartrate,heartrate,heartrate,heartrate,heartrate,heartrate,heartrate,heartrate",3.177892,8.998473,1.124809125,0.71707275,5.736582,0.000220375,445.51318359375
run1_baseline,"Single task, single decoder — heartrate regression, seq_len=512",8,46,heartrate,"heartrate,heartrate,heartrate,heartrate,heartrate,heartrate,heartrate,heartrate",3.155176,9.153383,1.144172875,0.73915775,5.913262,0.000208875,445.51318359375
run1_baseline,"Single task, single decoder — heartrate regression, seq_len=512",8,47,heartrate,"heartrate,heartrate,heartrate,heartrate,heartrate,heartrate,heartrate,heartrate",3.159486,8.994507,1.124313375,0.71885425,5.750834,0.000211375,445.51318359375
run1_baseline,"Single task, single decoder — heartrate regression, seq_len=512",8,48,heartrate,"heartrate,heartrate,heartrate,heartrate,heartrate,heartrate,heartrate,heartrate",3.164501,9.252133,1.156516625,0.7502745,6.002196,0.000216875,445.51318359375
run1_baseline,"Single task, single decoder — heartrate regression, seq_len=512",8,49,heartrate,"heartrate,heartrate,heartrate,heartrate,heartrate,heartrate,heartrate,heartrate",3.177806,9.008497,1.126062125,0.718361,5.746888,0.000210125,445.51318359375
run1_baseline,"Single task, single decoder — heartrate regression, seq_len=512",16,0,heartrate,"heartrate,heartrate,heartrate,heartrate,heartrate,heartrate,heartrate,heartrate,heartrate,heartrate,heartrate,heartrate,heartrate,heartrate,heartrate,heartrate",3.273214,16.173835,1.0108646875,0.800447625,12.807162,0.0001655625,447.01318359375
run1_baseline,"Single task, single decoder — heartrate regression, seq_len=512",16,1,heartrate,"heartrate,heartrate,heartrate,heartrate,heartrate,heartrate,heartrate,heartrate,heartrate,heartrate,heartrate,heartrate,heartrate,heartrate,heartrate,heartrate",3.250097,16.158172,1.00988575,0.8009854375,12.815767,0.000164875,447.01318359375
run1_baseline,"Single task, single decoder — heartrate regression, seq_len=512",16,2,heartrate,"heartrate,heartrate,heartrate,heartrate,heartrate,heartrate,heartrate,heartrate,heartrate,heartrate,heartrate,heartrate,heartrate,heartrate,heartrate,heartrate",3.174604,15.982691,0.9989181875,0.794861375,12.717782,0.00015525,447.01318359375
run1_baseline,"Single task, single decoder — heartrate regression, seq_len=512",16,3,heartrate,"heartrate,heartrate,heartrate,heartrate,heartrate,heartrate,heartrate,heartrate,heartrate,heartrate,heartrate,heartrate,heartrate,heartrate,heartrate,heartrate",3.170621,16.019761,1.0012350625,0.7972695,12.756312,0.00017275,447.01318359375
run1_baseline,"Single task, single decoder — heartrate regression, seq_len=512",16,4,heartrate,"heartrate,heartrate,heartrate,heartrate,heartrate,heartrate,heartrate,heartrate,heartrate,heartrate,heartrate,heartrate,heartrate,heartrate,heartrate,heartrate",3.268024,16.218219,1.0136386875,0.803398,12.854368,0.0001785625,447.01318359375
run1_baseline,"Single task, single decoder — heartrate regression, seq_len=512",16,5,heartrate,"heartrate,heartrate,heartrate,heartrate,heartrate,heartrate,heartrate,heartrate,heartrate,heartrate,heartrate,heartrate,heartrate,heartrate,heartrate,heartrate",3.390809,16.315631,1.0197269375,0.8015495625,12.824793,0.000165875,447.01318359375
run1_baseline,"Single task, single decoder — heartrate regression, seq_len=512",16,6,heartrate,"heartrate,heartrate,heartrate,heartrate,heartrate,heartrate,heartrate,heartrate,heartrate,heartrate,heartrate,heartrate,heartrate,heartrate,heartrate,heartrate",3.455379,16.360461,1.0225288125,0.8002843125,12.804549,0.000172,447.01318359375
run1_baseline,"Single task, single decoder — heartrate regression, seq_len=512",16,7,heartrate,"heartrate,heartrate,heartrate,heartrate,heartrate,heartrate,heartrate,heartrate,heartrate,heartrate,heartrate,heartrate,heartrate,heartrate,heartrate,heartrate",3.51996,16.263458,1.016466125,0.7897435,12.635896,0.000170375,447.01318359375
run1_baseline,"Single task, single decoder — heartrate regression, seq_len=512",16,8,heartrate,"heartrate,heartrate,heartrate,heartrate,heartrate,heartrate,heartrate,heartrate,heartrate,heartrate,heartrate,heartrate,heartrate,heartrate,heartrate,heartrate",3.620856,16.367812,1.02298825,0.7891106875,12.625771,0.000176375,447.01318359375
run1_baseline,"Single task, single decoder — heartrate regression, seq_len=512",16,9,heartrate,"heartrate,heartrate,heartrate,heartrate,heartrate,heartrate,heartrate,heartrate,heartrate,heartrate,heartrate,heartrate,heartrate,heartrate,heartrate,heartrate",3.393809,16.217708,1.01360675,0.7951534375,12.722455,0.0001736875,447.01318359375
run1_baseline,"Single task, single decoder — heartrate regression, seq_len=512",16,10,heartrate,"heartrate,heartrate,heartrate,heartrate,heartrate,heartrate,heartrate,heartrate,heartrate,heartrate,heartrate,heartrate,heartrate,heartrate,heartrate,heartrate",3.331621,16.178649,1.0111655625,0.79689675,12.750348,0.000169625,447.01318359375
run1_baseline,"Single task, single decoder — heartrate regression, seq_len=512",16,11,heartrate,"heartrate,heartrate,heartrate,heartrate,heartrate,heartrate,heartrate,heartrate,heartrate,heartrate,heartrate,heartrate,heartrate,heartrate,heartrate,heartrate",3.249089,16.209802,1.013112625,0.8042629375,12.868207,0.0001610625,447.01318359375
run1_baseline,"Single task, single decoder — heartrate regression, seq_len=512",16,12,heartrate,"heartrate,heartrate,heartrate,heartrate,heartrate,heartrate,heartrate,heartrate,heartrate,heartrate,heartrate,heartrate,heartrate,heartrate,heartrate,heartrate",3.288729,16.077017,1.0048135625,0.793465,12.69544,0.00016025,447.01318359375
run1_baseline,"Single task, single decoder — heartrate regression, seq_len=512",16,13,heartrate,"heartrate,heartrate,heartrate,heartrate,heartrate,heartrate,heartrate,heartrate,heartrate,heartrate,heartrate,heartrate,heartrate,heartrate,heartrate,heartrate",3.270776,16.245721,1.0153575625,0.804870125,12.877922,0.000165375,447.01318359375
run1_baseline,"Single task, single decoder — heartrate regression, seq_len=512",16,14,heartrate,"heartrate,heartrate,heartrate,heartrate,heartrate,heartrate,heartrate,heartrate,heartrate,heartrate,heartrate,heartrate,heartrate,heartrate,heartrate,heartrate",3.312178,16.208689,1.0130430625,0.800169125,12.802706,0.000156875,447.01318359375
run1_baseline,"Single task, single decoder — heartrate regression, seq_len=512",16,15,heartrate,"heartrate,heartrate,heartrate,heartrate,heartrate,heartrate,heartrate,heartrate,heartrate,heartrate,heartrate,heartrate,heartrate,heartrate,heartrate,heartrate",3.276165,16.201072,1.012567,0.8016405,12.826248,0.0001624375,447.01318359375
run1_baseline,"Single task, single decoder — heartrate regression, seq_len=512",16,16,heartrate,"heartrate,heartrate,heartrate,heartrate,heartrate,heartrate,heartrate,heartrate,heartrate,heartrate,heartrate,heartrate,heartrate,heartrate,heartrate,heartrate",3.399478,16.270098,1.016881125,0.7966788125,12.746861,0.00017975,447.01318359375
run1_baseline,"Single task, single decoder — heartrate regression, seq_len=512",16,17,heartrate,"heartrate,heartrate,heartrate,heartrate,heartrate,heartrate,heartrate,heartrate,heartrate,heartrate,heartrate,heartrate,heartrate,heartrate,heartrate,heartrate",3.297309,16.057615,1.0036009375,0.791506625,12.664106,0.00017375,447.01318359375
run1_baseline,"Single task, single decoder — heartrate regression, seq_len=512",16,18,heartrate,"heartrate,heartrate,heartrate,heartrate,heartrate,heartrate,heartrate,heartrate,heartrate,heartrate,heartrate,heartrate,heartrate,heartrate,heartrate,heartrate",3.330353,16.224027,1.0140016875,0.7997553125,12.796085,0.000163,447.01318359375
run1_baseline,"Single task, single decoder — heartrate regression, seq_len=512",16,19,heartrate,"heartrate,heartrate,heartrate,heartrate,heartrate,heartrate,heartrate,heartrate,heartrate,heartrate,heartrate,heartrate,heartrate,heartrate,heartrate,heartrate",3.271987,16.231041,1.0144400625,0.804109125,12.865746,0.0001544375,447.01318359375
run1_baseline,"Single task, single decoder — heartrate regression, seq_len=512",16,20,heartrate,"heartrate,heartrate,heartrate,heartrate,heartrate,heartrate,heartrate,heartrate,heartrate,heartrate,heartrate,heartrate,heartrate,heartrate,heartrate,heartrate",3.194878,16.15669,1.009793125,0.8045189375,12.872303,0.00015725,447.01318359375
run1_baseline,"Single task, single decoder — heartrate regression, seq_len=512",16,21,heartrate,"heartrate,heartrate,heartrate,heartrate,heartrate,heartrate,heartrate,heartrate,heartrate,heartrate,heartrate,heartrate,heartrate,heartrate,heartrate,heartrate",3.171123,16.161529,1.0100955625,0.8062743125,12.900389,0.00015625,447.01318359375
run1_baseline,"Single task, single decoder — heartrate regression, seq_len=512",16,22,heartrate,"heartrate,heartrate,heartrate,heartrate,heartrate,heartrate,heartrate,heartrate,heartrate,heartrate,heartrate,heartrate,heartrate,heartrate,heartrate,heartrate",3.24884,15.979434,0.998714625,0.7898364375,12.637383,0.0001639375,447.01318359375
run1_baseline,"Single task, single decoder — heartrate regression, seq_len=512",16,23,heartrate,"heartrate,heartrate,heartrate,heartrate,heartrate,heartrate,heartrate,heartrate,heartrate,heartrate,heartrate,heartrate,heartrate,heartrate,heartrate,heartrate",3.188416,16.198323,1.0123951875,0.807209125,12.915346,0.000153625,447.01318359375
run1_baseline,"Single task, single decoder — heartrate regression, seq_len=512",16,24,heartrate,"heartrate,heartrate,heartrate,heartrate,heartrate,heartrate,heartrate,heartrate,heartrate,heartrate,heartrate,heartrate,heartrate,heartrate,heartrate,heartrate",3.188153,16.210349,1.0131468125,0.8081594375,12.930551,0.000170625,447.01318359375
run1_baseline,"Single task, single decoder — heartrate regression, seq_len=512",16,25,heartrate,"heartrate,heartrate,heartrate,heartrate,heartrate,heartrate,heartrate,heartrate,heartrate,heartrate,heartrate,heartrate,heartrate,heartrate,heartrate,heartrate",3.228761,16.176797,1.0110498125,0.803472,12.855552,0.0001634375,447.01318359375
run1_baseline,"Single task, single decoder — heartrate regression, seq_len=512",16,26,heartrate,"heartrate,heartrate,heartrate,heartrate,heartrate,heartrate,heartrate,heartrate,heartrate,heartrate,heartrate,heartrate,heartrate,heartrate,heartrate,heartrate",3.338222,16.152448,1.009528,0.7952391875,12.723827,0.0001529375,447.01318359375
run1_baseline,"Single task, single decoder — heartrate regression, seq_len=512",16,27,heartrate,"heartrate,heartrate,heartrate,heartrate,heartrate,heartrate,heartrate,heartrate,heartrate,heartrate,heartrate,heartrate,heartrate,heartrate,heartrate,heartrate",3.197207,15.916965,0.9948103125,0.789338625,12.629418,0.0001446875,447.01318359375
run1_baseline,"Single task, single decoder — heartrate regression, seq_len=512",16,28,heartrate,"heartrate,heartrate,heartrate,heartrate,heartrate,heartrate,heartrate,heartrate,heartrate,heartrate,heartrate,heartrate,heartrate,heartrate,heartrate,heartrate",3.216174,16.162037,1.0101273125,0.8032905625,12.852649,0.0001609375,447.01318359375
run1_baseline,"Single task, single decoder — heartrate regression, seq_len=512",16,29,heartrate,"heartrate,heartrate,heartrate,heartrate,heartrate,heartrate,heartrate,heartrate,heartrate,heartrate,heartrate,heartrate,heartrate,heartrate,heartrate,heartrate",3.186126,16.12941,1.008088125,0.8032125,12.8514,0.00015525,447.01318359375
run1_baseline,"Single task, single decoder — heartrate regression, seq_len=512",16,30,heartrate,"heartrate,heartrate,heartrate,heartrate,heartrate,heartrate,heartrate,heartrate,heartrate,heartrate,heartrate,heartrate,heartrate,heartrate,heartrate,heartrate",3.194337,16.170585,1.0106615625,0.8053756875,12.886011,0.000152375,447.01318359375
run1_baseline,"Single task, single decoder — heartrate regression, seq_len=512",16,31,heartrate,"heartrate,heartrate,heartrate,heartrate,heartrate,heartrate,heartrate,heartrate,heartrate,heartrate,heartrate,heartrate,heartrate,heartrate,heartrate,heartrate",3.210351,16.474749,1.0296718125,0.823104,13.169664,0.000176875,447.01318359375
run1_baseline,"Single task, single decoder — heartrate regression, seq_len=512",16,32,heartrate,"heartrate,heartrate,heartrate,heartrate,heartrate,heartrate,heartrate,heartrate,heartrate,heartrate,heartrate,heartrate,heartrate,heartrate,heartrate,heartrate",3.854085,16.485901,1.0303688125,0.78204775,12.512764,0.0001920625,447.01318359375
run1_baseline,"Single task, single decoder — heartrate regression, seq_len=512",16,33,heartrate,"heartrate,heartrate,heartrate,heartrate,heartrate,heartrate,heartrate,heartrate,heartrate,heartrate,heartrate,heartrate,heartrate,heartrate,heartrate,heartrate",3.705882,16.424759,1.0265474375,0.7878039375,12.604863,0.000203875,447.01318359375
run1_baseline,"Single task, single decoder — heartrate regression, seq_len=512",16,34,heartrate,"heartrate,heartrate,heartrate,heartrate,heartrate,heartrate,heartrate,heartrate,heartrate,heartrate,heartrate,heartrate,heartrate,heartrate,heartrate,heartrate",3.447407,16.253556,1.01584725,0.794101625,12.705626,0.000169125,447.01318359375
run1_baseline,"Single task, single decoder — heartrate regression, seq_len=512",16,35,heartrate,"heartrate,heartrate,heartrate,heartrate,heartrate,heartrate,heartrate,heartrate,heartrate,heartrate,heartrate,heartrate,heartrate,heartrate,heartrate,heartrate",3.309646,16.213067,1.0133166875,0.8006769375,12.810831,0.0001671875,447.01318359375
run1_baseline,"Single task, single decoder — heartrate regression, seq_len=512",16,36,heartrate,"heartrate,heartrate,heartrate,heartrate,heartrate,heartrate,heartrate,heartrate,heartrate,heartrate,heartrate,heartrate,heartrate,heartrate,heartrate,heartrate",3.36455,16.265805,1.0166128125,0.8002243125,12.803589,0.000164375,447.01318359375
run1_baseline,"Single task, single decoder — heartrate regression, seq_len=512",16,37,heartrate,"heartrate,heartrate,heartrate,heartrate,heartrate,heartrate,heartrate,heartrate,heartrate,heartrate,heartrate,heartrate,heartrate,heartrate,heartrate,heartrate",3.487451,16.226319,1.0141449375,0.79010775,12.641724,0.0001651875,447.01318359375
run1_baseline,"Single task, single decoder — heartrate regression, seq_len=512",16,38,heartrate,"heartrate,heartrate,heartrate,heartrate,heartrate,heartrate,heartrate,heartrate,heartrate,heartrate,heartrate,heartrate,heartrate,heartrate,heartrate,heartrate",3.351119,16.243069,1.0151918125,0.799656875,12.79451,0.000167625,447.01318359375
run1_baseline,"Single task, single decoder — heartrate regression, seq_len=512",16,39,heartrate,"heartrate,heartrate,heartrate,heartrate,heartrate,heartrate,heartrate,heartrate,heartrate,heartrate,heartrate,heartrate,heartrate,heartrate,heartrate,heartrate",3.306684,16.320574,1.020035875,0.8073088125,12.916941,0.000163375,447.01318359375
run1_baseline,"Single task, single decoder — heartrate regression, seq_len=512",16,40,heartrate,"heartrate,heartrate,heartrate,heartrate,heartrate,heartrate,heartrate,heartrate,heartrate,heartrate,heartrate,heartrate,heartrate,heartrate,heartrate,heartrate",3.370063,16.428604,1.02678775,0.8101476875,12.962363,0.000207875,447.01318359375
run1_baseline,"Single task, single decoder — heartrate regression, seq_len=512",16,41,heartrate,"heartrate,heartrate,heartrate,heartrate,heartrate,heartrate,heartrate,heartrate,heartrate,heartrate,heartrate,heartrate,heartrate,heartrate,heartrate,heartrate",3.28633,16.265408,1.016588,0.80521975,12.883516,0.00017875,447.01318359375
run1_baseline,"Single task, single decoder — heartrate regression, seq_len=512",16,42,heartrate,"heartrate,heartrate,heartrate,heartrate,heartrate,heartrate,heartrate,heartrate,heartrate,heartrate,heartrate,heartrate,heartrate,heartrate,heartrate,heartrate",3.314767,16.202556,1.01265975,0.7994224375,12.790759,0.000181625,447.01318359375
run1_baseline,"Single task, single decoder — heartrate regression, seq_len=512",16,43,heartrate,"heartrate,heartrate,heartrate,heartrate,heartrate,heartrate,heartrate,heartrate,heartrate,heartrate,heartrate,heartrate,heartrate,heartrate,heartrate,heartrate",3.36408,16.354816,1.022176,0.8057158125,12.891453,0.000171375,447.01318359375
run1_baseline,"Single task, single decoder — heartrate regression, seq_len=512",16,44,heartrate,"heartrate,heartrate,heartrate,heartrate,heartrate,heartrate,heartrate,heartrate,heartrate,heartrate,heartrate,heartrate,heartrate,heartrate,heartrate,heartrate",3.300965,16.245914,1.015369625,0.803082125,12.849314,0.000191875,447.01318359375
run1_baseline,"Single task, single decoder — heartrate regression, seq_len=512",16,45,heartrate,"heartrate,heartrate,heartrate,heartrate,heartrate,heartrate,heartrate,heartrate,heartrate,heartrate,heartrate,heartrate,heartrate,heartrate,heartrate,heartrate",3.277287,16.221161,1.0138225625,0.803191375,12.851062,0.000174,447.01318359375
run1_baseline,"Single task, single decoder — heartrate regression, seq_len=512",16,46,heartrate,"heartrate,heartrate,heartrate,heartrate,heartrate,heartrate,heartrate,heartrate,heartrate,heartrate,heartrate,heartrate,heartrate,heartrate,heartrate,heartrate",3.435554,16.189557,1.0118473125,0.791190125,12.659042,0.0001619375,447.01318359375
run1_baseline,"Single task, single decoder — heartrate regression, seq_len=512",16,47,heartrate,"heartrate,heartrate,heartrate,heartrate,heartrate,heartrate,heartrate,heartrate,heartrate,heartrate,heartrate,heartrate,heartrate,heartrate,heartrate,heartrate",3.49215,16.134925,1.0084328125,0.784147125,12.546354,0.000161125,447.01318359375
run1_baseline,"Single task, single decoder — heartrate regression, seq_len=512",16,48,heartrate,"heartrate,heartrate,heartrate,heartrate,heartrate,heartrate,heartrate,heartrate,heartrate,heartrate,heartrate,heartrate,heartrate,heartrate,heartrate,heartrate",3.527813,16.410931,1.0256831875,0.7985625625,12.777001,0.000167875,447.01318359375
run1_baseline,"Single task, single decoder — heartrate regression, seq_len=512",16,49,heartrate,"heartrate,heartrate,heartrate,heartrate,heartrate,heartrate,heartrate,heartrate,heartrate,heartrate,heartrate,heartrate,heartrate,heartrate,heartrate,heartrate",3.483998,16.377358,1.023584875,0.799258875,12.788142,0.00017,447.01318359375
run1_baseline,"Single task, single decoder — heartrate regression, seq_len=512",32,0,heartrate,"heartrate,heartrate,heartrate,heartrate,heartrate,heartrate,heartrate,heartrate,heartrate,heartrate,heartrate,heartrate,heartrate,heartrate,heartrate,heartrate,heartrate,heartrate,heartrate,heartrate,heartrate,heartrate,heartrate,heartrate,heartrate,heartrate,heartrate,heartrate,heartrate,heartrate,heartrate,heartrate",3.221334,30.611695,0.95661546875,0.85252871875,27.280919,0.00014684375,450.01318359375
run1_baseline,"Single task, single decoder — heartrate regression, seq_len=512",32,1,heartrate,"heartrate,heartrate,heartrate,heartrate,heartrate,heartrate,heartrate,heartrate,heartrate,heartrate,heartrate,heartrate,heartrate,heartrate,heartrate,heartrate,heartrate,heartrate,heartrate,heartrate,heartrate,heartrate,heartrate,heartrate,heartrate,heartrate,heartrate,heartrate,heartrate,heartrate,heartrate,heartrate",3.294445,30.629006,0.9571564375,0.85072175,27.223096,0.00013925,450.01318359375
run1_baseline,"Single task, single decoder — heartrate regression, seq_len=512",32,2,heartrate,"heartrate,heartrate,heartrate,heartrate,heartrate,heartrate,heartrate,heartrate,heartrate,heartrate,heartrate,heartrate,heartrate,heartrate,heartrate,heartrate,heartrate,heartrate,heartrate,heartrate,heartrate,heartrate,heartrate,heartrate,heartrate,heartrate,heartrate,heartrate,heartrate,heartrate,heartrate,heartrate",3.455591,30.387197,0.94959990625,0.83780009375,26.809603,0.00015184375,450.01318359375
run1_baseline,"Single task, single decoder — heartrate regression, seq_len=512",32,3,heartrate,"heartrate,heartrate,heartrate,heartrate,heartrate,heartrate,heartrate,heartrate,heartrate,heartrate,heartrate,heartrate,heartrate,heartrate,heartrate,heartrate,heartrate,heartrate,heartrate,heartrate,heartrate,heartrate,heartrate,heartrate,heartrate,heartrate,heartrate,heartrate,heartrate,heartrate,heartrate,heartrate",3.391367,30.714706,0.9598345625,0.85042328125,27.213545,0.0001519375,450.01318359375
run1_baseline,"Single task, single decoder — heartrate regression, seq_len=512",32,4,heartrate,"heartrate,heartrate,heartrate,heartrate,heartrate,heartrate,heartrate,heartrate,heartrate,heartrate,heartrate,heartrate,heartrate,heartrate,heartrate,heartrate,heartrate,heartrate,heartrate,heartrate,heartrate,heartrate,heartrate,heartrate,heartrate,heartrate,heartrate,heartrate,heartrate,heartrate,heartrate,heartrate",3.459921,30.373099,0.94915934375,0.83767075,26.805464,0.000128,450.01318359375
run1_baseline,"Single task, single decoder — heartrate regression, seq_len=512",32,5,heartrate,"heartrate,heartrate,heartrate,heartrate,heartrate,heartrate,heartrate,heartrate,heartrate,heartrate,heartrate,heartrate,heartrate,heartrate,heartrate,heartrate,heartrate,heartrate,heartrate,heartrate,heartrate,heartrate,heartrate,heartrate,heartrate,heartrate,heartrate,heartrate,heartrate,heartrate,heartrate,heartrate",3.38102,30.537466,0.9542958125,0.8451250625,27.044002,0.00013296875,450.01318359375
run1_baseline,"Single task, single decoder — heartrate regression, seq_len=512",32,6,heartrate,"heartrate,heartrate,heartrate,heartrate,heartrate,heartrate,heartrate,heartrate,heartrate,heartrate,heartrate,heartrate,heartrate,heartrate,heartrate,heartrate,heartrate,heartrate,heartrate,heartrate,heartrate,heartrate,heartrate,heartrate,heartrate,heartrate,heartrate,heartrate,heartrate,heartrate,heartrate,heartrate",3.363531,30.521155,0.95378609375,0.84518328125,27.045865,0.00014284375,450.01318359375
run1_baseline,"Single task, single decoder — heartrate regression, seq_len=512",32,7,heartrate,"heartrate,heartrate,heartrate,heartrate,heartrate,heartrate,heartrate,heartrate,heartrate,heartrate,heartrate,heartrate,heartrate,heartrate,heartrate,heartrate,heartrate,heartrate,heartrate,heartrate,heartrate,heartrate,heartrate,heartrate,heartrate,heartrate,heartrate,heartrate,heartrate,heartrate,heartrate,heartrate",3.422983,30.667671,0.95836471875,0.847846375,27.131084,0.0001473125,450.01318359375
run1_baseline,"Single task, single decoder — heartrate regression, seq_len=512",32,8,heartrate,"heartrate,heartrate,heartrate,heartrate,heartrate,heartrate,heartrate,heartrate,heartrate,heartrate,heartrate,heartrate,heartrate,heartrate,heartrate,heartrate,heartrate,heartrate,heartrate,heartrate,heartrate,heartrate,heartrate,heartrate,heartrate,heartrate,heartrate,heartrate,heartrate,heartrate,heartrate,heartrate",3.503901,30.462619,0.95195684375,0.83902684375,26.848859,0.000133375,450.01318359375
run1_baseline,"Single task, single decoder — heartrate regression, seq_len=512",32,9,heartrate,"heartrate,heartrate,heartrate,heartrate,heartrate,heartrate,heartrate,heartrate,heartrate,heartrate,heartrate,heartrate,heartrate,heartrate,heartrate,heartrate,heartrate,heartrate,heartrate,heartrate,heartrate,heartrate,heartrate,heartrate,heartrate,heartrate,heartrate,heartrate,heartrate,heartrate,heartrate,heartrate",3.34884,30.657141,0.95803565625,0.849820625,27.19426,0.000132125,450.01318359375
run1_baseline,"Single task, single decoder — heartrate regression, seq_len=512",32,10,heartrate,"heartrate,heartrate,heartrate,heartrate,heartrate,heartrate,heartrate,heartrate,heartrate,heartrate,heartrate,heartrate,heartrate,heartrate,heartrate,heartrate,heartrate,heartrate,heartrate,heartrate,heartrate,heartrate,heartrate,heartrate,heartrate,heartrate,heartrate,heartrate,heartrate,heartrate,heartrate,heartrate",3.405068,30.42805,0.9508765625,0.84112296875,26.915935,0.00013578125,450.01318359375
run1_baseline,"Single task, single decoder — heartrate regression, seq_len=512",32,11,heartrate,"heartrate,heartrate,heartrate,heartrate,heartrate,heartrate,heartrate,heartrate,heartrate,heartrate,heartrate,heartrate,heartrate,heartrate,heartrate,heartrate,heartrate,heartrate,heartrate,heartrate,heartrate,heartrate,heartrate,heartrate,heartrate,heartrate,heartrate,heartrate,heartrate,heartrate,heartrate,heartrate",3.309996,30.574541,0.95545440625,0.8485505,27.153616,0.0001508125,450.01318359375
run1_baseline,"Single task, single decoder — heartrate regression, seq_len=512",32,12,heartrate,"heartrate,heartrate,heartrate,heartrate,heartrate,heartrate,heartrate,heartrate,heartrate,heartrate,heartrate,heartrate,heartrate,heartrate,heartrate,heartrate,heartrate,heartrate,heartrate,heartrate,heartrate,heartrate,heartrate,heartrate,heartrate,heartrate,heartrate,heartrate,heartrate,heartrate,heartrate,heartrate",3.513333,30.560284,0.955008875,0.84173475,26.935512,0.00014046875,450.01318359375
run1_baseline,"Single task, single decoder — heartrate regression, seq_len=512",32,13,heartrate,"heartrate,heartrate,heartrate,heartrate,heartrate,heartrate,heartrate,heartrate,heartrate,heartrate,heartrate,heartrate,heartrate,heartrate,heartrate,heartrate,heartrate,heartrate,heartrate,heartrate,heartrate,heartrate,heartrate,heartrate,heartrate,heartrate,heartrate,heartrate,heartrate,heartrate,heartrate,heartrate",3.35284,30.314447,0.94732646875,0.83461321875,26.707623,0.00014528125,450.01318359375
run1_baseline,"Single task, single decoder — heartrate regression, seq_len=512",32,14,heartrate,"heartrate,heartrate,heartrate,heartrate,heartrate,heartrate,heartrate,heartrate,heartrate,heartrate,heartrate,heartrate,heartrate,heartrate,heartrate,heartrate,heartrate,heartrate,heartrate,heartrate,heartrate,heartrate,heartrate,heartrate,heartrate,heartrate,heartrate,heartrate,heartrate,heartrate,heartrate,heartrate",3.26063,30.614524,0.956703875,0.851336625,27.242772,0.00014259375,450.01318359375
run1_baseline,"Single task, single decoder — heartrate regression, seq_len=512",32,15,heartrate,"heartrate,heartrate,heartrate,heartrate,heartrate,heartrate,heartrate,heartrate,heartrate,heartrate,heartrate,heartrate,heartrate,heartrate,heartrate,heartrate,heartrate,heartrate,heartrate,heartrate,heartrate,heartrate,heartrate,heartrate,heartrate,heartrate,heartrate,heartrate,heartrate,heartrate,heartrate,heartrate",3.260896,30.426249,0.95082028125,0.8454789375,27.055326,0.0001375625,450.01318359375
run1_baseline,"Single task, single decoder — heartrate regression, seq_len=512",32,16,heartrate,"heartrate,heartrate,heartrate,heartrate,heartrate,heartrate,heartrate,heartrate,heartrate,heartrate,heartrate,heartrate,heartrate,heartrate,heartrate,heartrate,heartrate,heartrate,heartrate,heartrate,heartrate,heartrate,heartrate,heartrate,heartrate,heartrate,heartrate,heartrate,heartrate,heartrate,heartrate,heartrate",3.357925,30.649155,0.95778609375,0.84941940625,27.181421,0.000142,450.01318359375
run1_baseline,"Single task, single decoder — heartrate regression, seq_len=512",32,17,heartrate,"heartrate,heartrate,heartrate,heartrate,heartrate,heartrate,heartrate,heartrate,heartrate,heartrate,heartrate,heartrate,heartrate,heartrate,heartrate,heartrate,heartrate,heartrate,heartrate,heartrate,heartrate,heartrate,heartrate,heartrate,heartrate,heartrate,heartrate,heartrate,heartrate,heartrate,heartrate,heartrate",3.331423,30.352233,0.94850728125,0.8409389375,26.910046,0.00014503125,450.01318359375
run1_baseline,"Single task, single decoder — heartrate regression, seq_len=512",32,18,heartrate,"heartrate,heartrate,heartrate,heartrate,heartrate,heartrate,heartrate,heartrate,heartrate,heartrate,heartrate,heartrate,heartrate,heartrate,heartrate,heartrate,heartrate,heartrate,heartrate,heartrate,heartrate,heartrate,heartrate,heartrate,heartrate,heartrate,heartrate,heartrate,heartrate,heartrate,heartrate,heartrate",3.259409,30.592073,0.95600228125,0.85082875,27.22652,0.0001324375,450.01318359375
run1_baseline,"Single task, single decoder — heartrate regression, seq_len=512",32,19,heartrate,"heartrate,heartrate,heartrate,heartrate,heartrate,heartrate,heartrate,heartrate,heartrate,heartrate,heartrate,heartrate,heartrate,heartrate,heartrate,heartrate,heartrate,heartrate,heartrate,heartrate,heartrate,heartrate,heartrate,heartrate,heartrate,heartrate,heartrate,heartrate,heartrate,heartrate,heartrate,heartrate",3.297262,30.352035,0.94850109375,0.8421215625,26.94789,0.00014321875,450.01318359375
run1_baseline,"Single task, single decoder — heartrate regression, seq_len=512",32,20,heartrate,"heartrate,heartrate,heartrate,heartrate,heartrate,heartrate,heartrate,heartrate,heartrate,heartrate,heartrate,heartrate,heartrate,heartrate,heartrate,heartrate,heartrate,heartrate,heartrate,heartrate,heartrate,heartrate,heartrate,heartrate,heartrate,heartrate,heartrate,heartrate,heartrate,heartrate,heartrate,heartrate",3.41411,30.568933,0.95527915625,0.84511471875,27.043671,0.00013546875,450.01318359375
run1_baseline,"Single task, single decoder — heartrate regression, seq_len=512",32,21,heartrate,"heartrate,heartrate,heartrate,heartrate,heartrate,heartrate,heartrate,heartrate,heartrate,heartrate,heartrate,heartrate,heartrate,heartrate,heartrate,heartrate,heartrate,heartrate,heartrate,heartrate,heartrate,heartrate,heartrate,heartrate,heartrate,heartrate,heartrate,heartrate,heartrate,heartrate,heartrate,heartrate",3.369961,30.460511,0.95189096875,0.8430333125,26.977066,0.00014190625,450.01318359375
run1_baseline,"Single task, single decoder — heartrate regression, seq_len=512",32,22,heartrate,"heartrate,heartrate,heartrate,heartrate,heartrate,heartrate,heartrate,heartrate,heartrate,heartrate,heartrate,heartrate,heartrate,heartrate,heartrate,heartrate,heartrate,heartrate,heartrate,heartrate,heartrate,heartrate,heartrate,heartrate,heartrate,heartrate,heartrate,heartrate,heartrate,heartrate,heartrate,heartrate",3.329014,30.456311,0.95175971875,0.84426675,27.016536,0.000139875,450.01318359375
run1_baseline,"Single task, single decoder — heartrate regression, seq_len=512",32,23,heartrate,"heartrate,heartrate,heartrate,heartrate,heartrate,heartrate,heartrate,heartrate,heartrate,heartrate,heartrate,heartrate,heartrate,heartrate,heartrate,heartrate,heartrate,heartrate,heartrate,heartrate,heartrate,heartrate,heartrate,heartrate,heartrate,heartrate,heartrate,heartrate,heartrate,heartrate,heartrate,heartrate",3.305096,30.451681,0.95161503125,0.84499121875,27.039719,0.0001341875,450.01318359375
run1_baseline,"Single task, single decoder — heartrate regression, seq_len=512",32,24,heartrate,"heartrate,heartrate,heartrate,heartrate,heartrate,heartrate,heartrate,heartrate,heartrate,heartrate,heartrate,heartrate,heartrate,heartrate,heartrate,heartrate,heartrate,heartrate,heartrate,heartrate,heartrate,heartrate,heartrate,heartrate,heartrate,heartrate,heartrate,heartrate,heartrate,heartrate,heartrate,heartrate",3.276093,30.499674,0.9531148125,0.8428740625,26.97197,0.0001365625,450.01318359375
run1_baseline,"Single task, single decoder — heartrate regression, seq_len=512",32,25,heartrate,"heartrate,heartrate,heartrate,heartrate,heartrate,heartrate,heartrate,heartrate,heartrate,heartrate,heartrate,heartrate,heartrate,heartrate,heartrate,heartrate,heartrate,heartrate,heartrate,heartrate,heartrate,heartrate,heartrate,heartrate,heartrate,heartrate,heartrate,heartrate,heartrate,heartrate,heartrate,heartrate",3.409509,30.777024,0.961782,0.8517995625,27.257586,0.00013859375,450.01318359375
run1_baseline,"Single task, single decoder — heartrate regression, seq_len=512",32,26,heartrate,"heartrate,heartrate,heartrate,heartrate,heartrate,heartrate,heartrate,heartrate,heartrate,heartrate,heartrate,heartrate,heartrate,heartrate,heartrate,heartrate,heartrate,heartrate,heartrate,heartrate,heartrate,heartrate,heartrate,heartrate,heartrate,heartrate,heartrate,heartrate,heartrate,heartrate,heartrate,heartrate",3.318043,30.282502,0.9463281875,0.83923959375,26.855667,0.0001365,450.01318359375
run1_baseline,"Single task, single decoder — heartrate regression, seq_len=512",32,27,heartrate,"heartrate,heartrate,heartrate,heartrate,heartrate,heartrate,heartrate,heartrate,heartrate,heartrate,heartrate,heartrate,heartrate,heartrate,heartrate,heartrate,heartrate,heartrate,heartrate,heartrate,heartrate,heartrate,heartrate,heartrate,heartrate,heartrate,heartrate,heartrate,heartrate,heartrate,heartrate,heartrate",3.389914,30.809658,0.9628018125,0.85342621875,27.309639,0.0001379375,450.01318359375
run1_baseline,"Single task, single decoder — heartrate regression, seq_len=512",32,28,heartrate,"heartrate,heartrate,heartrate,heartrate,heartrate,heartrate,heartrate,heartrate,heartrate,heartrate,heartrate,heartrate,heartrate,heartrate,heartrate,heartrate,heartrate,heartrate,heartrate,heartrate,heartrate,heartrate,heartrate,heartrate,heartrate,heartrate,heartrate,heartrate,heartrate,heartrate,heartrate,heartrate",3.711397,30.806739,0.96271059375,0.842707,26.966624,0.00015290625,450.01318359375
run1_baseline,"Single task, single decoder — heartrate regression, seq_len=512",32,29,heartrate,"heartrate,heartrate,heartrate,heartrate,heartrate,heartrate,heartrate,heartrate,heartrate,heartrate,heartrate,heartrate,heartrate,heartrate,heartrate,heartrate,heartrate,heartrate,heartrate,heartrate,heartrate,heartrate,heartrate,heartrate,heartrate,heartrate,heartrate,heartrate,heartrate,heartrate,heartrate,heartrate",3.755977,30.929813,0.96655665625,0.845317625,27.050164,0.00014721875,450.01318359375
run1_baseline,"Single task, single decoder — heartrate regression, seq_len=512",32,30,heartrate,"heartrate,heartrate,heartrate,heartrate,heartrate,heartrate,heartrate,heartrate,heartrate,heartrate,heartrate,heartrate,heartrate,heartrate,heartrate,heartrate,heartrate,heartrate,heartrate,heartrate,heartrate,heartrate,heartrate,heartrate,heartrate,heartrate,heartrate,heartrate,heartrate,heartrate,heartrate,heartrate",3.534595,30.501363,0.95316759375,0.839179875,26.853756,0.000139125,450.01318359375
run1_baseline,"Single task, single decoder — heartrate regression, seq_len=512",32,31,heartrate,"heartrate,heartrate,heartrate,heartrate,heartrate,heartrate,heartrate,heartrate,heartrate,heartrate,heartrate,heartrate,heartrate,heartrate,heartrate,heartrate,heartrate,heartrate,heartrate,heartrate,heartrate,heartrate,heartrate,heartrate,heartrate,heartrate,heartrate,heartrate,heartrate,heartrate,heartrate,heartrate",3.39651,30.717443,0.95992009375,0.85028696875,27.209183,0.00015221875,450.01318359375
run1_baseline,"Single task, single decoder — heartrate regression, seq_len=512",32,32,heartrate,"heartrate,heartrate,heartrate,heartrate,heartrate,heartrate,heartrate,heartrate,heartrate,heartrate,heartrate,heartrate,heartrate,heartrate,heartrate,heartrate,heartrate,heartrate,heartrate,heartrate,heartrate,heartrate,heartrate,heartrate,heartrate,heartrate,heartrate,heartrate,heartrate,heartrate,heartrate,heartrate",3.409749,30.438231,0.95119471875,0.8412144375,26.918862,0.00013525,450.01318359375
run1_baseline,"Single task, single decoder — heartrate regression, seq_len=512",32,33,heartrate,"heartrate,heartrate,heartrate,heartrate,heartrate,heartrate,heartrate,heartrate,heartrate,heartrate,heartrate,heartrate,heartrate,heartrate,heartrate,heartrate,heartrate,heartrate,heartrate,heartrate,heartrate,heartrate,heartrate,heartrate,heartrate,heartrate,heartrate,heartrate,heartrate,heartrate,heartrate,heartrate",3.321865,30.695618,0.9592380625,0.85181884375,27.258203,0.0001441875,450.01318359375
run1_baseline,"Single task, single decoder — heartrate regression, seq_len=512",32,34,heartrate,"heartrate,heartrate,heartrate,heartrate,heartrate,heartrate,heartrate,heartrate,heartrate,heartrate,heartrate,heartrate,heartrate,heartrate,heartrate,heartrate,heartrate,heartrate,heartrate,heartrate,heartrate,heartrate,heartrate,heartrate,heartrate,heartrate,heartrate,heartrate,heartrate,heartrate,heartrate,heartrate",3.426483,30.543673,0.95448978125,0.8439818125,27.007418,0.000144125,450.01318359375
run1_baseline,"Single task, single decoder — heartrate regression, seq_len=512",32,35,heartrate,"heartrate,heartrate,heartrate,heartrate,heartrate,heartrate,heartrate,heartrate,heartrate,heartrate,heartrate,heartrate,heartrate,heartrate,heartrate,heartrate,heartrate,heartrate,heartrate,heartrate,heartrate,heartrate,heartrate,heartrate,heartrate,heartrate,heartrate,heartrate,heartrate,heartrate,heartrate,heartrate",3.40382,30.40193,0.9500603125,0.83527909375,26.728931,0.0001445625,450.01318359375
run1_baseline,"Single task, single decoder — heartrate regression, seq_len=512",32,36,heartrate,"heartrate,heartrate,heartrate,heartrate,heartrate,heartrate,heartrate,heartrate,heartrate,heartrate,heartrate,heartrate,heartrate,heartrate,heartrate,heartrate,heartrate,heartrate,heartrate,heartrate,heartrate,heartrate,heartrate,heartrate,heartrate,heartrate,heartrate,heartrate,heartrate,heartrate,heartrate,heartrate",3.442187,30.80142,0.962544375,0.8514561875,27.246598,0.00014240625,450.01318359375
run1_baseline,"Single task, single decoder — heartrate regression, seq_len=512",32,37,heartrate,"heartrate,heartrate,heartrate,heartrate,heartrate,heartrate,heartrate,heartrate,heartrate,heartrate,heartrate,heartrate,heartrate,heartrate,heartrate,heartrate,heartrate,heartrate,heartrate,heartrate,heartrate,heartrate,heartrate,heartrate,heartrate,heartrate,heartrate,heartrate,heartrate,heartrate,heartrate,heartrate",3.472764,30.391699,0.94974059375,0.8377574375,26.808238,0.0001391875,450.01318359375
run1_baseline,"Single task, single decoder — heartrate regression, seq_len=512",32,38,heartrate,"heartrate,heartrate,heartrate,heartrate,heartrate,heartrate,heartrate,heartrate,heartrate,heartrate,heartrate,heartrate,heartrate,heartrate,heartrate,heartrate,heartrate,heartrate,heartrate,heartrate,heartrate,heartrate,heartrate,heartrate,heartrate,heartrate,heartrate,heartrate,heartrate,heartrate,heartrate,heartrate",3.352815,30.689878,0.9590586875,0.8509120625,27.229186,0.0001409375,450.01318359375
run1_baseline,"Single task, single decoder — heartrate regression, seq_len=512",32,39,heartrate,"heartrate,heartrate,heartrate,heartrate,heartrate,heartrate,heartrate,heartrate,heartrate,heartrate,heartrate,heartrate,heartrate,heartrate,heartrate,heartrate,heartrate,heartrate,heartrate,heartrate,heartrate,heartrate,heartrate,heartrate,heartrate,heartrate,heartrate,heartrate,heartrate,heartrate,heartrate,heartrate",3.253586,30.375693,0.94924040625,0.84425590625,27.016189,0.00013671875,450.01318359375
run1_baseline,"Single task, single decoder — heartrate regression, seq_len=512",32,40,heartrate,"heartrate,heartrate,heartrate,heartrate,heartrate,heartrate,heartrate,heartrate,heartrate,heartrate,heartrate,heartrate,heartrate,heartrate,heartrate,heartrate,heartrate,heartrate,heartrate,heartrate,heartrate,heartrate,heartrate,heartrate,heartrate,heartrate,heartrate,heartrate,heartrate,heartrate,heartrate,heartrate",3.27988,30.755043,0.96109509375,0.85521796875,27.366975,0.000139375,450.01318359375
run1_baseline,"Single task, single decoder — heartrate regression, seq_len=512",32,41,heartrate,"heartrate,heartrate,heartrate,heartrate,heartrate,heartrate,heartrate,heartrate,heartrate,heartrate,heartrate,heartrate,heartrate,heartrate,heartrate,heartrate,heartrate,heartrate,heartrate,heartrate,heartrate,heartrate,heartrate,heartrate,heartrate,heartrate,heartrate,heartrate,heartrate,heartrate,heartrate,heartrate",3.338376,30.403152,0.9500985,0.842335125,26.954724,0.00013571875,450.01318359375
run1_baseline,"Single task, single decoder — heartrate regression, seq_len=512",32,42,heartrate,"heartrate,heartrate,heartrate,heartrate,heartrate,heartrate,heartrate,heartrate,heartrate,heartrate,heartrate,heartrate,heartrate,heartrate,heartrate,heartrate,heartrate,heartrate,heartrate,heartrate,heartrate,heartrate,heartrate,heartrate,heartrate,heartrate,heartrate,heartrate,heartrate,heartrate,heartrate,heartrate",3.323688,30.747037,0.96084490625,0.85350521875,27.312167,0.00013715625,450.01318359375
run1_baseline,"Single task, single decoder — heartrate regression, seq_len=512",32,43,heartrate,"heartrate,heartrate,heartrate,heartrate,heartrate,heartrate,heartrate,heartrate,heartrate,heartrate,heartrate,heartrate,heartrate,heartrate,heartrate,heartrate,heartrate,heartrate,heartrate,heartrate,heartrate,heartrate,heartrate,heartrate,heartrate,heartrate,heartrate,heartrate,heartrate,heartrate,heartrate,heartrate",3.39944,30.35118,0.948474375,0.8388254375,26.842414,0.000144,450.01318359375
run1_baseline,"Single task, single decoder — heartrate regression, seq_len=512",32,44,heartrate,"heartrate,heartrate,heartrate,heartrate,heartrate,heartrate,heartrate,heartrate,heartrate,heartrate,heartrate,heartrate,heartrate,heartrate,heartrate,heartrate,heartrate,heartrate,heartrate,heartrate,heartrate,heartrate,heartrate,heartrate,heartrate,heartrate,heartrate,heartrate,heartrate,heartrate,heartrate,heartrate",3.296647,30.689409,0.95904403125,0.85263790625,27.284413,0.00013303125,450.01318359375
run1_baseline,"Single task, single decoder — heartrate regression, seq_len=512",32,45,heartrate,"heartrate,heartrate,heartrate,heartrate,heartrate,heartrate,heartrate,heartrate,heartrate,heartrate,heartrate,heartrate,heartrate,heartrate,heartrate,heartrate,heartrate,heartrate,heartrate,heartrate,heartrate,heartrate,heartrate,heartrate,heartrate,heartrate,heartrate,heartrate,heartrate,heartrate,heartrate,heartrate",3.279075,30.418777,0.95058678125,0.844583125,27.02666,0.0001354375,450.01318359375
run1_baseline,"Single task, single decoder — heartrate regression, seq_len=512",32,46,heartrate,"heartrate,heartrate,heartrate,heartrate,heartrate,heartrate,heartrate,heartrate,heartrate,heartrate,heartrate,heartrate,heartrate,heartrate,heartrate,heartrate,heartrate,heartrate,heartrate,heartrate,heartrate,heartrate,heartrate,heartrate,heartrate,heartrate,heartrate,heartrate,heartrate,heartrate,heartrate,heartrate",3.406025,30.514416,0.9535755,0.84376225,27.000392,0.00014540625,450.01318359375
run1_baseline,"Single task, single decoder — heartrate regression, seq_len=512",32,47,heartrate,"heartrate,heartrate,heartrate,heartrate,heartrate,heartrate,heartrate,heartrate,heartrate,heartrate,heartrate,heartrate,heartrate,heartrate,heartrate,heartrate,heartrate,heartrate,heartrate,heartrate,heartrate,heartrate,heartrate,heartrate,heartrate,heartrate,heartrate,heartrate,heartrate,heartrate,heartrate,heartrate",3.442792,30.8387,0.963709375,0.85263390625,27.284285,0.000135375,450.01318359375
run1_baseline,"Single task, single decoder — heartrate regression, seq_len=512",32,48,heartrate,"heartrate,heartrate,heartrate,heartrate,heartrate,heartrate,heartrate,heartrate,heartrate,heartrate,heartrate,heartrate,heartrate,heartrate,heartrate,heartrate,heartrate,heartrate,heartrate,heartrate,heartrate,heartrate,heartrate,heartrate,heartrate,heartrate,heartrate,heartrate,heartrate,heartrate,heartrate,heartrate",3.448065,30.53101,0.9540940625,0.8427815,26.969008,0.00014240625,450.01318359375
run1_baseline,"Single task, single decoder — heartrate regression, seq_len=512",32,49,heartrate,"heartrate,heartrate,heartrate,heartrate,heartrate,heartrate,heartrate,heartrate,heartrate,heartrate,heartrate,heartrate,heartrate,heartrate,heartrate,heartrate,heartrate,heartrate,heartrate,heartrate,heartrate,heartrate,heartrate,heartrate,heartrate,heartrate,heartrate,heartrate,heartrate,heartrate,heartrate,heartrate",3.539945,30.929362,0.9665425625,0.85227184375,27.272699,0.00014678125,450.01318359375
run2_same_dec_same_len,"Two regression tasks, same decoder arch, same seq_len (heartrate + sysbp interleaved, both MLP 768→1)",1,0,heartrate→sysbp,heartrate,3.135747,3.353273,3.353273,0.137224,0.137224,0.000829,444.20068359375
run2_same_dec_same_len,"Two regression tasks, same decoder arch, same seq_len (heartrate + sysbp interleaved, both MLP 768→1)",1,1,heartrate→sysbp,heartrate,3.19554,3.424196,3.424196,0.143685,0.143685,0.000827,444.20068359375
run2_same_dec_same_len,"Two regression tasks, same decoder arch, same seq_len (heartrate + sysbp interleaved, both MLP 768→1)",1,2,heartrate→sysbp,heartrate,3.149194,3.372363,3.372363,0.139676,0.139676,0.00077,444.20068359375
run2_same_dec_same_len,"Two regression tasks, same decoder arch, same seq_len (heartrate + sysbp interleaved, both MLP 768→1)",1,3,heartrate→sysbp,heartrate,3.168304,3.395298,3.395298,0.141553,0.141553,0.000729,444.20068359375
run2_same_dec_same_len,"Two regression tasks, same decoder arch, same seq_len (heartrate + sysbp interleaved, both MLP 768→1)",1,4,heartrate→sysbp,heartrate,3.178932,3.401102,3.401102,0.139036,0.139036,0.000878,444.20068359375
run2_same_dec_same_len,"Two regression tasks, same decoder arch, same seq_len (heartrate + sysbp interleaved, both MLP 768→1)",1,5,heartrate→sysbp,heartrate,3.156745,3.385434,3.385434,0.144232,0.144232,0.000786,444.20068359375
run2_same_dec_same_len,"Two regression tasks, same decoder arch, same seq_len (heartrate + sysbp interleaved, both MLP 768→1)",1,6,heartrate→sysbp,heartrate,3.124466,3.356588,3.356588,0.14527,0.14527,0.000861,444.20068359375
run2_same_dec_same_len,"Two regression tasks, same decoder arch, same seq_len (heartrate + sysbp interleaved, both MLP 768→1)",1,7,heartrate→sysbp,heartrate,3.141072,3.557144,3.557144,0.148319,0.148319,0.000912,444.20068359375
run2_same_dec_same_len,"Two regression tasks, same decoder arch, same seq_len (heartrate + sysbp interleaved, both MLP 768→1)",1,8,heartrate→sysbp,heartrate,3.133666,3.353741,3.353741,0.138861,0.138861,0.000743,444.20068359375
run2_same_dec_same_len,"Two regression tasks, same decoder arch, same seq_len (heartrate + sysbp interleaved, both MLP 768→1)",1,9,heartrate→sysbp,heartrate,3.136353,3.355515,3.355515,0.139719,0.139719,0.000781,444.20068359375
run2_same_dec_same_len,"Two regression tasks, same decoder arch, same seq_len (heartrate + sysbp interleaved, both MLP 768→1)",1,10,heartrate→sysbp,heartrate,3.122566,3.340184,3.340184,0.137683,0.137683,0.000807,444.20068359375
run2_same_dec_same_len,"Two regression tasks, same decoder arch, same seq_len (heartrate + sysbp interleaved, both MLP 768→1)",1,11,heartrate→sysbp,heartrate,3.131698,3.360046,3.360046,0.146653,0.146653,0.000799,444.20068359375
run2_same_dec_same_len,"Two regression tasks, same decoder arch, same seq_len (heartrate + sysbp interleaved, both MLP 768→1)",1,12,heartrate→sysbp,heartrate,3.150703,3.374711,3.374711,0.141423,0.141423,0.000853,444.20068359375
run2_same_dec_same_len,"Two regression tasks, same decoder arch, same seq_len (heartrate + sysbp interleaved, both MLP 768→1)",1,13,heartrate→sysbp,heartrate,3.106774,3.325951,3.325951,0.138695,0.138695,0.000672,444.20068359375
run2_same_dec_same_len,"Two regression tasks, same decoder arch, same seq_len (heartrate + sysbp interleaved, both MLP 768→1)",1,14,heartrate→sysbp,heartrate,3.082209,3.301654,3.301654,0.138979,0.138979,0.000739,444.20068359375
run2_same_dec_same_len,"Two regression tasks, same decoder arch, same seq_len (heartrate + sysbp interleaved, both MLP 768→1)",1,15,heartrate→sysbp,heartrate,3.092132,3.320973,3.320973,0.144594,0.144594,0.000843,444.20068359375
run2_same_dec_same_len,"Two regression tasks, same decoder arch, same seq_len (heartrate + sysbp interleaved, both MLP 768→1)",1,16,heartrate→sysbp,heartrate,3.121621,3.351604,3.351604,0.145327,0.145327,0.000907,444.20068359375
run2_same_dec_same_len,"Two regression tasks, same decoder arch, same seq_len (heartrate + sysbp interleaved, both MLP 768→1)",1,17,heartrate→sysbp,heartrate,3.130024,3.517213,3.517213,0.300618,0.300618,0.000781,444.20068359375
run2_same_dec_same_len,"Two regression tasks, same decoder arch, same seq_len (heartrate + sysbp interleaved, both MLP 768→1)",1,18,heartrate→sysbp,heartrate,3.113175,3.334403,3.334403,0.141064,0.141064,0.000859,444.20068359375
run2_same_dec_same_len,"Two regression tasks, same decoder arch, same seq_len (heartrate + sysbp interleaved, both MLP 768→1)",1,19,heartrate→sysbp,heartrate,3.120983,3.338334,3.338334,0.138,0.138,0.000811,444.20068359375
run2_same_dec_same_len,"Two regression tasks, same decoder arch, same seq_len (heartrate + sysbp interleaved, both MLP 768→1)",1,20,heartrate→sysbp,heartrate,3.122838,3.340733,3.340733,0.138536,0.138536,0.000868,444.20068359375
run2_same_dec_same_len,"Two regression tasks, same decoder arch, same seq_len (heartrate + sysbp interleaved, both MLP 768→1)",1,21,heartrate→sysbp,heartrate,3.130198,3.354108,3.354108,0.142569,0.142569,0.000796,444.20068359375
run2_same_dec_same_len,"Two regression tasks, same decoder arch, same seq_len (heartrate + sysbp interleaved, both MLP 768→1)",1,22,heartrate→sysbp,heartrate,3.131821,3.361152,3.361152,0.143665,0.143665,0.000816,444.20068359375
run2_same_dec_same_len,"Two regression tasks, same decoder arch, same seq_len (heartrate + sysbp interleaved, both MLP 768→1)",1,23,heartrate→sysbp,heartrate,3.128286,3.36812,3.36812,0.149157,0.149157,0.000856,444.20068359375
run2_same_dec_same_len,"Two regression tasks, same decoder arch, same seq_len (heartrate + sysbp interleaved, both MLP 768→1)",1,24,heartrate→sysbp,heartrate,3.153325,3.393407,3.393407,0.148147,0.148147,0.000854,444.20068359375
run2_same_dec_same_len,"Two regression tasks, same decoder arch, same seq_len (heartrate + sysbp interleaved, both MLP 768→1)",1,25,heartrate→sysbp,heartrate,3.191905,3.446537,3.446537,0.160349,0.160349,0.000912,444.20068359375
run2_same_dec_same_len,"Two regression tasks, same decoder arch, same seq_len (heartrate + sysbp interleaved, both MLP 768→1)",1,26,heartrate→sysbp,heartrate,3.365699,3.620099,3.620099,0.153971,0.153971,0.000928,444.20068359375
run2_same_dec_same_len,"Two regression tasks, same decoder arch, same seq_len (heartrate + sysbp interleaved, both MLP 768→1)",1,27,heartrate→sysbp,heartrate,3.247223,3.531266,3.531266,0.154701,0.154701,0.001064,444.20068359375
run2_same_dec_same_len,"Two regression tasks, same decoder arch, same seq_len (heartrate + sysbp interleaved, both MLP 768→1)",1,28,heartrate→sysbp,heartrate,3.21615,3.699112,3.699112,0.159958,0.159958,0.00109,444.20068359375
run2_same_dec_same_len,"Two regression tasks, same decoder arch, same seq_len (heartrate + sysbp interleaved, both MLP 768→1)",1,29,heartrate→sysbp,heartrate,3.181177,3.418768,3.418768,0.147257,0.147257,0.000786,444.20068359375
run2_same_dec_same_len,"Two regression tasks, same decoder arch, same seq_len (heartrate + sysbp interleaved, both MLP 768→1)",1,30,heartrate→sysbp,heartrate,3.149954,3.385554,3.385554,0.143821,0.143821,0.000894,444.20068359375
run2_same_dec_same_len,"Two regression tasks, same decoder arch, same seq_len (heartrate + sysbp interleaved, both MLP 768→1)",1,31,heartrate→sysbp,heartrate,3.126685,3.353641,3.353641,0.141672,0.141672,0.000878,444.20068359375
run2_same_dec_same_len,"Two regression tasks, same decoder arch, same seq_len (heartrate + sysbp interleaved, both MLP 768→1)",1,32,heartrate→sysbp,heartrate,3.125764,3.363272,3.363272,0.149661,0.149661,0.000924,444.20068359375
run2_same_dec_same_len,"Two regression tasks, same decoder arch, same seq_len (heartrate + sysbp interleaved, both MLP 768→1)",1,33,heartrate→sysbp,heartrate,3.130215,3.36115,3.36115,0.144774,0.144774,0.000828,444.20068359375
run2_same_dec_same_len,"Two regression tasks, same decoder arch, same seq_len (heartrate + sysbp interleaved, both MLP 768→1)",1,34,heartrate→sysbp,heartrate,3.133294,3.364914,3.364914,0.145143,0.145143,0.000837,444.20068359375
run2_same_dec_same_len,"Two regression tasks, same decoder arch, same seq_len (heartrate + sysbp interleaved, both MLP 768→1)",1,35,heartrate→sysbp,heartrate,3.137738,3.369375,3.369375,0.143365,0.143365,0.000789,444.20068359375
run2_same_dec_same_len,"Two regression tasks, same decoder arch, same seq_len (heartrate + sysbp interleaved, both MLP 768→1)",1,36,heartrate→sysbp,heartrate,3.132734,3.366102,3.366102,0.144584,0.144584,0.00089,444.20068359375
run2_same_dec_same_len,"Two regression tasks, same decoder arch, same seq_len (heartrate + sysbp interleaved, both MLP 768→1)",1,37,heartrate→sysbp,heartrate,3.141143,3.371356,3.371356,0.140446,0.140446,0.000835,444.20068359375
run2_same_dec_same_len,"Two regression tasks, same decoder arch, same seq_len (heartrate + sysbp interleaved, both MLP 768→1)",1,38,heartrate→sysbp,heartrate,3.130163,3.517199,3.517199,0.298822,0.298822,0.000827,444.20068359375
run2_same_dec_same_len,"Two regression tasks, same decoder arch, same seq_len (heartrate + sysbp interleaved, both MLP 768→1)",1,39,heartrate→sysbp,heartrate,3.135753,3.356284,3.356284,0.135101,0.135101,0.00079,444.20068359375
run2_same_dec_same_len,"Two regression tasks, same decoder arch, same seq_len (heartrate + sysbp interleaved, both MLP 768→1)",1,40,heartrate→sysbp,heartrate,3.070207,3.290449,3.290449,0.137649,0.137649,0.000762,444.20068359375
run2_same_dec_same_len,"Two regression tasks, same decoder arch, same seq_len (heartrate + sysbp interleaved, both MLP 768→1)",1,41,heartrate→sysbp,heartrate,3.109977,3.351043,3.351043,0.159191,0.159191,0.000777,444.20068359375
run2_same_dec_same_len,"Two regression tasks, same decoder arch, same seq_len (heartrate + sysbp interleaved, both MLP 768→1)",1,42,heartrate→sysbp,heartrate,3.118467,3.333837,3.333837,0.135609,0.135609,0.000892,444.20068359375
run2_same_dec_same_len,"Two regression tasks, same decoder arch, same seq_len (heartrate + sysbp interleaved, both MLP 768→1)",1,43,heartrate→sysbp,heartrate,3.102742,3.317243,3.317243,0.133847,0.133847,0.000808,444.20068359375
run2_same_dec_same_len,"Two regression tasks, same decoder arch, same seq_len (heartrate + sysbp interleaved, both MLP 768→1)",1,44,heartrate→sysbp,heartrate,3.085932,3.304934,3.304934,0.139202,0.139202,0.000844,444.20068359375
run2_same_dec_same_len,"Two regression tasks, same decoder arch, same seq_len (heartrate + sysbp interleaved, both MLP 768→1)",1,45,heartrate→sysbp,heartrate,3.086729,3.304857,3.304857,0.137464,0.137464,0.000877,444.20068359375
run2_same_dec_same_len,"Two regression tasks, same decoder arch, same seq_len (heartrate + sysbp interleaved, both MLP 768→1)",1,46,heartrate→sysbp,heartrate,3.091035,3.303024,3.303024,0.133195,0.133195,0.000824,444.20068359375
run2_same_dec_same_len,"Two regression tasks, same decoder arch, same seq_len (heartrate + sysbp interleaved, both MLP 768→1)",1,47,heartrate→sysbp,heartrate,3.087988,3.310895,3.310895,0.140386,0.140386,0.000824,444.20068359375
run2_same_dec_same_len,"Two regression tasks, same decoder arch, same seq_len (heartrate + sysbp interleaved, both MLP 768→1)",1,48,heartrate→sysbp,heartrate,3.081941,3.315594,3.315594,0.141961,0.141961,0.000841,444.20068359375
run2_same_dec_same_len,"Two regression tasks, same decoder arch, same seq_len (heartrate + sysbp interleaved, both MLP 768→1)",1,49,heartrate→sysbp,heartrate,3.128757,3.54206,3.54206,0.328878,0.328878,0.000936,444.20068359375
run2_same_dec_same_len,"Two regression tasks, same decoder arch, same seq_len (heartrate + sysbp interleaved, both MLP 768→1)",2,0,heartrate→sysbp,"heartrate,sysbp",3.169123,4.003604,2.001802,0.3773285,0.754657,0.000677,444.38818359375
run2_same_dec_same_len,"Two regression tasks, same decoder arch, same seq_len (heartrate + sysbp interleaved, both MLP 768→1)",2,1,heartrate→sysbp,"heartrate,sysbp",3.171981,4.008436,2.004218,0.377103,0.754206,0.0007515,444.38818359375
run2_same_dec_same_len,"Two regression tasks, same decoder arch, same seq_len (heartrate + sysbp interleaved, both MLP 768→1)",2,2,heartrate→sysbp,"heartrate,sysbp",3.18503,4.022955,2.0114775,0.378781,0.757562,0.0006785,444.38818359375
run2_same_dec_same_len,"Two regression tasks, same decoder arch, same seq_len (heartrate + sysbp interleaved, both MLP 768→1)",2,3,heartrate→sysbp,"heartrate,sysbp",3.170321,4.177604,2.088802,0.4622695,0.924539,0.0007065,444.38818359375
run2_same_dec_same_len,"Two regression tasks, same decoder arch, same seq_len (heartrate + sysbp interleaved, both MLP 768→1)",2,4,heartrate→sysbp,"heartrate,sysbp",3.184577,4.03373,2.016865,0.3844545,0.768909,0.000662,444.38818359375
run2_same_dec_same_len,"Two regression tasks, same decoder arch, same seq_len (heartrate + sysbp interleaved, both MLP 768→1)",2,5,heartrate→sysbp,"heartrate,sysbp",3.245087,4.01599,2.007995,0.329532,0.659064,0.00068,444.38818359375
run2_same_dec_same_len,"Two regression tasks, same decoder arch, same seq_len (heartrate + sysbp interleaved, both MLP 768→1)",2,6,heartrate→sysbp,"heartrate,sysbp",3.279629,4.04659,2.023295,0.3430185,0.686037,0.0006775,444.38818359375
run2_same_dec_same_len,"Two regression tasks, same decoder arch, same seq_len (heartrate + sysbp interleaved, both MLP 768→1)",2,7,heartrate→sysbp,"heartrate,sysbp",3.215311,4.017798,2.008899,0.36078,0.72156,0.000698,444.38818359375
run2_same_dec_same_len,"Two regression tasks, same decoder arch, same seq_len (heartrate + sysbp interleaved, both MLP 768→1)",2,8,heartrate→sysbp,"heartrate,sysbp",3.171796,4.014392,2.007196,0.381331,0.762662,0.000726,444.38818359375
run2_same_dec_same_len,"Two regression tasks, same decoder arch, same seq_len (heartrate + sysbp interleaved, both MLP 768→1)",2,9,heartrate→sysbp,"heartrate,sysbp",3.189673,4.016751,2.0083755,0.3723805,0.744761,0.000689,444.38818359375
run2_same_dec_same_len,"Two regression tasks, same decoder arch, same seq_len (heartrate + sysbp interleaved, both MLP 768→1)",2,10,heartrate→sysbp,"heartrate,sysbp",3.195253,4.180074,2.090037,0.4514955,0.902991,0.000728,444.38818359375
run2_same_dec_same_len,"Two regression tasks, same decoder arch, same seq_len (heartrate + sysbp interleaved, both MLP 768→1)",2,11,heartrate→sysbp,"heartrate,sysbp",3.192733,4.030175,2.0150875,0.37875,0.7575,0.000703,444.38818359375
run2_same_dec_same_len,"Two regression tasks, same decoder arch, same seq_len (heartrate + sysbp interleaved, both MLP 768→1)",2,12,heartrate→sysbp,"heartrate,sysbp",3.181884,4.01767,2.008835,0.3773175,0.754635,0.000636,444.38818359375
run2_same_dec_same_len,"Two regression tasks, same decoder arch, same seq_len (heartrate + sysbp interleaved, both MLP 768→1)",2,13,heartrate→sysbp,"heartrate,sysbp",3.184654,4.022057,2.0110285,0.377523,0.755046,0.0007615,444.38818359375
run2_same_dec_same_len,"Two regression tasks, same decoder arch, same seq_len (heartrate + sysbp interleaved, both MLP 768→1)",2,14,heartrate→sysbp,"heartrate,sysbp",3.187966,4.028072,2.014036,0.3780145,0.756029,0.0006375,444.38818359375
run2_same_dec_same_len,"Two regression tasks, same decoder arch, same seq_len (heartrate + sysbp interleaved, both MLP 768→1)",2,15,heartrate→sysbp,"heartrate,sysbp",3.188055,4.023376,2.011688,0.3765855,0.753171,0.0006755,444.38818359375
run2_same_dec_same_len,"Two regression tasks, same decoder arch, same seq_len (heartrate + sysbp interleaved, both MLP 768→1)",2,16,heartrate→sysbp,"heartrate,sysbp",3.182095,4.019544,2.009772,0.3779325,0.755865,0.0006745,444.38818359375
run2_same_dec_same_len,"Two regression tasks, same decoder arch, same seq_len (heartrate + sysbp interleaved, both MLP 768→1)",2,17,heartrate→sysbp,"heartrate,sysbp",3.189568,4.231315,2.1156575,0.4780315,0.956063,0.0008475,444.38818359375
run2_same_dec_same_len,"Two regression tasks, same decoder arch, same seq_len (heartrate + sysbp interleaved, both MLP 768→1)",2,18,heartrate→sysbp,"heartrate,sysbp",3.17995,4.030862,2.015431,0.3846195,0.769239,0.0007325,444.38818359375
run2_same_dec_same_len,"Two regression tasks, same decoder arch, same seq_len (heartrate + sysbp interleaved, both MLP 768→1)",2,19,heartrate→sysbp,"heartrate,sysbp",3.202012,4.023394,2.011697,0.3699695,0.739939,0.000723,444.38818359375
run2_same_dec_same_len,"Two regression tasks, same decoder arch, same seq_len (heartrate + sysbp interleaved, both MLP 768→1)",2,20,heartrate→sysbp,"heartrate,sysbp",3.193484,4.026659,2.0133295,0.3766105,0.753221,0.0007065,444.38818359375
run2_same_dec_same_len,"Two regression tasks, same decoder arch, same seq_len (heartrate + sysbp interleaved, both MLP 768→1)",2,21,heartrate→sysbp,"heartrate,sysbp",3.192549,4.029237,2.0146185,0.377197,0.754394,0.0007125,444.38818359375
run2_same_dec_same_len,"Two regression tasks, same decoder arch, same seq_len (heartrate + sysbp interleaved, both MLP 768→1)",2,22,heartrate→sysbp,"heartrate,sysbp",3.304721,4.107821,2.0539105,0.360304,0.720608,0.000631,444.38818359375
run2_same_dec_same_len,"Two regression tasks, same decoder arch, same seq_len (heartrate + sysbp interleaved, both MLP 768→1)",2,23,heartrate→sysbp,"heartrate,sysbp",3.217523,4.023797,2.0118985,0.3599325,0.719865,0.0006885,444.38818359375
run2_same_dec_same_len,"Two regression tasks, same decoder arch, same seq_len (heartrate + sysbp interleaved, both MLP 768→1)",2,24,heartrate→sysbp,"heartrate,sysbp",3.211093,4.041993,2.0209965,0.3717935,0.743587,0.0007315,444.38818359375
run2_same_dec_same_len,"Two regression tasks, same decoder arch, same seq_len (heartrate + sysbp interleaved, both MLP 768→1)",2,25,heartrate→sysbp,"heartrate,sysbp",3.388366,4.201418,2.100709,0.3666105,0.733221,0.0007135,444.38818359375
run2_same_dec_same_len,"Two regression tasks, same decoder arch, same seq_len (heartrate + sysbp interleaved, both MLP 768→1)",2,26,heartrate→sysbp,"heartrate,sysbp",3.191396,4.027706,2.013853,0.3783925,0.756785,0.000695,444.38818359375
run2_same_dec_same_len,"Two regression tasks, same decoder arch, same seq_len (heartrate + sysbp interleaved, both MLP 768→1)",2,27,heartrate→sysbp,"heartrate,sysbp",3.198487,4.026657,2.0133285,0.3743455,0.748691,0.0007025,444.38818359375
run2_same_dec_same_len,"Two regression tasks, same decoder arch, same seq_len (heartrate + sysbp interleaved, both MLP 768→1)",2,28,heartrate→sysbp,"heartrate,sysbp",3.179148,4.031619,2.0158095,0.38684,0.77368,0.000704,444.38818359375
run2_same_dec_same_len,"Two regression tasks, same decoder arch, same seq_len (heartrate + sysbp interleaved, both MLP 768→1)",2,29,heartrate→sysbp,"heartrate,sysbp",3.199687,4.020197,2.0100985,0.367351,0.734702,0.0006725,444.38818359375
run2_same_dec_same_len,"Two regression tasks, same decoder arch, same seq_len (heartrate + sysbp interleaved, both MLP 768→1)",2,30,heartrate→sysbp,"heartrate,sysbp",3.202189,4.021691,2.0108455,0.3683385,0.736677,0.000706,444.38818359375
run2_same_dec_same_len,"Two regression tasks, same decoder arch, same seq_len (heartrate + sysbp interleaved, both MLP 768→1)",2,31,heartrate→sysbp,"heartrate,sysbp",3.190499,4.026257,2.0131285,0.377148,0.754296,0.000671,444.38818359375
run2_same_dec_same_len,"Two regression tasks, same decoder arch, same seq_len (heartrate + sysbp interleaved, both MLP 768→1)",2,32,heartrate→sysbp,"heartrate,sysbp",3.373017,4.196257,2.0981285,0.3716285,0.743257,0.0007335,444.38818359375
run2_same_dec_same_len,"Two regression tasks, same decoder arch, same seq_len (heartrate + sysbp interleaved, both MLP 768→1)",2,33,heartrate→sysbp,"heartrate,sysbp",3.151119,4.004206,2.002103,0.3871955,0.774391,0.000675,444.38818359375
run2_same_dec_same_len,"Two regression tasks, same decoder arch, same seq_len (heartrate + sysbp interleaved, both MLP 768→1)",2,34,heartrate→sysbp,"heartrate,sysbp",3.152915,4.006378,2.003189,0.387539,0.775078,0.0006945,444.38818359375
run2_same_dec_same_len,"Two regression tasks, same decoder arch, same seq_len (heartrate + sysbp interleaved, both MLP 768→1)",2,35,heartrate→sysbp,"heartrate,sysbp",3.137831,4.008261,2.0041305,0.395673,0.791346,0.000702,444.38818359375
run2_same_dec_same_len,"Two regression tasks, same decoder arch, same seq_len (heartrate + sysbp interleaved, both MLP 768→1)",2,36,heartrate→sysbp,"heartrate,sysbp",3.14597,4.012354,2.006177,0.3936235,0.787247,0.000739,444.38818359375
run2_same_dec_same_len,"Two regression tasks, same decoder arch, same seq_len (heartrate + sysbp interleaved, both MLP 768→1)",2,37,heartrate→sysbp,"heartrate,sysbp",3.217588,4.038333,2.0191665,0.3708735,0.741747,0.000672,444.38818359375
run2_same_dec_same_len,"Two regression tasks, same decoder arch, same seq_len (heartrate + sysbp interleaved, both MLP 768→1)",2,38,heartrate→sysbp,"heartrate,sysbp",3.229367,4.048734,2.024367,0.366924,0.733848,0.0006365,444.38818359375
run2_same_dec_same_len,"Two regression tasks, same decoder arch, same seq_len (heartrate + sysbp interleaved, both MLP 768→1)",2,39,heartrate→sysbp,"heartrate,sysbp",3.313981,4.173831,2.0869155,0.3888915,0.777783,0.000661,444.38818359375
run2_same_dec_same_len,"Two regression tasks, same decoder arch, same seq_len (heartrate + sysbp interleaved, both MLP 768→1)",2,40,heartrate→sysbp,"heartrate,sysbp",3.138095,4.008894,2.004447,0.3969115,0.793823,0.0006975,444.38818359375
run2_same_dec_same_len,"Two regression tasks, same decoder arch, same seq_len (heartrate + sysbp interleaved, both MLP 768→1)",2,41,heartrate→sysbp,"heartrate,sysbp",3.15757,4.009641,2.0048205,0.387209,0.774418,0.0006485,444.38818359375
run2_same_dec_same_len,"Two regression tasks, same decoder arch, same seq_len (heartrate + sysbp interleaved, both MLP 768→1)",2,42,heartrate→sysbp,"heartrate,sysbp",3.131222,4.005477,2.0027385,0.3978765,0.795753,0.000677,444.38818359375
run2_same_dec_same_len,"Two regression tasks, same decoder arch, same seq_len (heartrate + sysbp interleaved, both MLP 768→1)",2,43,heartrate→sysbp,"heartrate,sysbp",3.127728,4.000725,2.0003625,0.3971405,0.794281,0.0006385,444.38818359375
run2_same_dec_same_len,"Two regression tasks, same decoder arch, same seq_len (heartrate + sysbp interleaved, both MLP 768→1)",2,44,heartrate→sysbp,"heartrate,sysbp",3.13661,4.00631,2.003155,0.395593,0.791186,0.0007615,444.38818359375
run2_same_dec_same_len,"Two regression tasks, same decoder arch, same seq_len (heartrate + sysbp interleaved, both MLP 768→1)",2,45,heartrate→sysbp,"heartrate,sysbp",3.22626,4.056316,2.028158,0.374324,0.748648,0.0007305,444.38818359375
run2_same_dec_same_len,"Two regression tasks, same decoder arch, same seq_len (heartrate + sysbp interleaved, both MLP 768→1)",2,46,heartrate→sysbp,"heartrate,sysbp",3.394037,4.204909,2.1024545,0.3527445,0.705489,0.0006945,444.38818359375
run2_same_dec_same_len,"Two regression tasks, same decoder arch, same seq_len (heartrate + sysbp interleaved, both MLP 768→1)",2,47,heartrate→sysbp,"heartrate,sysbp",3.284627,4.053268,2.026634,0.34378,0.68756,0.0006525,444.38818359375
run2_same_dec_same_len,"Two regression tasks, same decoder arch, same seq_len (heartrate + sysbp interleaved, both MLP 768→1)",2,48,heartrate→sysbp,"heartrate,sysbp",3.212267,4.035569,2.0177845,0.37093,0.74186,0.0007155,444.38818359375
run2_same_dec_same_len,"Two regression tasks, same decoder arch, same seq_len (heartrate + sysbp interleaved, both MLP 768→1)",2,49,heartrate→sysbp,"heartrate,sysbp",3.276011,4.074569,2.0372845,0.355273,0.710546,0.000764,444.38818359375
run2_same_dec_same_len,"Two regression tasks, same decoder arch, same seq_len (heartrate + sysbp interleaved, both MLP 768→1)",4,0,heartrate→sysbp,"heartrate,sysbp,heartrate,sysbp",3.221563,5.676533,1.41913325,0.59197075,2.367883,0.00063175,444.76318359375
run2_same_dec_same_len,"Two regression tasks, same decoder arch, same seq_len (heartrate + sysbp interleaved, both MLP 768→1)",4,1,heartrate→sysbp,"heartrate,sysbp,heartrate,sysbp",3.217255,5.668874,1.4172185,0.591521,2.366084,0.0006395,444.76318359375
run2_same_dec_same_len,"Two regression tasks, same decoder arch, same seq_len (heartrate + sysbp interleaved, both MLP 768→1)",4,2,heartrate→sysbp,"heartrate,sysbp,heartrate,sysbp",3.223102,5.672307,1.41807675,0.591553,2.366212,0.00055725,444.76318359375
run2_same_dec_same_len,"Two regression tasks, same decoder arch, same seq_len (heartrate + sysbp interleaved, both MLP 768→1)",4,3,heartrate→sysbp,"heartrate,sysbp,heartrate,sysbp",3.223629,5.681948,1.420487,0.59368175,2.374727,0.00055,444.76318359375
run2_same_dec_same_len,"Two regression tasks, same decoder arch, same seq_len (heartrate + sysbp interleaved, both MLP 768→1)",4,4,heartrate→sysbp,"heartrate,sysbp,heartrate,sysbp",3.238769,5.857421,1.46435525,0.632984,2.531936,0.000586,444.76318359375
run2_same_dec_same_len,"Two regression tasks, same decoder arch, same seq_len (heartrate + sysbp interleaved, both MLP 768→1)",4,5,heartrate→sysbp,"heartrate,sysbp,heartrate,sysbp",3.217912,5.678836,1.419709,0.59468675,2.378747,0.00059375,444.76318359375
run2_same_dec_same_len,"Two regression tasks, same decoder arch, same seq_len (heartrate + sysbp interleaved, both MLP 768→1)",4,6,heartrate→sysbp,"heartrate,sysbp,heartrate,sysbp",3.273736,5.677329,1.41933225,0.579141,2.316564,0.0006235,444.76318359375
run2_same_dec_same_len,"Two regression tasks, same decoder arch, same seq_len (heartrate + sysbp interleaved, both MLP 768→1)",4,7,heartrate→sysbp,"heartrate,sysbp,heartrate,sysbp",3.226729,5.68175,1.4204375,0.592724,2.370896,0.00058775,444.76318359375
run2_same_dec_same_len,"Two regression tasks, same decoder arch, same seq_len (heartrate + sysbp interleaved, both MLP 768→1)",4,8,heartrate→sysbp,"heartrate,sysbp,heartrate,sysbp",3.213328,5.816058,1.4540145,0.62976575,2.519063,0.000566,444.76318359375
run2_same_dec_same_len,"Two regression tasks, same decoder arch, same seq_len (heartrate + sysbp interleaved, both MLP 768→1)",4,9,heartrate→sysbp,"heartrate,sysbp,heartrate,sysbp",3.210736,5.72191,1.4304775,0.60643625,2.425745,0.0005925,444.76318359375
run2_same_dec_same_len,"Two regression tasks, same decoder arch, same seq_len (heartrate + sysbp interleaved, both MLP 768→1)",4,10,heartrate→sysbp,"heartrate,sysbp,heartrate,sysbp",3.302881,5.675132,1.418783,0.5727075,2.29083,0.00052925,444.76318359375
run2_same_dec_same_len,"Two regression tasks, same decoder arch, same seq_len (heartrate + sysbp interleaved, both MLP 768→1)",4,11,heartrate→sysbp,"heartrate,sysbp,heartrate,sysbp",3.169459,5.64876,1.41219,0.599432,2.397728,0.00055825,444.76318359375
run2_same_dec_same_len,"Two regression tasks, same decoder arch, same seq_len (heartrate + sysbp interleaved, both MLP 768→1)",4,12,heartrate→sysbp,"heartrate,sysbp,heartrate,sysbp",3.179783,5.664411,1.41610275,0.60057375,2.402295,0.00055525,444.76318359375
run2_same_dec_same_len,"Two regression tasks, same decoder arch, same seq_len (heartrate + sysbp interleaved, both MLP 768→1)",4,13,heartrate→sysbp,"heartrate,sysbp,heartrate,sysbp",3.179272,5.647604,1.411901,0.55750275,2.230011,0.00058275,444.76318359375
run2_same_dec_same_len,"Two regression tasks, same decoder arch, same seq_len (heartrate + sysbp interleaved, both MLP 768→1)",4,14,heartrate→sysbp,"heartrate,sysbp,heartrate,sysbp",3.181861,5.676778,1.4191945,0.60374625,2.414985,0.00056075,444.76318359375
run2_same_dec_same_len,"Two regression tasks, same decoder arch, same seq_len (heartrate + sysbp interleaved, both MLP 768→1)",4,15,heartrate→sysbp,"heartrate,sysbp,heartrate,sysbp",3.192307,5.649387,1.41234675,0.5940275,2.37611,0.00055925,444.76318359375
run2_same_dec_same_len,"Two regression tasks, same decoder arch, same seq_len (heartrate + sysbp interleaved, both MLP 768→1)",4,16,heartrate→sysbp,"heartrate,sysbp,heartrate,sysbp",3.230643,5.671485,1.41787125,0.589146,2.356584,0.00052925,444.76318359375
run2_same_dec_same_len,"Two regression tasks, same decoder arch, same seq_len (heartrate + sysbp interleaved, both MLP 768→1)",4,17,heartrate→sysbp,"heartrate,sysbp,heartrate,sysbp",3.197152,5.840137,1.46003425,0.637593,2.550372,0.00061,444.76318359375
run2_same_dec_same_len,"Two regression tasks, same decoder arch, same seq_len (heartrate + sysbp interleaved, both MLP 768→1)",4,18,heartrate→sysbp,"heartrate,sysbp,heartrate,sysbp",3.228434,5.702748,1.425687,0.59629925,2.385197,0.00057675,444.76318359375
run2_same_dec_same_len,"Two regression tasks, same decoder arch, same seq_len (heartrate + sysbp interleaved, both MLP 768→1)",4,19,heartrate→sysbp,"heartrate,sysbp,heartrate,sysbp",3.291086,5.697409,1.42435225,0.5794675,2.31787,0.000524,444.76318359375
run2_same_dec_same_len,"Two regression tasks, same decoder arch, same seq_len (heartrate + sysbp interleaved, both MLP 768→1)",4,20,heartrate→sysbp,"heartrate,sysbp,heartrate,sysbp",3.239254,5.696807,1.42420175,0.5923895,2.369558,0.00053825,444.76318359375
run2_same_dec_same_len,"Two regression tasks, same decoder arch, same seq_len (heartrate + sysbp interleaved, both MLP 768→1)",4,21,heartrate→sysbp,"heartrate,sysbp,heartrate,sysbp",3.231032,5.908579,1.47714475,0.6474495,2.589798,0.0006185,444.76318359375
run2_same_dec_same_len,"Two regression tasks, same decoder arch, same seq_len (heartrate + sysbp interleaved, both MLP 768→1)",4,22,heartrate→sysbp,"heartrate,sysbp,heartrate,sysbp",3.18401,5.666429,1.41660725,0.59991025,2.399641,0.00054725,444.76318359375
run2_same_dec_same_len,"Two regression tasks, same decoder arch, same seq_len (heartrate + sysbp interleaved, both MLP 768→1)",4,23,heartrate→sysbp,"heartrate,sysbp,heartrate,sysbp",3.155034,5.645766,1.4114415,0.602064,2.408256,0.00056725,444.76318359375
run2_same_dec_same_len,"Two regression tasks, same decoder arch, same seq_len (heartrate + sysbp interleaved, both MLP 768→1)",4,24,heartrate→sysbp,"heartrate,sysbp,heartrate,sysbp",3.16196,5.647638,1.4119095,0.59965975,2.398639,0.000571,444.76318359375
run2_same_dec_same_len,"Two regression tasks, same decoder arch, same seq_len (heartrate + sysbp interleaved, both MLP 768→1)",4,25,heartrate→sysbp,"heartrate,sysbp,heartrate,sysbp",3.190145,5.818481,1.45462025,0.63637275,2.545491,0.00055525,444.76318359375
run2_same_dec_same_len,"Two regression tasks, same decoder arch, same seq_len (heartrate + sysbp interleaved, both MLP 768→1)",4,26,heartrate→sysbp,"heartrate,sysbp,heartrate,sysbp",3.160393,5.649589,1.41239725,0.60201325,2.408053,0.00056675,444.76318359375
run2_same_dec_same_len,"Two regression tasks, same decoder arch, same seq_len (heartrate + sysbp interleaved, both MLP 768→1)",4,27,heartrate→sysbp,"heartrate,sysbp,heartrate,sysbp",3.415742,5.731241,1.43281025,0.55853525,2.234141,0.00059525,444.76318359375
run2_same_dec_same_len,"Two regression tasks, same decoder arch, same seq_len (heartrate + sysbp interleaved, both MLP 768→1)",4,28,heartrate→sysbp,"heartrate,sysbp,heartrate,sysbp",3.182212,5.651489,1.41287225,0.5966555,2.386622,0.0005855,444.76318359375
run2_same_dec_same_len,"Two regression tasks, same decoder arch, same seq_len (heartrate + sysbp interleaved, both MLP 768→1)",4,29,heartrate→sysbp,"heartrate,sysbp,heartrate,sysbp",3.202376,5.713323,1.42833075,0.60528925,2.421157,0.00059375,444.76318359375
run2_same_dec_same_len,"Two regression tasks, same decoder arch, same seq_len (heartrate + sysbp interleaved, both MLP 768→1)",4,30,heartrate→sysbp,"heartrate,sysbp,heartrate,sysbp",3.249871,5.686434,1.4216085,0.54175775,2.167031,0.0006135,444.76318359375
run2_same_dec_same_len,"Two regression tasks, same decoder arch, same seq_len (heartrate + sysbp interleaved, both MLP 768→1)",4,31,heartrate→sysbp,"heartrate,sysbp,heartrate,sysbp",3.203955,5.680028,1.420007,0.59672075,2.386883,0.00064,444.76318359375
run2_same_dec_same_len,"Two regression tasks, same decoder arch, same seq_len (heartrate + sysbp interleaved, both MLP 768→1)",4,32,heartrate→sysbp,"heartrate,sysbp,heartrate,sysbp",3.197219,5.684749,1.42118725,0.59975925,2.399037,0.000598,444.76318359375
run2_same_dec_same_len,"Two regression tasks, same decoder arch, same seq_len (heartrate + sysbp interleaved, both MLP 768→1)",4,33,heartrate→sysbp,"heartrate,sysbp,heartrate,sysbp",3.178928,5.680519,1.42012975,0.60267525,2.410701,0.000578,444.76318359375
run2_same_dec_same_len,"Two regression tasks, same decoder arch, same seq_len (heartrate + sysbp interleaved, both MLP 768→1)",4,34,heartrate→sysbp,"heartrate,sysbp,heartrate,sysbp",3.173271,5.835213,1.45880325,0.64334475,2.573379,0.000594,444.76318359375
run2_same_dec_same_len,"Two regression tasks, same decoder arch, same seq_len (heartrate + sysbp interleaved, both MLP 768→1)",4,35,heartrate→sysbp,"heartrate,sysbp,heartrate,sysbp",3.164376,5.657585,1.41439625,0.6023925,2.40957,0.000563,444.76318359375
run2_same_dec_same_len,"Two regression tasks, same decoder arch, same seq_len (heartrate + sysbp interleaved, both MLP 768→1)",4,36,heartrate→sysbp,"heartrate,sysbp,heartrate,sysbp",3.18071,5.675685,1.41892125,0.60276175,2.411047,0.000583,444.76318359375
run2_same_dec_same_len,"Two regression tasks, same decoder arch, same seq_len (heartrate + sysbp interleaved, both MLP 768→1)",4,37,heartrate→sysbp,"heartrate,sysbp,heartrate,sysbp",3.219143,5.693756,1.423439,0.59758425,2.390337,0.00055725,444.76318359375
run2_same_dec_same_len,"Two regression tasks, same decoder arch, same seq_len (heartrate + sysbp interleaved, both MLP 768→1)",4,38,heartrate→sysbp,"heartrate,sysbp,heartrate,sysbp",3.155437,5.8097,1.452425,0.64251125,2.570045,0.00056,444.76318359375
run2_same_dec_same_len,"Two regression tasks, same decoder arch, same seq_len (heartrate + sysbp interleaved, both MLP 768→1)",4,39,heartrate→sysbp,"heartrate,sysbp,heartrate,sysbp",3.161504,5.656747,1.41418675,0.603285,2.41314,0.00056275,444.76318359375
run2_same_dec_same_len,"Two regression tasks, same decoder arch, same seq_len (heartrate + sysbp interleaved, both MLP 768→1)",4,40,heartrate→sysbp,"heartrate,sysbp,heartrate,sysbp",3.205373,5.66228,1.41557,0.59337375,2.373495,0.0005815,444.76318359375
run2_same_dec_same_len,"Two regression tasks, same decoder arch, same seq_len (heartrate + sysbp interleaved, both MLP 768→1)",4,41,heartrate→sysbp,"heartrate,sysbp,heartrate,sysbp",3.266125,5.728357,1.43208925,0.594172,2.376688,0.00053125,444.76318359375
run2_same_dec_same_len,"Two regression tasks, same decoder arch, same seq_len (heartrate + sysbp interleaved, both MLP 768→1)",4,42,heartrate→sysbp,"heartrate,sysbp,heartrate,sysbp",3.187244,5.871802,1.4679505,0.648762,2.595048,0.00057475,444.76318359375
run2_same_dec_same_len,"Two regression tasks, same decoder arch, same seq_len (heartrate + sysbp interleaved, both MLP 768→1)",4,43,heartrate→sysbp,"heartrate,sysbp,heartrate,sysbp",3.411689,5.823536,1.455884,0.568337,2.273348,0.00095975,444.76318359375
run2_same_dec_same_len,"Two regression tasks, same decoder arch, same seq_len (heartrate + sysbp interleaved, both MLP 768→1)",4,44,heartrate→sysbp,"heartrate,sysbp,heartrate,sysbp",3.446252,5.88953,1.4723825,0.583948,2.335792,0.0006455,444.76318359375
run2_same_dec_same_len,"Two regression tasks, same decoder arch, same seq_len (heartrate + sysbp interleaved, both MLP 768→1)",4,45,heartrate→sysbp,"heartrate,sysbp,heartrate,sysbp",3.307612,5.740091,1.43502275,0.5850965,2.340386,0.00056475,444.76318359375
run2_same_dec_same_len,"Two regression tasks, same decoder arch, same seq_len (heartrate + sysbp interleaved, both MLP 768→1)",4,46,heartrate→sysbp,"heartrate,sysbp,heartrate,sysbp",3.241038,5.73814,1.434535,0.599042,2.396168,0.000557,444.76318359375
run2_same_dec_same_len,"Two regression tasks, same decoder arch, same seq_len (heartrate + sysbp interleaved, both MLP 768→1)",4,47,heartrate→sysbp,"heartrate,sysbp,heartrate,sysbp",3.264794,5.724019,1.43100475,0.5406785,2.162714,0.00059775,444.76318359375
run2_same_dec_same_len,"Two regression tasks, same decoder arch, same seq_len (heartrate + sysbp interleaved, both MLP 768→1)",4,48,heartrate→sysbp,"heartrate,sysbp,heartrate,sysbp",3.228762,5.678698,1.4196745,0.59090875,2.363635,0.00057875,444.76318359375
run2_same_dec_same_len,"Two regression tasks, same decoder arch, same seq_len (heartrate + sysbp interleaved, both MLP 768→1)",4,49,heartrate→sysbp,"heartrate,sysbp,heartrate,sysbp",3.233959,5.682347,1.42058675,0.589912,2.359648,0.00059025,444.76318359375
run2_same_dec_same_len,"Two regression tasks, same decoder arch, same seq_len (heartrate + sysbp interleaved, both MLP 768→1)",8,0,heartrate→sysbp,"heartrate,sysbp,heartrate,sysbp,heartrate,sysbp,heartrate,sysbp",3.206454,9.261231,1.157653875,0.744837875,5.958703,0.000497375,445.51318359375
run2_same_dec_same_len,"Two regression tasks, same decoder arch, same seq_len (heartrate + sysbp interleaved, both MLP 768→1)",8,1,heartrate→sysbp,"heartrate,sysbp,heartrate,sysbp,heartrate,sysbp,heartrate,sysbp",3.187002,9.074794,1.13434925,0.72466375,5.79731,0.00051375,445.51318359375
run2_same_dec_same_len,"Two regression tasks, same decoder arch, same seq_len (heartrate + sysbp interleaved, both MLP 768→1)",8,2,heartrate→sysbp,"heartrate,sysbp,heartrate,sysbp,heartrate,sysbp,heartrate,sysbp",3.211546,9.300836,1.1626045,0.74964825,5.997186,0.000510625,445.51318359375
run2_same_dec_same_len,"Two regression tasks, same decoder arch, same seq_len (heartrate + sysbp interleaved, both MLP 768→1)",8,3,heartrate→sysbp,"heartrate,sysbp,heartrate,sysbp,heartrate,sysbp,heartrate,sysbp",3.224753,9.093733,1.136716625,0.72239825,5.779186,0.00049025,445.51318359375
run2_same_dec_same_len,"Two regression tasks, same decoder arch, same seq_len (heartrate + sysbp interleaved, both MLP 768→1)",8,4,heartrate→sysbp,"heartrate,sysbp,heartrate,sysbp,heartrate,sysbp,heartrate,sysbp",3.207386,9.06887,1.13360875,0.72130325,5.770426,0.000499,445.51318359375
run2_same_dec_same_len,"Two regression tasks, same decoder arch, same seq_len (heartrate + sysbp interleaved, both MLP 768→1)",8,5,heartrate→sysbp,"heartrate,sysbp,heartrate,sysbp,heartrate,sysbp,heartrate,sysbp",3.354338,9.198998,1.14987475,0.71968175,5.757454,0.0004745,445.51318359375
run2_same_dec_same_len,"Two regression tasks, same decoder arch, same seq_len (heartrate + sysbp interleaved, both MLP 768→1)",8,6,heartrate→sysbp,"heartrate,sysbp,heartrate,sysbp,heartrate,sysbp,heartrate,sysbp",3.175578,9.052437,1.131554625,0.723574,5.788592,0.00045075,445.51318359375
run2_same_dec_same_len,"Two regression tasks, same decoder arch, same seq_len (heartrate + sysbp interleaved, both MLP 768→1)",8,7,heartrate→sysbp,"heartrate,sysbp,heartrate,sysbp,heartrate,sysbp,heartrate,sysbp",3.175464,9.225771,1.153221375,0.745063,5.960504,0.0004875,445.51318359375
run2_same_dec_same_len,"Two regression tasks, same decoder arch, same seq_len (heartrate + sysbp interleaved, both MLP 768→1)",8,8,heartrate→sysbp,"heartrate,sysbp,heartrate,sysbp,heartrate,sysbp,heartrate,sysbp",3.260492,9.120517,1.140064625,0.721602,5.772816,0.000484875,445.51318359375
run2_same_dec_same_len,"Two regression tasks, same decoder arch, same seq_len (heartrate + sysbp interleaved, both MLP 768→1)",8,9,heartrate→sysbp,"heartrate,sysbp,heartrate,sysbp,heartrate,sysbp,heartrate,sysbp",3.301874,9.232661,1.154082625,0.73035675,5.842854,0.000491875,445.51318359375
run2_same_dec_same_len,"Two regression tasks, same decoder arch, same seq_len (heartrate + sysbp interleaved, both MLP 768→1)",8,10,heartrate→sysbp,"heartrate,sysbp,heartrate,sysbp,heartrate,sysbp,heartrate,sysbp",3.206388,9.060784,1.132598,0.721097125,5.768777,0.0004755,445.51318359375
run2_same_dec_same_len,"Two regression tasks, same decoder arch, same seq_len (heartrate + sysbp interleaved, both MLP 768→1)",8,11,heartrate→sysbp,"heartrate,sysbp,heartrate,sysbp,heartrate,sysbp,heartrate,sysbp",3.169311,9.090529,1.136316125,0.729259875,5.834079,0.0004885,445.51318359375
run2_same_dec_same_len,"Two regression tasks, same decoder arch, same seq_len (heartrate + sysbp interleaved, both MLP 768→1)",8,12,heartrate→sysbp,"heartrate,sysbp,heartrate,sysbp,heartrate,sysbp,heartrate,sysbp",3.23704,9.064276,1.1330345,0.7170585,5.736468,0.000484875,445.51318359375
run2_same_dec_same_len,"Two regression tasks, same decoder arch, same seq_len (heartrate + sysbp interleaved, both MLP 768→1)",8,13,heartrate→sysbp,"heartrate,sysbp,heartrate,sysbp,heartrate,sysbp,heartrate,sysbp",3.169575,9.057569,1.132196125,0.724982,5.799856,0.000476875,445.51318359375
run2_same_dec_same_len,"Two regression tasks, same decoder arch, same seq_len (heartrate + sysbp interleaved, both MLP 768→1)",8,14,heartrate→sysbp,"heartrate,sysbp,heartrate,sysbp,heartrate,sysbp,heartrate,sysbp",3.180275,9.251953,1.156494125,0.747577,5.980616,0.000519125,445.51318359375
run2_same_dec_same_len,"Two regression tasks, same decoder arch, same seq_len (heartrate + sysbp interleaved, both MLP 768→1)",8,15,heartrate→sysbp,"heartrate,sysbp,heartrate,sysbp,heartrate,sysbp,heartrate,sysbp",3.216008,9.115631,1.139453875,0.72638025,5.811042,0.000467,445.51318359375
run2_same_dec_same_len,"Two regression tasks, same decoder arch, same seq_len (heartrate + sysbp interleaved, both MLP 768→1)",8,16,heartrate→sysbp,"heartrate,sysbp,heartrate,sysbp,heartrate,sysbp,heartrate,sysbp",3.236038,9.245796,1.1557245,0.739795125,5.918361,0.000484,445.51318359375
run2_same_dec_same_len,"Two regression tasks, same decoder arch, same seq_len (heartrate + sysbp interleaved, both MLP 768→1)",8,17,heartrate→sysbp,"heartrate,sysbp,heartrate,sysbp,heartrate,sysbp,heartrate,sysbp",3.214489,9.073594,1.13419925,0.721197,5.769576,0.000508375,445.51318359375
run2_same_dec_same_len,"Two regression tasks, same decoder arch, same seq_len (heartrate + sysbp interleaved, both MLP 768→1)",8,18,heartrate→sysbp,"heartrate,sysbp,heartrate,sysbp,heartrate,sysbp,heartrate,sysbp",3.216601,9.072636,1.1340795,0.720786875,5.766295,0.000498,445.51318359375
run2_same_dec_same_len,"Two regression tasks, same decoder arch, same seq_len (heartrate + sysbp interleaved, both MLP 768→1)",8,19,heartrate→sysbp,"heartrate,sysbp,heartrate,sysbp,heartrate,sysbp,heartrate,sysbp",3.209825,9.072843,1.134105375,0.721222125,5.769777,0.000484125,445.51318359375
run2_same_dec_same_len,"Two regression tasks, same decoder arch, same seq_len (heartrate + sysbp interleaved, both MLP 768→1)",8,20,heartrate→sysbp,"heartrate,sysbp,heartrate,sysbp,heartrate,sysbp,heartrate,sysbp",3.209094,9.08643,1.13580375,0.723709375,5.789675,0.000482375,445.51318359375
run2_same_dec_same_len,"Two regression tasks, same decoder arch, same seq_len (heartrate + sysbp interleaved, both MLP 768→1)",8,21,heartrate→sysbp,"heartrate,sysbp,heartrate,sysbp,heartrate,sysbp,heartrate,sysbp",3.201545,9.271799,1.158974875,0.74689175,5.975134,0.000504625,445.51318359375
run2_same_dec_same_len,"Two regression tasks, same decoder arch, same seq_len (heartrate + sysbp interleaved, both MLP 768→1)",8,22,heartrate→sysbp,"heartrate,sysbp,heartrate,sysbp,heartrate,sysbp,heartrate,sysbp",3.264403,9.102301,1.137787625,0.718614,5.748912,0.000481875,445.51318359375
run2_same_dec_same_len,"Two regression tasks, same decoder arch, same seq_len (heartrate + sysbp interleaved, both MLP 768→1)",8,23,heartrate→sysbp,"heartrate,sysbp,heartrate,sysbp,heartrate,sysbp,heartrate,sysbp",3.303342,9.255106,1.15688825,0.732701125,5.861609,0.000479625,445.51318359375
run2_same_dec_same_len,"Two regression tasks, same decoder arch, same seq_len (heartrate + sysbp interleaved, both MLP 768→1)",8,24,heartrate→sysbp,"heartrate,sysbp,heartrate,sysbp,heartrate,sysbp,heartrate,sysbp",3.189292,9.062635,1.132829375,0.72316725,5.785338,0.000491375,445.51318359375
run2_same_dec_same_len,"Two regression tasks, same decoder arch, same seq_len (heartrate + sysbp interleaved, both MLP 768→1)",8,25,heartrate→sysbp,"heartrate,sysbp,heartrate,sysbp,heartrate,sysbp,heartrate,sysbp",3.211118,9.056674,1.13208425,0.719703875,5.757631,0.00047125,445.51318359375
run2_same_dec_same_len,"Two regression tasks, same decoder arch, same seq_len (heartrate + sysbp interleaved, both MLP 768→1)",8,26,heartrate→sysbp,"heartrate,sysbp,heartrate,sysbp,heartrate,sysbp,heartrate,sysbp",3.197254,9.233046,1.15413075,0.742987375,5.943899,0.000483875,445.51318359375
run2_same_dec_same_len,"Two regression tasks, same decoder arch, same seq_len (heartrate + sysbp interleaved, both MLP 768→1)",8,27,heartrate→sysbp,"heartrate,sysbp,heartrate,sysbp,heartrate,sysbp,heartrate,sysbp",3.153053,9.047265,1.130908125,0.7260025,5.80802,0.000460375,445.51318359375
run2_same_dec_same_len,"Two regression tasks, same decoder arch, same seq_len (heartrate + sysbp interleaved, both MLP 768→1)",8,28,heartrate→sysbp,"heartrate,sysbp,heartrate,sysbp,heartrate,sysbp,heartrate,sysbp",3.156435,9.256641,1.157080125,0.75161025,6.012882,0.000491875,445.51318359375
run2_same_dec_same_len,"Two regression tasks, same decoder arch, same seq_len (heartrate + sysbp interleaved, both MLP 768→1)",8,29,heartrate→sysbp,"heartrate,sysbp,heartrate,sysbp,heartrate,sysbp,heartrate,sysbp",3.17184,9.082201,1.135275125,0.72756775,5.820542,0.000463375,445.51318359375
run2_same_dec_same_len,"Two regression tasks, same decoder arch, same seq_len (heartrate + sysbp interleaved, both MLP 768→1)",8,30,heartrate→sysbp,"heartrate,sysbp,heartrate,sysbp,heartrate,sysbp,heartrate,sysbp",3.208623,9.066816,1.133352,0.721257125,5.770057,0.0004735,445.51318359375
run2_same_dec_same_len,"Two regression tasks, same decoder arch, same seq_len (heartrate + sysbp interleaved, both MLP 768→1)",8,31,heartrate→sysbp,"heartrate,sysbp,heartrate,sysbp,heartrate,sysbp,heartrate,sysbp",3.181788,9.051831,1.131478875,0.699741125,5.597929,0.0004835,445.51318359375
run2_same_dec_same_len,"Two regression tasks, same decoder arch, same seq_len (heartrate + sysbp interleaved, both MLP 768→1)",8,32,heartrate→sysbp,"heartrate,sysbp,heartrate,sysbp,heartrate,sysbp,heartrate,sysbp",3.215153,9.074614,1.13432675,0.721239,5.769912,0.000483625,445.51318359375
run2_same_dec_same_len,"Two regression tasks, same decoder arch, same seq_len (heartrate + sysbp interleaved, both MLP 768→1)",8,33,heartrate→sysbp,"heartrate,sysbp,heartrate,sysbp,heartrate,sysbp,heartrate,sysbp",3.210198,9.270355,1.158794375,0.74616325,5.969306,0.000497875,445.51318359375
run2_same_dec_same_len,"Two regression tasks, same decoder arch, same seq_len (heartrate + sysbp interleaved, both MLP 768→1)",8,34,heartrate→sysbp,"heartrate,sysbp,heartrate,sysbp,heartrate,sysbp,heartrate,sysbp",3.227744,9.086759,1.135844875,0.721114875,5.768919,0.000494,445.51318359375
run2_same_dec_same_len,"Two regression tasks, same decoder arch, same seq_len (heartrate + sysbp interleaved, both MLP 768→1)",8,35,heartrate→sysbp,"heartrate,sysbp,heartrate,sysbp,heartrate,sysbp,heartrate,sysbp",3.214368,9.27914,1.1598925,0.746626625,5.973013,0.00050375,445.51318359375
run2_same_dec_same_len,"Two regression tasks, same decoder arch, same seq_len (heartrate + sysbp interleaved, both MLP 768→1)",8,36,heartrate→sysbp,"heartrate,sysbp,heartrate,sysbp,heartrate,sysbp,heartrate,sysbp",3.257778,9.098617,1.137327125,0.71875175,5.750014,0.000495125,445.51318359375
run2_same_dec_same_len,"Two regression tasks, same decoder arch, same seq_len (heartrate + sysbp interleaved, both MLP 768→1)",8,37,heartrate→sysbp,"heartrate,sysbp,heartrate,sysbp,heartrate,sysbp,heartrate,sysbp",3.217207,9.086917,1.135864625,0.7225725,5.78058,0.0004615,445.51318359375
run2_same_dec_same_len,"Two regression tasks, same decoder arch, same seq_len (heartrate + sysbp interleaved, both MLP 768→1)",8,38,heartrate→sysbp,"heartrate,sysbp,heartrate,sysbp,heartrate,sysbp,heartrate,sysbp",3.212171,9.078207,1.134775875,0.721364375,5.770915,0.0005115,445.51318359375
run2_same_dec_same_len,"Two regression tasks, same decoder arch, same seq_len (heartrate + sysbp interleaved, both MLP 768→1)",8,39,heartrate→sysbp,"heartrate,sysbp,heartrate,sysbp,heartrate,sysbp,heartrate,sysbp",3.228788,9.104646,1.13808075,0.723269625,5.786157,0.000531875,445.51318359375
run2_same_dec_same_len,"Two regression tasks, same decoder arch, same seq_len (heartrate + sysbp interleaved, both MLP 768→1)",8,40,heartrate→sysbp,"heartrate,sysbp,heartrate,sysbp,heartrate,sysbp,heartrate,sysbp",3.236293,9.248143,1.156017875,0.740170875,5.921367,0.000498625,445.51318359375
run2_same_dec_same_len,"Two regression tasks, same decoder arch, same seq_len (heartrate + sysbp interleaved, both MLP 768→1)",8,41,heartrate→sysbp,"heartrate,sysbp,heartrate,sysbp,heartrate,sysbp,heartrate,sysbp",3.307873,9.102275,1.137784375,0.71318775,5.705502,0.00049175,445.51318359375
run2_same_dec_same_len,"Two regression tasks, same decoder arch, same seq_len (heartrate + sysbp interleaved, both MLP 768→1)",8,42,heartrate→sysbp,"heartrate,sysbp,heartrate,sysbp,heartrate,sysbp,heartrate,sysbp",3.215467,9.21853,1.15231625,0.738370125,5.906961,0.000468,445.51318359375
run2_same_dec_same_len,"Two regression tasks, same decoder arch, same seq_len (heartrate + sysbp interleaved, both MLP 768→1)",8,43,heartrate→sysbp,"heartrate,sysbp,heartrate,sysbp,heartrate,sysbp,heartrate,sysbp",3.16585,9.040912,1.130114,0.723128625,5.785029,0.000476375,445.51318359375
run2_same_dec_same_len,"Two regression tasks, same decoder arch, same seq_len (heartrate + sysbp interleaved, both MLP 768→1)",8,44,heartrate→sysbp,"heartrate,sysbp,heartrate,sysbp,heartrate,sysbp,heartrate,sysbp",3.157287,9.039313,1.129914125,0.724429375,5.795435,0.000479625,445.51318359375
run2_same_dec_same_len,"Two regression tasks, same decoder arch, same seq_len (heartrate + sysbp interleaved, both MLP 768→1)",8,45,heartrate→sysbp,"heartrate,sysbp,heartrate,sysbp,heartrate,sysbp,heartrate,sysbp",3.149965,9.245254,1.15565675,0.7506245,6.004996,0.000541,445.51318359375
run2_same_dec_same_len,"Two regression tasks, same decoder arch, same seq_len (heartrate + sysbp interleaved, both MLP 768→1)",8,46,heartrate→sysbp,"heartrate,sysbp,heartrate,sysbp,heartrate,sysbp,heartrate,sysbp",3.146868,9.033527,1.129190875,0.725021125,5.800169,0.0004625,445.51318359375
run2_same_dec_same_len,"Two regression tasks, same decoder arch, same seq_len (heartrate + sysbp interleaved, both MLP 768→1)",8,47,heartrate→sysbp,"heartrate,sysbp,heartrate,sysbp,heartrate,sysbp,heartrate,sysbp",3.143129,9.224111,1.153013875,0.7491215,5.992972,0.000507375,445.51318359375
run2_same_dec_same_len,"Two regression tasks, same decoder arch, same seq_len (heartrate + sysbp interleaved, both MLP 768→1)",8,48,heartrate→sysbp,"heartrate,sysbp,heartrate,sysbp,heartrate,sysbp,heartrate,sysbp",3.198895,9.074602,1.13432525,0.723920125,5.791361,0.000459375,445.51318359375
run2_same_dec_same_len,"Two regression tasks, same decoder arch, same seq_len (heartrate + sysbp interleaved, both MLP 768→1)",8,49,heartrate→sysbp,"heartrate,sysbp,heartrate,sysbp,heartrate,sysbp,heartrate,sysbp",3.231043,9.09818,1.1372725,0.72204175,5.776334,0.0004765,445.51318359375
run2_same_dec_same_len,"Two regression tasks, same decoder arch, same seq_len (heartrate + sysbp interleaved, both MLP 768→1)",16,0,heartrate→sysbp,"heartrate,sysbp,heartrate,sysbp,heartrate,sysbp,heartrate,sysbp,heartrate,sysbp,heartrate,sysbp,heartrate,sysbp,heartrate,sysbp",3.494715,16.397246,1.024827875,0.7896068125,12.633709,0.0004305,447.01318359375
run2_same_dec_same_len,"Two regression tasks, same decoder arch, same seq_len (heartrate + sysbp interleaved, both MLP 768→1)",16,1,heartrate→sysbp,"heartrate,sysbp,heartrate,sysbp,heartrate,sysbp,heartrate,sysbp,heartrate,sysbp,heartrate,sysbp,heartrate,sysbp,heartrate,sysbp",3.452562,16.385139,1.0240711875,0.801577125,12.825234,0.000458625,447.01318359375
run2_same_dec_same_len,"Two regression tasks, same decoder arch, same seq_len (heartrate + sysbp interleaved, both MLP 768→1)",16,2,heartrate→sysbp,"heartrate,sysbp,heartrate,sysbp,heartrate,sysbp,heartrate,sysbp,heartrate,sysbp,heartrate,sysbp,heartrate,sysbp,heartrate,sysbp",3.354206,16.349392,1.021837,0.8057531875,12.892051,0.0004591875,447.01318359375
run2_same_dec_same_len,"Two regression tasks, same decoder arch, same seq_len (heartrate + sysbp interleaved, both MLP 768→1)",16,3,heartrate→sysbp,"heartrate,sysbp,heartrate,sysbp,heartrate,sysbp,heartrate,sysbp,heartrate,sysbp,heartrate,sysbp,heartrate,sysbp,heartrate,sysbp",3.314067,16.320469,1.0200293125,0.8066869375,12.906991,0.0004151875,447.01318359375
run2_same_dec_same_len,"Two regression tasks, same decoder arch, same seq_len (heartrate + sysbp interleaved, both MLP 768→1)",16,4,heartrate→sysbp,"heartrate,sysbp,heartrate,sysbp,heartrate,sysbp,heartrate,sysbp,heartrate,sysbp,heartrate,sysbp,heartrate,sysbp,heartrate,sysbp",3.245692,16.153015,1.0095634375,0.80066475,12.810636,0.000431625,447.01318359375
run2_same_dec_same_len,"Two regression tasks, same decoder arch, same seq_len (heartrate + sysbp interleaved, both MLP 768→1)",16,5,heartrate→sysbp,"heartrate,sysbp,heartrate,sysbp,heartrate,sysbp,heartrate,sysbp,heartrate,sysbp,heartrate,sysbp,heartrate,sysbp,heartrate,sysbp",3.231229,16.089839,1.0056149375,0.7972768125,12.756429,0.0004289375,447.01318359375
run2_same_dec_same_len,"Two regression tasks, same decoder arch, same seq_len (heartrate + sysbp interleaved, both MLP 768→1)",16,6,heartrate→sysbp,"heartrate,sysbp,heartrate,sysbp,heartrate,sysbp,heartrate,sysbp,heartrate,sysbp,heartrate,sysbp,heartrate,sysbp,heartrate,sysbp",3.285182,16.272895,1.0170559375,0.8056478125,12.890365,0.0004508125,447.01318359375
run2_same_dec_same_len,"Two regression tasks, same decoder arch, same seq_len (heartrate + sysbp interleaved, both MLP 768→1)",16,7,heartrate→sysbp,"heartrate,sysbp,heartrate,sysbp,heartrate,sysbp,heartrate,sysbp,heartrate,sysbp,heartrate,sysbp,heartrate,sysbp,heartrate,sysbp",3.268563,16.364944,1.022809,0.812370625,12.99793,0.0004609375,447.01318359375
run2_same_dec_same_len,"Two regression tasks, same decoder arch, same seq_len (heartrate + sysbp interleaved, both MLP 768→1)",16,8,heartrate→sysbp,"heartrate,sysbp,heartrate,sysbp,heartrate,sysbp,heartrate,sysbp,heartrate,sysbp,heartrate,sysbp,heartrate,sysbp,heartrate,sysbp",3.242463,16.379953,1.0237470625,0.8149384375,13.039015,0.000440625,447.01318359375
run2_same_dec_same_len,"Two regression tasks, same decoder arch, same seq_len (heartrate + sysbp interleaved, both MLP 768→1)",16,9,heartrate→sysbp,"heartrate,sysbp,heartrate,sysbp,heartrate,sysbp,heartrate,sysbp,heartrate,sysbp,heartrate,sysbp,heartrate,sysbp,heartrate,sysbp",3.280222,16.244333,1.0152708125,0.8038425,12.86148,0.000438,447.01318359375
run2_same_dec_same_len,"Two regression tasks, same decoder arch, same seq_len (heartrate + sysbp interleaved, both MLP 768→1)",16,10,heartrate→sysbp,"heartrate,sysbp,heartrate,sysbp,heartrate,sysbp,heartrate,sysbp,heartrate,sysbp,heartrate,sysbp,heartrate,sysbp,heartrate,sysbp",3.355903,16.175906,1.010994125,0.79462,12.71392,0.0004640625,447.01318359375
run2_same_dec_same_len,"Two regression tasks, same decoder arch, same seq_len (heartrate + sysbp interleaved, both MLP 768→1)",16,11,heartrate→sysbp,"heartrate,sysbp,heartrate,sysbp,heartrate,sysbp,heartrate,sysbp,heartrate,sysbp,heartrate,sysbp,heartrate,sysbp,heartrate,sysbp",3.290265,16.254075,1.0158796875,0.80412425,12.865988,0.0004295,447.01318359375
run2_same_dec_same_len,"Two regression tasks, same decoder arch, same seq_len (heartrate + sysbp interleaved, both MLP 768→1)",16,12,heartrate→sysbp,"heartrate,sysbp,heartrate,sysbp,heartrate,sysbp,heartrate,sysbp,heartrate,sysbp,heartrate,sysbp,heartrate,sysbp,heartrate,sysbp",3.240334,16.255852,1.01599075,0.8074603125,12.919365,0.0004486875,447.01318359375
run2_same_dec_same_len,"Two regression tasks, same decoder arch, same seq_len (heartrate + sysbp interleaved, both MLP 768→1)",16,13,heartrate→sysbp,"heartrate,sysbp,heartrate,sysbp,heartrate,sysbp,heartrate,sysbp,heartrate,sysbp,heartrate,sysbp,heartrate,sysbp,heartrate,sysbp",3.204053,16.275077,1.0171923125,0.81098325,12.975732,0.0004414375,447.01318359375
run2_same_dec_same_len,"Two regression tasks, same decoder arch, same seq_len (heartrate + sysbp interleaved, both MLP 768→1)",16,14,heartrate→sysbp,"heartrate,sysbp,heartrate,sysbp,heartrate,sysbp,heartrate,sysbp,heartrate,sysbp,heartrate,sysbp,heartrate,sysbp,heartrate,sysbp",3.19694,16.107937,1.0067460625,0.8010905,12.817448,0.00044125,447.01318359375
run2_same_dec_same_len,"Two regression tasks, same decoder arch, same seq_len (heartrate + sysbp interleaved, both MLP 768→1)",16,15,heartrate→sysbp,"heartrate,sysbp,heartrate,sysbp,heartrate,sysbp,heartrate,sysbp,heartrate,sysbp,heartrate,sysbp,heartrate,sysbp,heartrate,sysbp",3.185856,16.330996,1.02068725,0.8156091875,13.049747,0.0004210625,447.01318359375
run2_same_dec_same_len,"Two regression tasks, same decoder arch, same seq_len (heartrate + sysbp interleaved, both MLP 768→1)",16,16,heartrate→sysbp,"heartrate,sysbp,heartrate,sysbp,heartrate,sysbp,heartrate,sysbp,heartrate,sysbp,heartrate,sysbp,heartrate,sysbp,heartrate,sysbp",3.286517,16.351212,1.02195075,0.810195625,12.96313,0.000439,447.01318359375
run2_same_dec_same_len,"Two regression tasks, same decoder arch, same seq_len (heartrate + sysbp interleaved, both MLP 768→1)",16,17,heartrate→sysbp,"heartrate,sysbp,heartrate,sysbp,heartrate,sysbp,heartrate,sysbp,heartrate,sysbp,heartrate,sysbp,heartrate,sysbp,heartrate,sysbp",3.313149,16.293463,1.0183414375,0.8047149375,12.875439,0.000445,447.01318359375
run2_same_dec_same_len,"Two regression tasks, same decoder arch, same seq_len (heartrate + sysbp interleaved, both MLP 768→1)",16,18,heartrate→sysbp,"heartrate,sysbp,heartrate,sysbp,heartrate,sysbp,heartrate,sysbp,heartrate,sysbp,heartrate,sysbp,heartrate,sysbp,heartrate,sysbp",3.308437,16.440435,1.0275271875,0.8139873125,13.023797,0.0004513125,447.01318359375
run2_same_dec_same_len,"Two regression tasks, same decoder arch, same seq_len (heartrate + sysbp interleaved, both MLP 768→1)",16,19,heartrate→sysbp,"heartrate,sysbp,heartrate,sysbp,heartrate,sysbp,heartrate,sysbp,heartrate,sysbp,heartrate,sysbp,heartrate,sysbp,heartrate,sysbp",3.539594,16.443246,1.027702875,0.7994030625,12.790449,0.0004420625,447.01318359375
run2_same_dec_same_len,"Two regression tasks, same decoder arch, same seq_len (heartrate + sysbp interleaved, both MLP 768→1)",16,20,heartrate→sysbp,"heartrate,sysbp,heartrate,sysbp,heartrate,sysbp,heartrate,sysbp,heartrate,sysbp,heartrate,sysbp,heartrate,sysbp,heartrate,sysbp",3.48851,16.512946,1.032059125,0.806634125,12.906146,0.0004393125,447.01318359375
run2_same_dec_same_len,"Two regression tasks, same decoder arch, same seq_len (heartrate + sysbp interleaved, both MLP 768→1)",16,21,heartrate→sysbp,"heartrate,sysbp,heartrate,sysbp,heartrate,sysbp,heartrate,sysbp,heartrate,sysbp,heartrate,sysbp,heartrate,sysbp,heartrate,sysbp",3.568936,16.559955,1.0349971875,0.8051655625,12.882649,0.000435875,447.01318359375
run2_same_dec_same_len,"Two regression tasks, same decoder arch, same seq_len (heartrate + sysbp interleaved, both MLP 768→1)",16,22,heartrate→sysbp,"heartrate,sysbp,heartrate,sysbp,heartrate,sysbp,heartrate,sysbp,heartrate,sysbp,heartrate,sysbp,heartrate,sysbp,heartrate,sysbp",3.37838,16.378755,1.0236721875,0.8061731875,12.898771,0.0004390625,447.01318359375
run2_same_dec_same_len,"Two regression tasks, same decoder arch, same seq_len (heartrate + sysbp interleaved, both MLP 768→1)",16,23,heartrate→sysbp,"heartrate,sysbp,heartrate,sysbp,heartrate,sysbp,heartrate,sysbp,heartrate,sysbp,heartrate,sysbp,heartrate,sysbp,heartrate,sysbp",3.291004,16.356439,1.0222774375,0.8104689375,12.967503,0.0004323125,447.01318359375
run2_same_dec_same_len,"Two regression tasks, same decoder arch, same seq_len (heartrate + sysbp interleaved, both MLP 768→1)",16,24,heartrate→sysbp,"heartrate,sysbp,heartrate,sysbp,heartrate,sysbp,heartrate,sysbp,heartrate,sysbp,heartrate,sysbp,heartrate,sysbp,heartrate,sysbp",3.241801,16.180827,1.0113016875,0.8025901875,12.841443,0.0004155,447.01318359375
run2_same_dec_same_len,"Two regression tasks, same decoder arch, same seq_len (heartrate + sysbp interleaved, both MLP 768→1)",16,25,heartrate→sysbp,"heartrate,sysbp,heartrate,sysbp,heartrate,sysbp,heartrate,sysbp,heartrate,sysbp,heartrate,sysbp,heartrate,sysbp,heartrate,sysbp",3.287994,16.448204,1.02801275,0.8161724375,13.058759,0.0004675,447.01318359375
run2_same_dec_same_len,"Two regression tasks, same decoder arch, same seq_len (heartrate + sysbp interleaved, both MLP 768→1)",16,26,heartrate→sysbp,"heartrate,sysbp,heartrate,sysbp,heartrate,sysbp,heartrate,sysbp,heartrate,sysbp,heartrate,sysbp,heartrate,sysbp,heartrate,sysbp",3.265448,16.331747,1.0207341875,0.8104024375,12.966439,0.0004425,447.01318359375
run2_same_dec_same_len,"Two regression tasks, same decoder arch, same seq_len (heartrate + sysbp interleaved, both MLP 768→1)",16,27,heartrate→sysbp,"heartrate,sysbp,heartrate,sysbp,heartrate,sysbp,heartrate,sysbp,heartrate,sysbp,heartrate,sysbp,heartrate,sysbp,heartrate,sysbp",3.224454,16.296296,1.0185185,0.8109363125,12.974981,0.00043375,447.01318359375
run2_same_dec_same_len,"Two regression tasks, same decoder arch, same seq_len (heartrate + sysbp interleaved, both MLP 768→1)",16,28,heartrate→sysbp,"heartrate,sysbp,heartrate,sysbp,heartrate,sysbp,heartrate,sysbp,heartrate,sysbp,heartrate,sysbp,heartrate,sysbp,heartrate,sysbp",3.186769,16.277693,1.0173558125,0.8121128125,12.993805,0.0005059375,447.01318359375
run2_same_dec_same_len,"Two regression tasks, same decoder arch, same seq_len (heartrate + sysbp interleaved, both MLP 768→1)",16,29,heartrate→sysbp,"heartrate,sysbp,heartrate,sysbp,heartrate,sysbp,heartrate,sysbp,heartrate,sysbp,heartrate,sysbp,heartrate,sysbp,heartrate,sysbp",3.24572,16.15203,1.009501875,0.800510125,12.808162,0.00042125,447.01318359375
run2_same_dec_same_len,"Two regression tasks, same decoder arch, same seq_len (heartrate + sysbp interleaved, both MLP 768→1)",16,30,heartrate→sysbp,"heartrate,sysbp,heartrate,sysbp,heartrate,sysbp,heartrate,sysbp,heartrate,sysbp,heartrate,sysbp,heartrate,sysbp,heartrate,sysbp",3.278743,16.303966,1.018997875,0.8078624375,12.925799,0.0004351875,447.01318359375
run2_same_dec_same_len,"Two regression tasks, same decoder arch, same seq_len (heartrate + sysbp interleaved, both MLP 768→1)",16,31,heartrate→sysbp,"heartrate,sysbp,heartrate,sysbp,heartrate,sysbp,heartrate,sysbp,heartrate,sysbp,heartrate,sysbp,heartrate,sysbp,heartrate,sysbp",3.211312,16.319791,1.0199869375,0.8131659375,13.010655,0.000436875,447.01318359375
run2_same_dec_same_len,"Two regression tasks, same decoder arch, same seq_len (heartrate + sysbp interleaved, both MLP 768→1)",16,32,heartrate→sysbp,"heartrate,sysbp,heartrate,sysbp,heartrate,sysbp,heartrate,sysbp,heartrate,sysbp,heartrate,sysbp,heartrate,sysbp,heartrate,sysbp",3.216274,16.391288,1.0244555,0.8173839375,13.078143,0.000438,447.01318359375
run2_same_dec_same_len,"Two regression tasks, same decoder arch, same seq_len (heartrate + sysbp interleaved, both MLP 768→1)",16,33,heartrate→sysbp,"heartrate,sysbp,heartrate,sysbp,heartrate,sysbp,heartrate,sysbp,heartrate,sysbp,heartrate,sysbp,heartrate,sysbp,heartrate,sysbp",3.354182,16.345827,1.0216141875,0.80562075,12.889932,0.0003968125,447.01318359375
run2_same_dec_same_len,"Two regression tasks, same decoder arch, same seq_len (heartrate + sysbp interleaved, both MLP 768→1)",16,34,heartrate→sysbp,"heartrate,sysbp,heartrate,sysbp,heartrate,sysbp,heartrate,sysbp,heartrate,sysbp,heartrate,sysbp,heartrate,sysbp,heartrate,sysbp",3.268161,16.113656,1.0071035,0.7968171875,12.749075,0.000410125,447.01318359375
run2_same_dec_same_len,"Two regression tasks, same decoder arch, same seq_len (heartrate + sysbp interleaved, both MLP 768→1)",16,35,heartrate→sysbp,"heartrate,sysbp,heartrate,sysbp,heartrate,sysbp,heartrate,sysbp,heartrate,sysbp,heartrate,sysbp,heartrate,sysbp,heartrate,sysbp",3.290945,16.327704,1.0204815,0.808491,12.935856,0.000428875,447.01318359375
run2_same_dec_same_len,"Two regression tasks, same decoder arch, same seq_len (heartrate + sysbp interleaved, both MLP 768→1)",16,36,heartrate→sysbp,"heartrate,sysbp,heartrate,sysbp,heartrate,sysbp,heartrate,sysbp,heartrate,sysbp,heartrate,sysbp,heartrate,sysbp,heartrate,sysbp",3.271785,16.397415,1.0248384375,0.8141313125,13.026101,0.0004393125,447.01318359375
run2_same_dec_same_len,"Two regression tasks, same decoder arch, same seq_len (heartrate + sysbp interleaved, both MLP 768→1)",16,37,heartrate→sysbp,"heartrate,sysbp,heartrate,sysbp,heartrate,sysbp,heartrate,sysbp,heartrate,sysbp,heartrate,sysbp,heartrate,sysbp,heartrate,sysbp",3.237291,16.362962,1.022685125,0.814355,13.02968,0.0004116875,447.01318359375
run2_same_dec_same_len,"Two regression tasks, same decoder arch, same seq_len (heartrate + sysbp interleaved, both MLP 768→1)",16,38,heartrate→sysbp,"heartrate,sysbp,heartrate,sysbp,heartrate,sysbp,heartrate,sysbp,heartrate,sysbp,heartrate,sysbp,heartrate,sysbp,heartrate,sysbp",3.243056,16.361765,1.0226103125,0.8138823125,13.022117,0.0004186875,447.01318359375
run2_same_dec_same_len,"Two regression tasks, same decoder arch, same seq_len (heartrate + sysbp interleaved, both MLP 768→1)",16,39,heartrate→sysbp,"heartrate,sysbp,heartrate,sysbp,heartrate,sysbp,heartrate,sysbp,heartrate,sysbp,heartrate,sysbp,heartrate,sysbp,heartrate,sysbp",3.26135,16.1536,1.0096,0.799716,12.795456,0.0004195625,447.01318359375
run2_same_dec_same_len,"Two regression tasks, same decoder arch, same seq_len (heartrate + sysbp interleaved, both MLP 768→1)",16,40,heartrate→sysbp,"heartrate,sysbp,heartrate,sysbp,heartrate,sysbp,heartrate,sysbp,heartrate,sysbp,heartrate,sysbp,heartrate,sysbp,heartrate,sysbp",3.293507,16.439613,1.0274758125,0.815190875,13.043054,0.0004366875,447.01318359375
run2_same_dec_same_len,"Two regression tasks, same decoder arch, same seq_len (heartrate + sysbp interleaved, both MLP 768→1)",16,41,heartrate→sysbp,"heartrate,sysbp,heartrate,sysbp,heartrate,sysbp,heartrate,sysbp,heartrate,sysbp,heartrate,sysbp,heartrate,sysbp,heartrate,sysbp",3.449568,16.604655,1.0377909375,0.8151946875,13.043115,0.000452875,447.01318359375
run2_same_dec_same_len,"Two regression tasks, same decoder arch, same seq_len (heartrate + sysbp interleaved, both MLP 768→1)",16,42,heartrate→sysbp,"heartrate,sysbp,heartrate,sysbp,heartrate,sysbp,heartrate,sysbp,heartrate,sysbp,heartrate,sysbp,heartrate,sysbp,heartrate,sysbp",3.690955,16.634541,1.0396588125,0.801592625,12.825482,0.0004540625,447.01318359375
run2_same_dec_same_len,"Two regression tasks, same decoder arch, same seq_len (heartrate + sysbp interleaved, both MLP 768→1)",16,43,heartrate→sysbp,"heartrate,sysbp,heartrate,sysbp,heartrate,sysbp,heartrate,sysbp,heartrate,sysbp,heartrate,sysbp,heartrate,sysbp,heartrate,sysbp",3.357682,16.360336,1.022521,0.806403375,12.902454,0.0004280625,447.01318359375
run2_same_dec_same_len,"Two regression tasks, same decoder arch, same seq_len (heartrate + sysbp interleaved, both MLP 768→1)",16,44,heartrate→sysbp,"heartrate,sysbp,heartrate,sysbp,heartrate,sysbp,heartrate,sysbp,heartrate,sysbp,heartrate,sysbp,heartrate,sysbp,heartrate,sysbp",3.232471,16.201893,1.0126183125,0.8045244375,12.872391,0.0004224375,447.01318359375
run2_same_dec_same_len,"Two regression tasks, same decoder arch, same seq_len (heartrate + sysbp interleaved, both MLP 768→1)",16,45,heartrate→sysbp,"heartrate,sysbp,heartrate,sysbp,heartrate,sysbp,heartrate,sysbp,heartrate,sysbp,heartrate,sysbp,heartrate,sysbp,heartrate,sysbp",3.324376,16.287652,1.01797825,0.8040328125,12.864525,0.0004216875,447.01318359375
run2_same_dec_same_len,"Two regression tasks, same decoder arch, same seq_len (heartrate + sysbp interleaved, both MLP 768→1)",16,46,heartrate→sysbp,"heartrate,sysbp,heartrate,sysbp,heartrate,sysbp,heartrate,sysbp,heartrate,sysbp,heartrate,sysbp,heartrate,sysbp,heartrate,sysbp",3.247001,16.294891,1.0184306875,0.8092205625,12.947529,0.000433375,447.01318359375
run2_same_dec_same_len,"Two regression tasks, same decoder arch, same seq_len (heartrate + sysbp interleaved, both MLP 768→1)",16,47,heartrate→sysbp,"heartrate,sysbp,heartrate,sysbp,heartrate,sysbp,heartrate,sysbp,heartrate,sysbp,heartrate,sysbp,heartrate,sysbp,heartrate,sysbp",3.23781,16.35089,1.021930625,0.8133763125,13.014021,0.00043625,447.01318359375
run2_same_dec_same_len,"Two regression tasks, same decoder arch, same seq_len (heartrate + sysbp interleaved, both MLP 768→1)",16,48,heartrate→sysbp,"heartrate,sysbp,heartrate,sysbp,heartrate,sysbp,heartrate,sysbp,heartrate,sysbp,heartrate,sysbp,heartrate,sysbp,heartrate,sysbp",3.291052,16.363256,1.0227035,0.810759625,12.972154,0.0004104375,447.01318359375
run2_same_dec_same_len,"Two regression tasks, same decoder arch, same seq_len (heartrate + sysbp interleaved, both MLP 768→1)",16,49,heartrate→sysbp,"heartrate,sysbp,heartrate,sysbp,heartrate,sysbp,heartrate,sysbp,heartrate,sysbp,heartrate,sysbp,heartrate,sysbp,heartrate,sysbp",3.23521,16.164739,1.0102961875,0.80195025,12.831204,0.000410625,447.01318359375
run2_same_dec_same_len,"Two regression tasks, same decoder arch, same seq_len (heartrate + sysbp interleaved, both MLP 768→1)",32,0,heartrate→sysbp,"heartrate,sysbp,heartrate,sysbp,heartrate,sysbp,heartrate,sysbp,heartrate,sysbp,heartrate,sysbp,heartrate,sysbp,heartrate,sysbp,heartrate,sysbp,heartrate,sysbp,heartrate,sysbp,heartrate,sysbp,heartrate,sysbp,heartrate,sysbp,heartrate,sysbp,heartrate,sysbp",3.407587,30.758146,0.9611920625,0.85104346875,27.233391,0.00040575,450.01318359375
run2_same_dec_same_len,"Two regression tasks, same decoder arch, same seq_len (heartrate + sysbp interleaved, both MLP 768→1)",32,1,heartrate→sysbp,"heartrate,sysbp,heartrate,sysbp,heartrate,sysbp,heartrate,sysbp,heartrate,sysbp,heartrate,sysbp,heartrate,sysbp,heartrate,sysbp,heartrate,sysbp,heartrate,sysbp,heartrate,sysbp,heartrate,sysbp,heartrate,sysbp,heartrate,sysbp,heartrate,sysbp,heartrate,sysbp",3.350521,30.648857,0.95777678125,0.84944284375,27.182171,0.0004085625,450.01318359375
run2_same_dec_same_len,"Two regression tasks, same decoder arch, same seq_len (heartrate + sysbp interleaved, both MLP 768→1)",32,2,heartrate→sysbp,"heartrate,sysbp,heartrate,sysbp,heartrate,sysbp,heartrate,sysbp,heartrate,sysbp,heartrate,sysbp,heartrate,sysbp,heartrate,sysbp,heartrate,sysbp,heartrate,sysbp,heartrate,sysbp,heartrate,sysbp,heartrate,sysbp,heartrate,sysbp,heartrate,sysbp,heartrate,sysbp",3.278606,30.554702,0.9548344375,0.84875090625,27.160029,0.00040078125,450.01318359375
run2_same_dec_same_len,"Two regression tasks, same decoder arch, same seq_len (heartrate + sysbp interleaved, both MLP 768→1)",32,3,heartrate→sysbp,"heartrate,sysbp,heartrate,sysbp,heartrate,sysbp,heartrate,sysbp,heartrate,sysbp,heartrate,sysbp,heartrate,sysbp,heartrate,sysbp,heartrate,sysbp,heartrate,sysbp,heartrate,sysbp,heartrate,sysbp,heartrate,sysbp,heartrate,sysbp,heartrate,sysbp,heartrate,sysbp",3.352113,30.825916,0.963309875,0.854862875,27.355612,0.00041003125,450.01318359375
run2_same_dec_same_len,"Two regression tasks, same decoder arch, same seq_len (heartrate + sysbp interleaved, both MLP 768→1)",32,4,heartrate→sysbp,"heartrate,sysbp,heartrate,sysbp,heartrate,sysbp,heartrate,sysbp,heartrate,sysbp,heartrate,sysbp,heartrate,sysbp,heartrate,sysbp,heartrate,sysbp,heartrate,sysbp,heartrate,sysbp,heartrate,sysbp,heartrate,sysbp,heartrate,sysbp,heartrate,sysbp,heartrate,sysbp",3.278776,30.57265,0.9553953125,0.84933746875,27.178799,0.00041271875,450.01318359375
run2_same_dec_same_len,"Two regression tasks, same decoder arch, same seq_len (heartrate + sysbp interleaved, both MLP 768→1)",32,5,heartrate→sysbp,"heartrate,sysbp,heartrate,sysbp,heartrate,sysbp,heartrate,sysbp,heartrate,sysbp,heartrate,sysbp,heartrate,sysbp,heartrate,sysbp,heartrate,sysbp,heartrate,sysbp,heartrate,sysbp,heartrate,sysbp,heartrate,sysbp,heartrate,sysbp,heartrate,sysbp,heartrate,sysbp",3.699483,32.069599,1.00217496875,0.8823901875,28.236486,0.000526625,450.01318359375
run2_same_dec_same_len,"Two regression tasks, same decoder arch, same seq_len (heartrate + sysbp interleaved, both MLP 768→1)",32,6,heartrate→sysbp,"heartrate,sysbp,heartrate,sysbp,heartrate,sysbp,heartrate,sysbp,heartrate,sysbp,heartrate,sysbp,heartrate,sysbp,heartrate,sysbp,heartrate,sysbp,heartrate,sysbp,heartrate,sysbp,heartrate,sysbp,heartrate,sysbp,heartrate,sysbp,heartrate,sysbp,heartrate,sysbp",3.842396,31.347781,0.97961815625,0.85479971875,27.353591,0.0005360625,450.01318359375
run2_same_dec_same_len,"Two regression tasks, same decoder arch, same seq_len (heartrate + sysbp interleaved, both MLP 768→1)",32,7,heartrate→sysbp,"heartrate,sysbp,heartrate,sysbp,heartrate,sysbp,heartrate,sysbp,heartrate,sysbp,heartrate,sysbp,heartrate,sysbp,heartrate,sysbp,heartrate,sysbp,heartrate,sysbp,heartrate,sysbp,heartrate,sysbp,heartrate,sysbp,heartrate,sysbp,heartrate,sysbp,heartrate,sysbp",3.798503,31.107655,0.97211421875,0.8489634375,27.16683,0.000430875,450.01318359375
run2_same_dec_same_len,"Two regression tasks, same decoder arch, same seq_len (heartrate + sysbp interleaved, both MLP 768→1)",32,8,heartrate→sysbp,"heartrate,sysbp,heartrate,sysbp,heartrate,sysbp,heartrate,sysbp,heartrate,sysbp,heartrate,sysbp,heartrate,sysbp,heartrate,sysbp,heartrate,sysbp,heartrate,sysbp,heartrate,sysbp,heartrate,sysbp,heartrate,sysbp,heartrate,sysbp,heartrate,sysbp,heartrate,sysbp",3.577782,31.171682,0.9741150625,0.858062625,27.458004,0.000454625,450.01318359375
run2_same_dec_same_len,"Two regression tasks, same decoder arch, same seq_len (heartrate + sysbp interleaved, both MLP 768→1)",32,9,heartrate→sysbp,"heartrate,sysbp,heartrate,sysbp,heartrate,sysbp,heartrate,sysbp,heartrate,sysbp,heartrate,sysbp,heartrate,sysbp,heartrate,sysbp,heartrate,sysbp,heartrate,sysbp,heartrate,sysbp,heartrate,sysbp,heartrate,sysbp,heartrate,sysbp,heartrate,sysbp,heartrate,sysbp",3.613163,30.931991,0.96662471875,0.8497345,27.191504,0.00042415625,450.01318359375
run2_same_dec_same_len,"Two regression tasks, same decoder arch, same seq_len (heartrate + sysbp interleaved, both MLP 768→1)",32,10,heartrate→sysbp,"heartrate,sysbp,heartrate,sysbp,heartrate,sysbp,heartrate,sysbp,heartrate,sysbp,heartrate,sysbp,heartrate,sysbp,heartrate,sysbp,heartrate,sysbp,heartrate,sysbp,heartrate,sysbp,heartrate,sysbp,heartrate,sysbp,heartrate,sysbp,heartrate,sysbp,heartrate,sysbp",3.510779,30.921141,0.96628565625,0.85275225,27.288072,0.000399375,450.01318359375
run2_same_dec_same_len,"Two regression tasks, same decoder arch, same seq_len (heartrate + sysbp interleaved, both MLP 768→1)",32,11,heartrate→sysbp,"heartrate,sysbp,heartrate,sysbp,heartrate,sysbp,heartrate,sysbp,heartrate,sysbp,heartrate,sysbp,heartrate,sysbp,heartrate,sysbp,heartrate,sysbp,heartrate,sysbp,heartrate,sysbp,heartrate,sysbp,heartrate,sysbp,heartrate,sysbp,heartrate,sysbp,heartrate,sysbp",3.461317,30.932319,0.96663496875,0.8545005625,27.344018,0.0004056875,450.01318359375
run2_same_dec_same_len,"Two regression tasks, same decoder arch, same seq_len (heartrate + sysbp interleaved, both MLP 768→1)",32,12,heartrate→sysbp,"heartrate,sysbp,heartrate,sysbp,heartrate,sysbp,heartrate,sysbp,heartrate,sysbp,heartrate,sysbp,heartrate,sysbp,heartrate,sysbp,heartrate,sysbp,heartrate,sysbp,heartrate,sysbp,heartrate,sysbp,heartrate,sysbp,heartrate,sysbp,heartrate,sysbp,heartrate,sysbp",3.665853,31.19001,0.9746878125,0.8557524375,27.384078,0.00039946875,450.01318359375
run2_same_dec_same_len,"Two regression tasks, same decoder arch, same seq_len (heartrate + sysbp interleaved, both MLP 768→1)",32,13,heartrate→sysbp,"heartrate,sysbp,heartrate,sysbp,heartrate,sysbp,heartrate,sysbp,heartrate,sysbp,heartrate,sysbp,heartrate,sysbp,heartrate,sysbp,heartrate,sysbp,heartrate,sysbp,heartrate,sysbp,heartrate,sysbp,heartrate,sysbp,heartrate,sysbp,heartrate,sysbp,heartrate,sysbp",3.805127,30.858467,0.96432709375,0.84125015625,26.920005,0.0003966875,450.01318359375
run2_same_dec_same_len,"Two regression tasks, same decoder arch, same seq_len (heartrate + sysbp interleaved, both MLP 768→1)",32,14,heartrate→sysbp,"heartrate,sysbp,heartrate,sysbp,heartrate,sysbp,heartrate,sysbp,heartrate,sysbp,heartrate,sysbp,heartrate,sysbp,heartrate,sysbp,heartrate,sysbp,heartrate,sysbp,heartrate,sysbp,heartrate,sysbp,heartrate,sysbp,heartrate,sysbp,heartrate,sysbp,heartrate,sysbp",3.618963,30.919565,0.96623640625,0.84916940625,27.173421,0.00043328125,450.01318359375
run2_same_dec_same_len,"Two regression tasks, same decoder arch, same seq_len (heartrate + sysbp interleaved, both MLP 768→1)",32,15,heartrate→sysbp,"heartrate,sysbp,heartrate,sysbp,heartrate,sysbp,heartrate,sysbp,heartrate,sysbp,heartrate,sysbp,heartrate,sysbp,heartrate,sysbp,heartrate,sysbp,heartrate,sysbp,heartrate,sysbp,heartrate,sysbp,heartrate,sysbp,heartrate,sysbp,heartrate,sysbp,heartrate,sysbp",3.587772,30.930801,0.96658753125,0.8506611875,27.221158,0.00040509375,450.01318359375
run2_same_dec_same_len,"Two regression tasks, same decoder arch, same seq_len (heartrate + sysbp interleaved, both MLP 768→1)",32,16,heartrate→sysbp,"heartrate,sysbp,heartrate,sysbp,heartrate,sysbp,heartrate,sysbp,heartrate,sysbp,heartrate,sysbp,heartrate,sysbp,heartrate,sysbp,heartrate,sysbp,heartrate,sysbp,heartrate,sysbp,heartrate,sysbp,heartrate,sysbp,heartrate,sysbp,heartrate,sysbp,heartrate,sysbp",3.519581,30.724983,0.96015571875,0.84647896875,27.087327,0.00038915625,450.01318359375
run2_same_dec_same_len,"Two regression tasks, same decoder arch, same seq_len (heartrate + sysbp interleaved, both MLP 768→1)",32,17,heartrate→sysbp,"heartrate,sysbp,heartrate,sysbp,heartrate,sysbp,heartrate,sysbp,heartrate,sysbp,heartrate,sysbp,heartrate,sysbp,heartrate,sysbp,heartrate,sysbp,heartrate,sysbp,heartrate,sysbp,heartrate,sysbp,heartrate,sysbp,heartrate,sysbp,heartrate,sysbp,heartrate,sysbp",3.377466,30.719462,0.9599831875,0.850817125,27.226148,0.0003886875,450.01318359375
run2_same_dec_same_len,"Two regression tasks, same decoder arch, same seq_len (heartrate + sysbp interleaved, both MLP 768→1)",32,18,heartrate→sysbp,"heartrate,sysbp,heartrate,sysbp,heartrate,sysbp,heartrate,sysbp,heartrate,sysbp,heartrate,sysbp,heartrate,sysbp,heartrate,sysbp,heartrate,sysbp,heartrate,sysbp,heartrate,sysbp,heartrate,sysbp,heartrate,sysbp,heartrate,sysbp,heartrate,sysbp,heartrate,sysbp",3.340216,30.865185,0.96453703125,0.8564423125,27.406154,0.00043234375,450.01318359375
run2_same_dec_same_len,"Two regression tasks, same decoder arch, same seq_len (heartrate + sysbp interleaved, both MLP 768→1)",32,19,heartrate→sysbp,"heartrate,sysbp,heartrate,sysbp,heartrate,sysbp,heartrate,sysbp,heartrate,sysbp,heartrate,sysbp,heartrate,sysbp,heartrate,sysbp,heartrate,sysbp,heartrate,sysbp,heartrate,sysbp,heartrate,sysbp,heartrate,sysbp,heartrate,sysbp,heartrate,sysbp,heartrate,sysbp",3.602397,31.078971,0.97121784375,0.854681375,27.349804,0.00040165625,450.01318359375
run2_same_dec_same_len,"Two regression tasks, same decoder arch, same seq_len (heartrate + sysbp interleaved, both MLP 768→1)",32,20,heartrate→sysbp,"heartrate,sysbp,heartrate,sysbp,heartrate,sysbp,heartrate,sysbp,heartrate,sysbp,heartrate,sysbp,heartrate,sysbp,heartrate,sysbp,heartrate,sysbp,heartrate,sysbp,heartrate,sysbp,heartrate,sysbp,heartrate,sysbp,heartrate,sysbp,heartrate,sysbp,heartrate,sysbp",3.547263,30.747702,0.9608656875,0.8461385,27.076432,0.00040803125,450.01318359375
run2_same_dec_same_len,"Two regression tasks, same decoder arch, same seq_len (heartrate + sysbp interleaved, both MLP 768→1)",32,21,heartrate→sysbp,"heartrate,sysbp,heartrate,sysbp,heartrate,sysbp,heartrate,sysbp,heartrate,sysbp,heartrate,sysbp,heartrate,sysbp,heartrate,sysbp,heartrate,sysbp,heartrate,sysbp,heartrate,sysbp,heartrate,sysbp,heartrate,sysbp,heartrate,sysbp,heartrate,sysbp,heartrate,sysbp",3.492181,30.957678,0.9674274375,0.85446990625,27.343037,0.000397875,450.01318359375
run2_same_dec_same_len,"Two regression tasks, same decoder arch, same seq_len (heartrate + sysbp interleaved, both MLP 768→1)",32,22,heartrate→sysbp,"heartrate,sysbp,heartrate,sysbp,heartrate,sysbp,heartrate,sysbp,heartrate,sysbp,heartrate,sysbp,heartrate,sysbp,heartrate,sysbp,heartrate,sysbp,heartrate,sysbp,heartrate,sysbp,heartrate,sysbp,heartrate,sysbp,heartrate,sysbp,heartrate,sysbp,heartrate,sysbp",3.455742,31.057153,0.97053603125,0.85845165625,27.470453,0.0005376875,450.01318359375
run2_same_dec_same_len,"Two regression tasks, same decoder arch, same seq_len (heartrate + sysbp interleaved, both MLP 768→1)",32,23,heartrate→sysbp,"heartrate,sysbp,heartrate,sysbp,heartrate,sysbp,heartrate,sysbp,heartrate,sysbp,heartrate,sysbp,heartrate,sysbp,heartrate,sysbp,heartrate,sysbp,heartrate,sysbp,heartrate,sysbp,heartrate,sysbp,heartrate,sysbp,heartrate,sysbp,heartrate,sysbp,heartrate,sysbp",3.697556,31.130604,0.972831375,0.853060125,27.297924,0.0004316875,450.01318359375
run2_same_dec_same_len,"Two regression tasks, same decoder arch, same seq_len (heartrate + sysbp interleaved, both MLP 768→1)",32,24,heartrate→sysbp,"heartrate,sysbp,heartrate,sysbp,heartrate,sysbp,heartrate,sysbp,heartrate,sysbp,heartrate,sysbp,heartrate,sysbp,heartrate,sysbp,heartrate,sysbp,heartrate,sysbp,heartrate,sysbp,heartrate,sysbp,heartrate,sysbp,heartrate,sysbp,heartrate,sysbp,heartrate,sysbp",3.439002,30.566481,0.95520253125,0.844091,27.010912,0.00038471875,450.01318359375
run2_same_dec_same_len,"Two regression tasks, same decoder arch, same seq_len (heartrate + sysbp interleaved, both MLP 768→1)",32,25,heartrate→sysbp,"heartrate,sysbp,heartrate,sysbp,heartrate,sysbp,heartrate,sysbp,heartrate,sysbp,heartrate,sysbp,heartrate,sysbp,heartrate,sysbp,heartrate,sysbp,heartrate,sysbp,heartrate,sysbp,heartrate,sysbp,heartrate,sysbp,heartrate,sysbp,heartrate,sysbp,heartrate,sysbp",3.350309,30.618065,0.95681453125,0.8483974375,27.148718,0.00038959375,450.01318359375
run2_same_dec_same_len,"Two regression tasks, same decoder arch, same seq_len (heartrate + sysbp interleaved, both MLP 768→1)",32,26,heartrate→sysbp,"heartrate,sysbp,heartrate,sysbp,heartrate,sysbp,heartrate,sysbp,heartrate,sysbp,heartrate,sysbp,heartrate,sysbp,heartrate,sysbp,heartrate,sysbp,heartrate,sysbp,heartrate,sysbp,heartrate,sysbp,heartrate,sysbp,heartrate,sysbp,heartrate,sysbp,heartrate,sysbp",3.274909,30.671647,0.95848896875,0.85253628125,27.281161,0.00039259375,450.01318359375
run2_same_dec_same_len,"Two regression tasks, same decoder arch, same seq_len (heartrate + sysbp interleaved, both MLP 768→1)",32,27,heartrate→sysbp,"heartrate,sysbp,heartrate,sysbp,heartrate,sysbp,heartrate,sysbp,heartrate,sysbp,heartrate,sysbp,heartrate,sysbp,heartrate,sysbp,heartrate,sysbp,heartrate,sysbp,heartrate,sysbp,heartrate,sysbp,heartrate,sysbp,heartrate,sysbp,heartrate,sysbp,heartrate,sysbp",3.256909,30.975841,0.96799503125,0.86251740625,27.600557,0.0004115,450.01318359375
run2_same_dec_same_len,"Two regression tasks, same decoder arch, same seq_len (heartrate + sysbp interleaved, both MLP 768→1)",32,28,heartrate→sysbp,"heartrate,sysbp,heartrate,sysbp,heartrate,sysbp,heartrate,sysbp,heartrate,sysbp,heartrate,sysbp,heartrate,sysbp,heartrate,sysbp,heartrate,sysbp,heartrate,sysbp,heartrate,sysbp,heartrate,sysbp,heartrate,sysbp,heartrate,sysbp,heartrate,sysbp,heartrate,sysbp",3.651388,31.088983,0.97153071875,0.85331678125,27.306137,0.00043553125,450.01318359375
run2_same_dec_same_len,"Two regression tasks, same decoder arch, same seq_len (heartrate + sysbp interleaved, both MLP 768→1)",32,29,heartrate→sysbp,"heartrate,sysbp,heartrate,sysbp,heartrate,sysbp,heartrate,sysbp,heartrate,sysbp,heartrate,sysbp,heartrate,sysbp,heartrate,sysbp,heartrate,sysbp,heartrate,sysbp,heartrate,sysbp,heartrate,sysbp,heartrate,sysbp,heartrate,sysbp,heartrate,sysbp,heartrate,sysbp",3.583031,30.709341,0.95966690625,0.84387109375,27.003875,0.0003875,450.01318359375
run2_same_dec_same_len,"Two regression tasks, same decoder arch, same seq_len (heartrate + sysbp interleaved, both MLP 768→1)",32,30,heartrate→sysbp,"heartrate,sysbp,heartrate,sysbp,heartrate,sysbp,heartrate,sysbp,heartrate,sysbp,heartrate,sysbp,heartrate,sysbp,heartrate,sysbp,heartrate,sysbp,heartrate,sysbp,heartrate,sysbp,heartrate,sysbp,heartrate,sysbp,heartrate,sysbp,heartrate,sysbp,heartrate,sysbp",3.413475,30.985267,0.96828959375,0.85787040625,27.451853,0.00041140625,450.01318359375
run2_same_dec_same_len,"Two regression tasks, same decoder arch, same seq_len (heartrate + sysbp interleaved, both MLP 768→1)",32,31,heartrate→sysbp,"heartrate,sysbp,heartrate,sysbp,heartrate,sysbp,heartrate,sysbp,heartrate,sysbp,heartrate,sysbp,heartrate,sysbp,heartrate,sysbp,heartrate,sysbp,heartrate,sysbp,heartrate,sysbp,heartrate,sysbp,heartrate,sysbp,heartrate,sysbp,heartrate,sysbp,heartrate,sysbp",3.365736,30.759564,0.961236375,0.8523605,27.275536,0.00040403125,450.01318359375
run2_same_dec_same_len,"Two regression tasks, same decoder arch, same seq_len (heartrate + sysbp interleaved, both MLP 768→1)",32,32,heartrate→sysbp,"heartrate,sysbp,heartrate,sysbp,heartrate,sysbp,heartrate,sysbp,heartrate,sysbp,heartrate,sysbp,heartrate,sysbp,heartrate,sysbp,heartrate,sysbp,heartrate,sysbp,heartrate,sysbp,heartrate,sysbp,heartrate,sysbp,heartrate,sysbp,heartrate,sysbp,heartrate,sysbp",3.377706,31.168261,0.97400815625,0.86471653125,27.670929,0.00041490625,450.01318359375
run2_same_dec_same_len,"Two regression tasks, same decoder arch, same seq_len (heartrate + sysbp interleaved, both MLP 768→1)",32,33,heartrate→sysbp,"heartrate,sysbp,heartrate,sysbp,heartrate,sysbp,heartrate,sysbp,heartrate,sysbp,heartrate,sysbp,heartrate,sysbp,heartrate,sysbp,heartrate,sysbp,heartrate,sysbp,heartrate,sysbp,heartrate,sysbp,heartrate,sysbp,heartrate,sysbp,heartrate,sysbp,heartrate,sysbp",3.593679,30.652079,0.95787746875,0.8416391875,26.932454,0.0004049375,450.01318359375
run2_same_dec_same_len,"Two regression tasks, same decoder arch, same seq_len (heartrate + sysbp interleaved, both MLP 768→1)",32,34,heartrate→sysbp,"heartrate,sysbp,heartrate,sysbp,heartrate,sysbp,heartrate,sysbp,heartrate,sysbp,heartrate,sysbp,heartrate,sysbp,heartrate,sysbp,heartrate,sysbp,heartrate,sysbp,heartrate,sysbp,heartrate,sysbp,heartrate,sysbp,heartrate,sysbp,heartrate,sysbp,heartrate,sysbp",3.50431,30.997674,0.9686773125,0.85519996875,27.366399,0.00041515625,450.01318359375
run2_same_dec_same_len,"Two regression tasks, same decoder arch, same seq_len (heartrate + sysbp interleaved, both MLP 768→1)",32,35,heartrate→sysbp,"heartrate,sysbp,heartrate,sysbp,heartrate,sysbp,heartrate,sysbp,heartrate,sysbp,heartrate,sysbp,heartrate,sysbp,heartrate,sysbp,heartrate,sysbp,heartrate,sysbp,heartrate,sysbp,heartrate,sysbp,heartrate,sysbp,heartrate,sysbp,heartrate,sysbp,heartrate,sysbp",3.370664,30.555888,0.9548715,0.84590828125,27.069065,0.000377,450.01318359375
run2_same_dec_same_len,"Two regression tasks, same decoder arch, same seq_len (heartrate + sysbp interleaved, both MLP 768→1)",32,36,heartrate→sysbp,"heartrate,sysbp,heartrate,sysbp,heartrate,sysbp,heartrate,sysbp,heartrate,sysbp,heartrate,sysbp,heartrate,sysbp,heartrate,sysbp,heartrate,sysbp,heartrate,sysbp,heartrate,sysbp,heartrate,sysbp,heartrate,sysbp,heartrate,sysbp,heartrate,sysbp,heartrate,sysbp",3.313147,30.813418,0.9629193125,0.8555395,27.377264,0.00042684375,450.01318359375
run2_same_dec_same_len,"Two regression tasks, same decoder arch, same seq_len (heartrate + sysbp interleaved, both MLP 768→1)",32,37,heartrate→sysbp,"heartrate,sysbp,heartrate,sysbp,heartrate,sysbp,heartrate,sysbp,heartrate,sysbp,heartrate,sysbp,heartrate,sysbp,heartrate,sysbp,heartrate,sysbp,heartrate,sysbp,heartrate,sysbp,heartrate,sysbp,heartrate,sysbp,heartrate,sysbp,heartrate,sysbp,heartrate,sysbp",3.467274,31.042156,0.970067375,0.857755375,27.448172,0.00042796875,450.01318359375
run2_same_dec_same_len,"Two regression tasks, same decoder arch, same seq_len (heartrate + sysbp interleaved, both MLP 768→1)",32,38,heartrate→sysbp,"heartrate,sysbp,heartrate,sysbp,heartrate,sysbp,heartrate,sysbp,heartrate,sysbp,heartrate,sysbp,heartrate,sysbp,heartrate,sysbp,heartrate,sysbp,heartrate,sysbp,heartrate,sysbp,heartrate,sysbp,heartrate,sysbp,heartrate,sysbp,heartrate,sysbp,heartrate,sysbp",3.630893,30.947848,0.96712025,0.84962803125,27.188097,0.000424625,450.01318359375
run2_same_dec_same_len,"Two regression tasks, same decoder arch, same seq_len (heartrate + sysbp interleaved, both MLP 768→1)",32,39,heartrate→sysbp,"heartrate,sysbp,heartrate,sysbp,heartrate,sysbp,heartrate,sysbp,heartrate,sysbp,heartrate,sysbp,heartrate,sysbp,heartrate,sysbp,heartrate,sysbp,heartrate,sysbp,heartrate,sysbp,heartrate,sysbp,heartrate,sysbp,heartrate,sysbp,heartrate,sysbp,heartrate,sysbp",3.745171,31.243893,0.97637165625,0.85532053125,27.370257,0.0004336875,450.01318359375
run2_same_dec_same_len,"Two regression tasks, same decoder arch, same seq_len (heartrate + sysbp interleaved, both MLP 768→1)",32,40,heartrate→sysbp,"heartrate,sysbp,heartrate,sysbp,heartrate,sysbp,heartrate,sysbp,heartrate,sysbp,heartrate,sysbp,heartrate,sysbp,heartrate,sysbp,heartrate,sysbp,heartrate,sysbp,heartrate,sysbp,heartrate,sysbp,heartrate,sysbp,heartrate,sysbp,heartrate,sysbp,heartrate,sysbp",3.561965,30.778024,0.96181325,0.84659715625,27.091109,0.00042234375,450.01318359375
run2_same_dec_same_len,"Two regression tasks, same decoder arch, same seq_len (heartrate + sysbp interleaved, both MLP 768→1)",32,41,heartrate→sysbp,"heartrate,sysbp,heartrate,sysbp,heartrate,sysbp,heartrate,sysbp,heartrate,sysbp,heartrate,sysbp,heartrate,sysbp,heartrate,sysbp,heartrate,sysbp,heartrate,sysbp,heartrate,sysbp,heartrate,sysbp,heartrate,sysbp,heartrate,sysbp,heartrate,sysbp,heartrate,sysbp",3.463397,30.928066,0.9665020625,0.8544834375,27.34347,0.00039890625,450.01318359375
run2_same_dec_same_len,"Two regression tasks, same decoder arch, same seq_len (heartrate + sysbp interleaved, both MLP 768→1)",32,42,heartrate→sysbp,"heartrate,sysbp,heartrate,sysbp,heartrate,sysbp,heartrate,sysbp,heartrate,sysbp,heartrate,sysbp,heartrate,sysbp,heartrate,sysbp,heartrate,sysbp,heartrate,sysbp,heartrate,sysbp,heartrate,sysbp,heartrate,sysbp,heartrate,sysbp,heartrate,sysbp,heartrate,sysbp",3.465412,30.68166,0.958801875,0.8467386875,27.095638,0.00040290625,450.01318359375
run2_same_dec_same_len,"Two regression tasks, same decoder arch, same seq_len (heartrate + sysbp interleaved, both MLP 768→1)",32,43,heartrate→sysbp,"heartrate,sysbp,heartrate,sysbp,heartrate,sysbp,heartrate,sysbp,heartrate,sysbp,heartrate,sysbp,heartrate,sysbp,heartrate,sysbp,heartrate,sysbp,heartrate,sysbp,heartrate,sysbp,heartrate,sysbp,heartrate,sysbp,heartrate,sysbp,heartrate,sysbp,heartrate,sysbp",3.367793,30.897696,0.965553,0.85658315625,27.410661,0.00039765625,450.01318359375
run2_same_dec_same_len,"Two regression tasks, same decoder arch, same seq_len (heartrate + sysbp interleaved, both MLP 768→1)",32,44,heartrate→sysbp,"heartrate,sysbp,heartrate,sysbp,heartrate,sysbp,heartrate,sysbp,heartrate,sysbp,heartrate,sysbp,heartrate,sysbp,heartrate,sysbp,heartrate,sysbp,heartrate,sysbp,heartrate,sysbp,heartrate,sysbp,heartrate,sysbp,heartrate,sysbp,heartrate,sysbp,heartrate,sysbp",3.313115,30.584893,0.95577790625,0.8485766875,27.154454,0.0004076875,450.01318359375
run2_same_dec_same_len,"Two regression tasks, same decoder arch, same seq_len (heartrate + sysbp interleaved, both MLP 768→1)",32,45,heartrate→sysbp,"heartrate,sysbp,heartrate,sysbp,heartrate,sysbp,heartrate,sysbp,heartrate,sysbp,heartrate,sysbp,heartrate,sysbp,heartrate,sysbp,heartrate,sysbp,heartrate,sysbp,heartrate,sysbp,heartrate,sysbp,heartrate,sysbp,heartrate,sysbp,heartrate,sysbp,heartrate,sysbp",3.346962,31.027966,0.9696239375,0.86125034375,27.560011,0.00041584375,450.01318359375
run2_same_dec_same_len,"Two regression tasks, same decoder arch, same seq_len (heartrate + sysbp interleaved, both MLP 768→1)",32,46,heartrate→sysbp,"heartrate,sysbp,heartrate,sysbp,heartrate,sysbp,heartrate,sysbp,heartrate,sysbp,heartrate,sysbp,heartrate,sysbp,heartrate,sysbp,heartrate,sysbp,heartrate,sysbp,heartrate,sysbp,heartrate,sysbp,heartrate,sysbp,heartrate,sysbp,heartrate,sysbp,heartrate,sysbp",3.457155,30.811034,0.9628448125,0.8509695625,27.231026,0.000434125,450.01318359375
run2_same_dec_same_len,"Two regression tasks, same decoder arch, same seq_len (heartrate + sysbp interleaved, both MLP 768→1)",32,47,heartrate→sysbp,"heartrate,sysbp,heartrate,sysbp,heartrate,sysbp,heartrate,sysbp,heartrate,sysbp,heartrate,sysbp,heartrate,sysbp,heartrate,sysbp,heartrate,sysbp,heartrate,sysbp,heartrate,sysbp,heartrate,sysbp,heartrate,sysbp,heartrate,sysbp,heartrate,sysbp,heartrate,sysbp",3.431001,30.600229,0.95625715625,0.83869609375,26.838275,0.00043203125,450.01318359375
run2_same_dec_same_len,"Two regression tasks, same decoder arch, same seq_len (heartrate + sysbp interleaved, both MLP 768→1)",32,48,heartrate→sysbp,"heartrate,sysbp,heartrate,sysbp,heartrate,sysbp,heartrate,sysbp,heartrate,sysbp,heartrate,sysbp,heartrate,sysbp,heartrate,sysbp,heartrate,sysbp,heartrate,sysbp,heartrate,sysbp,heartrate,sysbp,heartrate,sysbp,heartrate,sysbp,heartrate,sysbp,heartrate,sysbp",3.34249,30.965778,0.9676805625,0.85957975,27.506552,0.00040440625,450.01318359375
run2_same_dec_same_len,"Two regression tasks, same decoder arch, same seq_len (heartrate + sysbp interleaved, both MLP 768→1)",32,49,heartrate→sysbp,"heartrate,sysbp,heartrate,sysbp,heartrate,sysbp,heartrate,sysbp,heartrate,sysbp,heartrate,sysbp,heartrate,sysbp,heartrate,sysbp,heartrate,sysbp,heartrate,sysbp,heartrate,sysbp,heartrate,sysbp,heartrate,sysbp,heartrate,sysbp,heartrate,sysbp,heartrate,sysbp",3.402133,30.746811,0.96083784375,0.8508266875,27.226454,0.000431125,450.01318359375
run3_same_dec_diff_len,"Same decoder (heartrate MLP), mixed seq_len (full 512 + zero-padded 256, interleaved)",1,0,heartrate→heartrate_short,heartrate,3.065728,3.278815,3.278815,0.133902,0.133902,0.000856,444.20068359375
run3_same_dec_diff_len,"Same decoder (heartrate MLP), mixed seq_len (full 512 + zero-padded 256, interleaved)",1,1,heartrate→heartrate_short,heartrate,3.09192,3.469898,3.469898,0.145015,0.145015,0.00082,444.20068359375
run3_same_dec_diff_len,"Same decoder (heartrate MLP), mixed seq_len (full 512 + zero-padded 256, interleaved)",1,2,heartrate→heartrate_short,heartrate,3.100411,3.31391,3.31391,0.134736,0.134736,0.000747,444.20068359375
run3_same_dec_diff_len,"Same decoder (heartrate MLP), mixed seq_len (full 512 + zero-padded 256, interleaved)",1,3,heartrate→heartrate_short,heartrate,3.091112,3.29957,3.29957,0.132448,0.132448,0.000906,444.20068359375
run3_same_dec_diff_len,"Same decoder (heartrate MLP), mixed seq_len (full 512 + zero-padded 256, interleaved)",1,4,heartrate→heartrate_short,heartrate,3.084549,3.304342,3.304342,0.141126,0.141126,0.000798,444.20068359375
run3_same_dec_diff_len,"Same decoder (heartrate MLP), mixed seq_len (full 512 + zero-padded 256, interleaved)",1,5,heartrate→heartrate_short,heartrate,3.175057,3.386499,3.386499,0.133923,0.133923,0.000806,444.20068359375
run3_same_dec_diff_len,"Same decoder (heartrate MLP), mixed seq_len (full 512 + zero-padded 256, interleaved)",1,6,heartrate→heartrate_short,heartrate,3.158276,3.400444,3.400444,0.145526,0.145526,0.000878,444.20068359375
run3_same_dec_diff_len,"Same decoder (heartrate MLP), mixed seq_len (full 512 + zero-padded 256, interleaved)",1,7,heartrate→heartrate_short,heartrate,3.101884,3.313956,3.313956,0.133483,0.133483,0.000815,444.20068359375
run3_same_dec_diff_len,"Same decoder (heartrate MLP), mixed seq_len (full 512 + zero-padded 256, interleaved)",1,8,heartrate→heartrate_short,heartrate,3.073661,3.287149,3.287149,0.13394,0.13394,0.000852,444.20068359375
run3_same_dec_diff_len,"Same decoder (heartrate MLP), mixed seq_len (full 512 + zero-padded 256, interleaved)",1,9,heartrate→heartrate_short,heartrate,3.114026,3.360227,3.360227,0.163491,0.163491,0.000865,444.20068359375
run3_same_dec_diff_len,"Same decoder (heartrate MLP), mixed seq_len (full 512 + zero-padded 256, interleaved)",1,10,heartrate→heartrate_short,heartrate,3.12636,3.348367,3.348367,0.140234,0.140234,0.000955,444.20068359375
run3_same_dec_diff_len,"Same decoder (heartrate MLP), mixed seq_len (full 512 + zero-padded 256, interleaved)",1,11,heartrate→heartrate_short,heartrate,3.128965,3.358772,3.358772,0.146063,0.146063,0.000819,444.20068359375
run3_same_dec_diff_len,"Same decoder (heartrate MLP), mixed seq_len (full 512 + zero-padded 256, interleaved)",1,12,heartrate→heartrate_short,heartrate,3.33935,3.554386,3.554386,0.136341,0.136341,0.00077,444.20068359375
run3_same_dec_diff_len,"Same decoder (heartrate MLP), mixed seq_len (full 512 + zero-padded 256, interleaved)",1,13,heartrate→heartrate_short,heartrate,3.198312,3.414861,3.414861,0.134692,0.134692,0.000831,444.20068359375
run3_same_dec_diff_len,"Same decoder (heartrate MLP), mixed seq_len (full 512 + zero-padded 256, interleaved)",1,14,heartrate→heartrate_short,heartrate,3.133208,3.3506,3.3506,0.137295,0.137295,0.000804,444.20068359375
run3_same_dec_diff_len,"Same decoder (heartrate MLP), mixed seq_len (full 512 + zero-padded 256, interleaved)",1,15,heartrate→heartrate_short,heartrate,3.127711,3.341095,3.341095,0.134741,0.134741,0.000738,444.20068359375
run3_same_dec_diff_len,"Same decoder (heartrate MLP), mixed seq_len (full 512 + zero-padded 256, interleaved)",1,16,heartrate→heartrate_short,heartrate,3.149266,3.368818,3.368818,0.13754,0.13754,0.000863,444.20068359375
run3_same_dec_diff_len,"Same decoder (heartrate MLP), mixed seq_len (full 512 + zero-padded 256, interleaved)",1,17,heartrate→heartrate_short,heartrate,3.142597,3.358733,3.358733,0.135169,0.135169,0.000878,444.20068359375
run3_same_dec_diff_len,"Same decoder (heartrate MLP), mixed seq_len (full 512 + zero-padded 256, interleaved)",1,18,heartrate→heartrate_short,heartrate,3.14724,3.372979,3.372979,0.140511,0.140511,0.000939,444.20068359375
run3_same_dec_diff_len,"Same decoder (heartrate MLP), mixed seq_len (full 512 + zero-padded 256, interleaved)",1,19,heartrate→heartrate_short,heartrate,3.152991,3.386858,3.386858,0.145286,0.145286,0.000892,444.20068359375
run3_same_dec_diff_len,"Same decoder (heartrate MLP), mixed seq_len (full 512 + zero-padded 256, interleaved)",1,20,heartrate→heartrate_short,heartrate,3.152967,3.389527,3.389527,0.144982,0.144982,0.001037,444.20068359375
run3_same_dec_diff_len,"Same decoder (heartrate MLP), mixed seq_len (full 512 + zero-padded 256, interleaved)",1,21,heartrate→heartrate_short,heartrate,3.158281,3.385129,3.385129,0.142982,0.142982,0.000908,444.20068359375
run3_same_dec_diff_len,"Same decoder (heartrate MLP), mixed seq_len (full 512 + zero-padded 256, interleaved)",1,22,heartrate→heartrate_short,heartrate,3.130018,3.546402,3.546402,0.331361,0.331361,0.000823,444.20068359375
run3_same_dec_diff_len,"Same decoder (heartrate MLP), mixed seq_len (full 512 + zero-padded 256, interleaved)",1,23,heartrate→heartrate_short,heartrate,3.144346,3.370411,3.370411,0.14067,0.14067,0.000854,444.20068359375
run3_same_dec_diff_len,"Same decoder (heartrate MLP), mixed seq_len (full 512 + zero-padded 256, interleaved)",1,24,heartrate→heartrate_short,heartrate,3.167501,3.394629,3.394629,0.139455,0.139455,0.00077,444.20068359375
run3_same_dec_diff_len,"Same decoder (heartrate MLP), mixed seq_len (full 512 + zero-padded 256, interleaved)",1,25,heartrate→heartrate_short,heartrate,3.138673,3.363653,3.363653,0.14175,0.14175,0.000905,444.20068359375
run3_same_dec_diff_len,"Same decoder (heartrate MLP), mixed seq_len (full 512 + zero-padded 256, interleaved)",1,26,heartrate→heartrate_short,heartrate,3.13584,3.367164,3.367164,0.146293,0.146293,0.000812,444.20068359375
run3_same_dec_diff_len,"Same decoder (heartrate MLP), mixed seq_len (full 512 + zero-padded 256, interleaved)",1,27,heartrate→heartrate_short,heartrate,3.142884,3.369359,3.369359,0.14161,0.14161,0.000885,444.20068359375
run3_same_dec_diff_len,"Same decoder (heartrate MLP), mixed seq_len (full 512 + zero-padded 256, interleaved)",1,28,heartrate→heartrate_short,heartrate,3.134423,3.36007,3.36007,0.14099,0.14099,0.000919,444.20068359375
run3_same_dec_diff_len,"Same decoder (heartrate MLP), mixed seq_len (full 512 + zero-padded 256, interleaved)",1,29,heartrate→heartrate_short,heartrate,3.220078,3.448535,3.448535,0.14231,0.14231,0.000949,444.20068359375
run3_same_dec_diff_len,"Same decoder (heartrate MLP), mixed seq_len (full 512 + zero-padded 256, interleaved)",1,30,heartrate→heartrate_short,heartrate,3.207548,3.435309,3.435309,0.141863,0.141863,0.00081,444.20068359375
run3_same_dec_diff_len,"Same decoder (heartrate MLP), mixed seq_len (full 512 + zero-padded 256, interleaved)",1,31,heartrate→heartrate_short,heartrate,3.179119,3.408441,3.408441,0.142255,0.142255,0.000765,444.20068359375
run3_same_dec_diff_len,"Same decoder (heartrate MLP), mixed seq_len (full 512 + zero-padded 256, interleaved)",1,32,heartrate→heartrate_short,heartrate,3.142094,3.372491,3.372491,0.143029,0.143029,0.000898,444.20068359375
run3_same_dec_diff_len,"Same decoder (heartrate MLP), mixed seq_len (full 512 + zero-padded 256, interleaved)",1,33,heartrate→heartrate_short,heartrate,3.148781,3.554789,3.554789,0.144483,0.144483,0.000867,444.20068359375
run3_same_dec_diff_len,"Same decoder (heartrate MLP), mixed seq_len (full 512 + zero-padded 256, interleaved)",1,34,heartrate→heartrate_short,heartrate,3.129968,3.34864,3.34864,0.137681,0.137681,0.00089,444.20068359375
run3_same_dec_diff_len,"Same decoder (heartrate MLP), mixed seq_len (full 512 + zero-padded 256, interleaved)",1,35,heartrate→heartrate_short,heartrate,3.219089,3.438972,3.438972,0.139906,0.139906,0.000802,444.20068359375
run3_same_dec_diff_len,"Same decoder (heartrate MLP), mixed seq_len (full 512 + zero-padded 256, interleaved)",1,36,heartrate→heartrate_short,heartrate,3.130225,3.347798,3.347798,0.1365,0.1365,0.000733,444.20068359375
run3_same_dec_diff_len,"Same decoder (heartrate MLP), mixed seq_len (full 512 + zero-padded 256, interleaved)",1,37,heartrate→heartrate_short,heartrate,3.140154,3.359029,3.359029,0.139039,0.139039,0.000812,444.20068359375
run3_same_dec_diff_len,"Same decoder (heartrate MLP), mixed seq_len (full 512 + zero-padded 256, interleaved)",1,38,heartrate→heartrate_short,heartrate,3.195895,3.441835,3.441835,0.163133,0.163133,0.000792,444.20068359375
run3_same_dec_diff_len,"Same decoder (heartrate MLP), mixed seq_len (full 512 + zero-padded 256, interleaved)",1,39,heartrate→heartrate_short,heartrate,3.235109,3.461248,3.461248,0.142701,0.142701,0.000796,444.20068359375
run3_same_dec_diff_len,"Same decoder (heartrate MLP), mixed seq_len (full 512 + zero-padded 256, interleaved)",1,40,heartrate→heartrate_short,heartrate,3.16412,3.382026,3.382026,0.135803,0.135803,0.000777,444.20068359375
run3_same_dec_diff_len,"Same decoder (heartrate MLP), mixed seq_len (full 512 + zero-padded 256, interleaved)",1,41,heartrate→heartrate_short,heartrate,3.105041,3.350646,3.350646,0.163725,0.163725,0.000784,444.20068359375
run3_same_dec_diff_len,"Same decoder (heartrate MLP), mixed seq_len (full 512 + zero-padded 256, interleaved)",1,42,heartrate→heartrate_short,heartrate,3.230459,3.459922,3.459922,0.14323,0.14323,0.000827,444.20068359375
run3_same_dec_diff_len,"Same decoder (heartrate MLP), mixed seq_len (full 512 + zero-padded 256, interleaved)",1,43,heartrate→heartrate_short,heartrate,3.272615,3.777287,3.777287,0.417264,0.417264,0.000878,444.20068359375
run3_same_dec_diff_len,"Same decoder (heartrate MLP), mixed seq_len (full 512 + zero-padded 256, interleaved)",1,44,heartrate→heartrate_short,heartrate,3.147666,3.369663,3.369663,0.139609,0.139609,0.000773,444.20068359375
run3_same_dec_diff_len,"Same decoder (heartrate MLP), mixed seq_len (full 512 + zero-padded 256, interleaved)",1,45,heartrate→heartrate_short,heartrate,3.132282,3.34985,3.34985,0.137669,0.137669,0.000843,444.20068359375
run3_same_dec_diff_len,"Same decoder (heartrate MLP), mixed seq_len (full 512 + zero-padded 256, interleaved)",1,46,heartrate→heartrate_short,heartrate,3.132999,3.349385,3.349385,0.135895,0.135895,0.000852,444.20068359375
run3_same_dec_diff_len,"Same decoder (heartrate MLP), mixed seq_len (full 512 + zero-padded 256, interleaved)",1,47,heartrate→heartrate_short,heartrate,3.129506,3.352446,3.352446,0.142179,0.142179,0.000964,444.20068359375
run3_same_dec_diff_len,"Same decoder (heartrate MLP), mixed seq_len (full 512 + zero-padded 256, interleaved)",1,48,heartrate→heartrate_short,heartrate,3.131583,3.350321,3.350321,0.137459,0.137459,0.000765,444.20068359375
run3_same_dec_diff_len,"Same decoder (heartrate MLP), mixed seq_len (full 512 + zero-padded 256, interleaved)",1,49,heartrate→heartrate_short,heartrate,3.119407,3.3426,3.3426,0.141829,0.141829,0.000798,444.20068359375
run3_same_dec_diff_len,"Same decoder (heartrate MLP), mixed seq_len (full 512 + zero-padded 256, interleaved)",2,0,heartrate→heartrate_short,"heartrate,heartrate",3.511199,4.33094,2.16547,0.3697,0.7394,0.0005245,444.38818359375
run3_same_dec_diff_len,"Same decoder (heartrate MLP), mixed seq_len (full 512 + zero-padded 256, interleaved)",2,1,heartrate→heartrate_short,"heartrate,heartrate",3.271601,4.064556,2.032278,0.3563575,0.712715,0.000512,444.38818359375
run3_same_dec_diff_len,"Same decoder (heartrate MLP), mixed seq_len (full 512 + zero-padded 256, interleaved)",2,2,heartrate→heartrate_short,"heartrate,heartrate",3.215577,4.066041,2.0330205,0.3848405,0.769681,0.0005205,444.38818359375
run3_same_dec_diff_len,"Same decoder (heartrate MLP), mixed seq_len (full 512 + zero-padded 256, interleaved)",2,3,heartrate→heartrate_short,"heartrate,heartrate",3.160376,4.061443,2.0307215,0.4076865,0.815373,0.000546,444.38818359375
run3_same_dec_diff_len,"Same decoder (heartrate MLP), mixed seq_len (full 512 + zero-padded 256, interleaved)",2,4,heartrate→heartrate_short,"heartrate,heartrate",3.207728,4.047448,2.023724,0.3782425,0.756485,0.00048,444.38818359375
run3_same_dec_diff_len,"Same decoder (heartrate MLP), mixed seq_len (full 512 + zero-padded 256, interleaved)",2,5,heartrate→heartrate_short,"heartrate,heartrate",3.20227,4.045461,2.0227305,0.3791175,0.758235,0.000513,444.38818359375
run3_same_dec_diff_len,"Same decoder (heartrate MLP), mixed seq_len (full 512 + zero-padded 256, interleaved)",2,6,heartrate→heartrate_short,"heartrate,heartrate",3.194269,4.037247,2.0186235,0.379926,0.759852,0.000473,444.38818359375
run3_same_dec_diff_len,"Same decoder (heartrate MLP), mixed seq_len (full 512 + zero-padded 256, interleaved)",2,7,heartrate→heartrate_short,"heartrate,heartrate",3.513279,4.234146,2.117073,0.3204765,0.640953,0.000504,444.38818359375
run3_same_dec_diff_len,"Same decoder (heartrate MLP), mixed seq_len (full 512 + zero-padded 256, interleaved)",2,8,heartrate→heartrate_short,"heartrate,heartrate",3.210443,4.051985,2.0259925,0.380081,0.760162,0.000515,444.38818359375
run3_same_dec_diff_len,"Same decoder (heartrate MLP), mixed seq_len (full 512 + zero-padded 256, interleaved)",2,9,heartrate→heartrate_short,"heartrate,heartrate",3.205641,4.044866,2.022433,0.379122,0.758244,0.000511,444.38818359375
run3_same_dec_diff_len,"Same decoder (heartrate MLP), mixed seq_len (full 512 + zero-padded 256, interleaved)",2,10,heartrate→heartrate_short,"heartrate,heartrate",3.202164,4.039458,2.019729,0.378745,0.75749,0.0005005,444.38818359375
run3_same_dec_diff_len,"Same decoder (heartrate MLP), mixed seq_len (full 512 + zero-padded 256, interleaved)",2,11,heartrate→heartrate_short,"heartrate,heartrate",3.206828,4.03615,2.018075,0.3746175,0.749235,0.000537,444.38818359375
run3_same_dec_diff_len,"Same decoder (heartrate MLP), mixed seq_len (full 512 + zero-padded 256, interleaved)",2,12,heartrate→heartrate_short,"heartrate,heartrate",3.227089,4.055104,2.027552,0.3722835,0.744567,0.000486,444.38818359375
run3_same_dec_diff_len,"Same decoder (heartrate MLP), mixed seq_len (full 512 + zero-padded 256, interleaved)",2,13,heartrate→heartrate_short,"heartrate,heartrate",3.219566,4.04596,2.02298,0.3710845,0.742169,0.0004785,444.38818359375
run3_same_dec_diff_len,"Same decoder (heartrate MLP), mixed seq_len (full 512 + zero-padded 256, interleaved)",2,14,heartrate→heartrate_short,"heartrate,heartrate",3.425624,4.259511,2.1297555,0.375867,0.751734,0.0005345,444.38818359375
run3_same_dec_diff_len,"Same decoder (heartrate MLP), mixed seq_len (full 512 + zero-padded 256, interleaved)",2,15,heartrate→heartrate_short,"heartrate,heartrate",3.201409,4.050985,2.0254925,0.3837835,0.767567,0.00052,444.38818359375
run3_same_dec_diff_len,"Same decoder (heartrate MLP), mixed seq_len (full 512 + zero-padded 256, interleaved)",2,16,heartrate→heartrate_short,"heartrate,heartrate",3.19902,4.048656,2.024328,0.3812125,0.762425,0.000473,444.38818359375
run3_same_dec_diff_len,"Same decoder (heartrate MLP), mixed seq_len (full 512 + zero-padded 256, interleaved)",2,17,heartrate→heartrate_short,"heartrate,heartrate",3.220523,4.049411,2.0247055,0.3718865,0.743773,0.000518,444.38818359375
run3_same_dec_diff_len,"Same decoder (heartrate MLP), mixed seq_len (full 512 + zero-padded 256, interleaved)",2,18,heartrate→heartrate_short,"heartrate,heartrate",3.189532,4.039593,2.0197965,0.3826615,0.765323,0.0005035,444.38818359375
run3_same_dec_diff_len,"Same decoder (heartrate MLP), mixed seq_len (full 512 + zero-padded 256, interleaved)",2,19,heartrate→heartrate_short,"heartrate,heartrate",3.190999,4.040705,2.0203525,0.383008,0.766016,0.0005075,444.38818359375
run3_same_dec_diff_len,"Same decoder (heartrate MLP), mixed seq_len (full 512 + zero-padded 256, interleaved)",2,20,heartrate→heartrate_short,"heartrate,heartrate",3.20492,4.038696,2.019348,0.3744285,0.748857,0.000512,444.38818359375
run3_same_dec_diff_len,"Same decoder (heartrate MLP), mixed seq_len (full 512 + zero-padded 256, interleaved)",2,21,heartrate→heartrate_short,"heartrate,heartrate",3.404526,4.252429,2.1262145,0.381671,0.763342,0.0005885,444.38818359375
run3_same_dec_diff_len,"Same decoder (heartrate MLP), mixed seq_len (full 512 + zero-padded 256, interleaved)",2,22,heartrate→heartrate_short,"heartrate,heartrate",3.215294,4.05307,2.026535,0.3758345,0.751669,0.000697,444.38818359375
run3_same_dec_diff_len,"Same decoder (heartrate MLP), mixed seq_len (full 512 + zero-padded 256, interleaved)",2,23,heartrate→heartrate_short,"heartrate,heartrate",3.211312,4.063361,2.0316805,0.3818645,0.763729,0.000496,444.38818359375
run3_same_dec_diff_len,"Same decoder (heartrate MLP), mixed seq_len (full 512 + zero-padded 256, interleaved)",2,24,heartrate→heartrate_short,"heartrate,heartrate",3.201317,4.043319,2.0216595,0.378999,0.757998,0.0005,444.38818359375
run3_same_dec_diff_len,"Same decoder (heartrate MLP), mixed seq_len (full 512 + zero-padded 256, interleaved)",2,25,heartrate→heartrate_short,"heartrate,heartrate",3.200075,4.049364,2.024682,0.3812635,0.762527,0.000515,444.38818359375
run3_same_dec_diff_len,"Same decoder (heartrate MLP), mixed seq_len (full 512 + zero-padded 256, interleaved)",2,26,heartrate→heartrate_short,"heartrate,heartrate",3.209608,4.052243,2.0261215,0.375612,0.751224,0.0005265,444.38818359375
run3_same_dec_diff_len,"Same decoder (heartrate MLP), mixed seq_len (full 512 + zero-padded 256, interleaved)",2,27,heartrate→heartrate_short,"heartrate,heartrate",3.20495,4.065851,2.0329255,0.382869,0.765738,0.0005255,444.38818359375
run3_same_dec_diff_len,"Same decoder (heartrate MLP), mixed seq_len (full 512 + zero-padded 256, interleaved)",2,28,heartrate→heartrate_short,"heartrate,heartrate",3.506125,4.319814,2.159907,0.3598835,0.719767,0.000504,444.38818359375
run3_same_dec_diff_len,"Same decoder (heartrate MLP), mixed seq_len (full 512 + zero-padded 256, interleaved)",2,29,heartrate→heartrate_short,"heartrate,heartrate",3.209973,4.052462,2.026231,0.3765465,0.753093,0.000482,444.38818359375
run3_same_dec_diff_len,"Same decoder (heartrate MLP), mixed seq_len (full 512 + zero-padded 256, interleaved)",2,30,heartrate→heartrate_short,"heartrate,heartrate",3.18822,4.045625,2.0228125,0.384322,0.768644,0.00049,444.38818359375
run3_same_dec_diff_len,"Same decoder (heartrate MLP), mixed seq_len (full 512 + zero-padded 256, interleaved)",2,31,heartrate→heartrate_short,"heartrate,heartrate",3.191123,4.044731,2.0223655,0.382476,0.764952,0.000534,444.38818359375
run3_same_dec_diff_len,"Same decoder (heartrate MLP), mixed seq_len (full 512 + zero-padded 256, interleaved)",2,32,heartrate→heartrate_short,"heartrate,heartrate",3.186583,4.033136,2.016568,0.379908,0.759816,0.0005085,444.38818359375
run3_same_dec_diff_len,"Same decoder (heartrate MLP), mixed seq_len (full 512 + zero-padded 256, interleaved)",2,33,heartrate→heartrate_short,"heartrate,heartrate",3.200055,4.058943,2.0294715,0.3854965,0.770993,0.00054,444.38818359375
run3_same_dec_diff_len,"Same decoder (heartrate MLP), mixed seq_len (full 512 + zero-padded 256, interleaved)",2,34,heartrate→heartrate_short,"heartrate,heartrate",3.189896,4.043234,2.021617,0.3836275,0.767255,0.000464,444.38818359375
run3_same_dec_diff_len,"Same decoder (heartrate MLP), mixed seq_len (full 512 + zero-padded 256, interleaved)",2,35,heartrate→heartrate_short,"heartrate,heartrate",3.387931,4.239771,2.1198855,0.3832575,0.766515,0.0005185,444.38818359375
run3_same_dec_diff_len,"Same decoder (heartrate MLP), mixed seq_len (full 512 + zero-padded 256, interleaved)",2,36,heartrate→heartrate_short,"heartrate,heartrate",3.183924,4.029654,2.014827,0.382956,0.765912,0.000474,444.38818359375
run3_same_dec_diff_len,"Same decoder (heartrate MLP), mixed seq_len (full 512 + zero-padded 256, interleaved)",2,37,heartrate→heartrate_short,"heartrate,heartrate",3.222744,4.046928,2.023464,0.372188,0.744376,0.000521,444.38818359375
run3_same_dec_diff_len,"Same decoder (heartrate MLP), mixed seq_len (full 512 + zero-padded 256, interleaved)",2,38,heartrate→heartrate_short,"heartrate,heartrate",3.205147,4.044832,2.022416,0.3789375,0.757875,0.000493,444.38818359375
run3_same_dec_diff_len,"Same decoder (heartrate MLP), mixed seq_len (full 512 + zero-padded 256, interleaved)",2,39,heartrate→heartrate_short,"heartrate,heartrate",3.195164,4.04961,2.024805,0.386819,0.773638,0.000529,444.38818359375
run3_same_dec_diff_len,"Same decoder (heartrate MLP), mixed seq_len (full 512 + zero-padded 256, interleaved)",2,40,heartrate→heartrate_short,"heartrate,heartrate",3.189861,4.044325,2.0221625,0.386827,0.773654,0.0005205,444.38818359375
run3_same_dec_diff_len,"Same decoder (heartrate MLP), mixed seq_len (full 512 + zero-padded 256, interleaved)",2,41,heartrate→heartrate_short,"heartrate,heartrate",3.193768,4.045635,2.0228175,0.384993,0.769986,0.000537,444.38818359375
run3_same_dec_diff_len,"Same decoder (heartrate MLP), mixed seq_len (full 512 + zero-padded 256, interleaved)",2,42,heartrate→heartrate_short,"heartrate,heartrate",3.365458,4.225576,2.112788,0.3887345,0.777469,0.0005425,444.38818359375
run3_same_dec_diff_len,"Same decoder (heartrate MLP), mixed seq_len (full 512 + zero-padded 256, interleaved)",2,43,heartrate→heartrate_short,"heartrate,heartrate",3.184769,4.037911,2.0189555,0.383228,0.766456,0.0004985,444.38818359375
run3_same_dec_diff_len,"Same decoder (heartrate MLP), mixed seq_len (full 512 + zero-padded 256, interleaved)",2,44,heartrate→heartrate_short,"heartrate,heartrate",3.212495,4.055491,2.0277455,0.378408,0.756816,0.00051,444.38818359375
run3_same_dec_diff_len,"Same decoder (heartrate MLP), mixed seq_len (full 512 + zero-padded 256, interleaved)",2,45,heartrate→heartrate_short,"heartrate,heartrate",3.194501,4.04725,2.023625,0.385523,0.771046,0.000485,444.38818359375
run3_same_dec_diff_len,"Same decoder (heartrate MLP), mixed seq_len (full 512 + zero-padded 256, interleaved)",2,46,heartrate→heartrate_short,"heartrate,heartrate",3.189395,4.040656,2.020328,0.3845435,0.769087,0.0004985,444.38818359375
run3_same_dec_diff_len,"Same decoder (heartrate MLP), mixed seq_len (full 512 + zero-padded 256, interleaved)",2,47,heartrate→heartrate_short,"heartrate,heartrate",3.180152,4.042164,2.021082,0.3888705,0.777741,0.0005545,444.38818359375
run3_same_dec_diff_len,"Same decoder (heartrate MLP), mixed seq_len (full 512 + zero-padded 256, interleaved)",2,48,heartrate→heartrate_short,"heartrate,heartrate",3.180345,4.043984,2.021992,0.3889625,0.777925,0.000487,444.38818359375
run3_same_dec_diff_len,"Same decoder (heartrate MLP), mixed seq_len (full 512 + zero-padded 256, interleaved)",2,49,heartrate→heartrate_short,"heartrate,heartrate",3.386551,4.235247,2.1176235,0.381961,0.763922,0.000497,444.38818359375
run3_same_dec_diff_len,"Same decoder (heartrate MLP), mixed seq_len (full 512 + zero-padded 256, interleaved)",4,0,heartrate→heartrate_short,"heartrate,heartrate,heartrate,heartrate",3.231145,5.695356,1.423839,0.59376875,2.375075,0.0003495,444.76318359375
run3_same_dec_diff_len,"Same decoder (heartrate MLP), mixed seq_len (full 512 + zero-padded 256, interleaved)",4,1,heartrate→heartrate_short,"heartrate,heartrate,heartrate,heartrate",3.245841,5.725002,1.4312505,0.5977005,2.390802,0.000352,444.76318359375
run3_same_dec_diff_len,"Same decoder (heartrate MLP), mixed seq_len (full 512 + zero-padded 256, interleaved)",4,2,heartrate→heartrate_short,"heartrate,heartrate,heartrate,heartrate",3.232896,5.698518,1.4246295,0.54855725,2.194229,0.000359,444.76318359375
run3_same_dec_diff_len,"Same decoder (heartrate MLP), mixed seq_len (full 512 + zero-padded 256, interleaved)",4,3,heartrate→heartrate_short,"heartrate,heartrate,heartrate,heartrate",3.261821,5.743571,1.43589275,0.59903025,2.396121,0.000322,444.76318359375
run3_same_dec_diff_len,"Same decoder (heartrate MLP), mixed seq_len (full 512 + zero-padded 256, interleaved)",4,4,heartrate→heartrate_short,"heartrate,heartrate,heartrate,heartrate",3.259009,5.736502,1.4341255,0.59810175,2.392407,0.00032975,444.76318359375
run3_same_dec_diff_len,"Same decoder (heartrate MLP), mixed seq_len (full 512 + zero-padded 256, interleaved)",4,5,heartrate→heartrate_short,"heartrate,heartrate,heartrate,heartrate",3.239368,5.707,1.42675,0.5960305,2.384122,0.0003315,444.76318359375
run3_same_dec_diff_len,"Same decoder (heartrate MLP), mixed seq_len (full 512 + zero-padded 256, interleaved)",4,6,heartrate→heartrate_short,"heartrate,heartrate,heartrate,heartrate",3.228408,5.885873,1.47146825,0.64288325,2.571533,0.0003175,444.76318359375
run3_same_dec_diff_len,"Same decoder (heartrate MLP), mixed seq_len (full 512 + zero-padded 256, interleaved)",4,7,heartrate→heartrate_short,"heartrate,heartrate,heartrate,heartrate",3.225371,5.690814,1.4227035,0.59542225,2.381689,0.00036475,444.76318359375
run3_same_dec_diff_len,"Same decoder (heartrate MLP), mixed seq_len (full 512 + zero-padded 256, interleaved)",4,8,heartrate→heartrate_short,"heartrate,heartrate,heartrate,heartrate",3.223339,5.68673,1.4216825,0.59521125,2.380845,0.00033975,444.76318359375
run3_same_dec_diff_len,"Same decoder (heartrate MLP), mixed seq_len (full 512 + zero-padded 256, interleaved)",4,9,heartrate→heartrate_short,"heartrate,heartrate,heartrate,heartrate",3.220222,5.715717,1.42892925,0.603193,2.412772,0.00032625,444.76318359375
run3_same_dec_diff_len,"Same decoder (heartrate MLP), mixed seq_len (full 512 + zero-padded 256, interleaved)",4,10,heartrate→heartrate_short,"heartrate,heartrate,heartrate,heartrate",3.186696,5.905091,1.47627275,0.65833625,2.633345,0.00033875,444.76318359375
run3_same_dec_diff_len,"Same decoder (heartrate MLP), mixed seq_len (full 512 + zero-padded 256, interleaved)",4,11,heartrate→heartrate_short,"heartrate,heartrate,heartrate,heartrate",3.219737,5.731897,1.43297425,0.6073075,2.42923,0.00034,444.76318359375
run3_same_dec_diff_len,"Same decoder (heartrate MLP), mixed seq_len (full 512 + zero-padded 256, interleaved)",4,12,heartrate→heartrate_short,"heartrate,heartrate,heartrate,heartrate",3.258202,5.693782,1.4234455,0.58810725,2.352429,0.000312,444.76318359375
run3_same_dec_diff_len,"Same decoder (heartrate MLP), mixed seq_len (full 512 + zero-padded 256, interleaved)",4,13,heartrate→heartrate_short,"heartrate,heartrate,heartrate,heartrate",3.202314,5.696124,1.424031,0.60180625,2.407225,0.00034125,444.76318359375
run3_same_dec_diff_len,"Same decoder (heartrate MLP), mixed seq_len (full 512 + zero-padded 256, interleaved)",4,14,heartrate→heartrate_short,"heartrate,heartrate,heartrate,heartrate",3.235871,5.911615,1.47790375,0.646899,2.587596,0.0003215,444.76318359375
run3_same_dec_diff_len,"Same decoder (heartrate MLP), mixed seq_len (full 512 + zero-padded 256, interleaved)",4,15,heartrate→heartrate_short,"heartrate,heartrate,heartrate,heartrate",3.208525,5.728399,1.43209975,0.60802275,2.432091,0.0003455,444.76318359375
run3_same_dec_diff_len,"Same decoder (heartrate MLP), mixed seq_len (full 512 + zero-padded 256, interleaved)",4,16,heartrate→heartrate_short,"heartrate,heartrate,heartrate,heartrate",3.181519,5.692995,1.42324875,0.606952,2.427808,0.0003355,444.76318359375
run3_same_dec_diff_len,"Same decoder (heartrate MLP), mixed seq_len (full 512 + zero-padded 256, interleaved)",4,17,heartrate→heartrate_short,"heartrate,heartrate,heartrate,heartrate",3.176025,5.683736,1.420934,0.60637925,2.425517,0.00032575,444.76318359375
run3_same_dec_diff_len,"Same decoder (heartrate MLP), mixed seq_len (full 512 + zero-padded 256, interleaved)",4,18,heartrate→heartrate_short,"heartrate,heartrate,heartrate,heartrate",3.17508,5.672237,1.41805925,0.6037135,2.414854,0.00032075,444.76318359375
run3_same_dec_diff_len,"Same decoder (heartrate MLP), mixed seq_len (full 512 + zero-padded 256, interleaved)",4,19,heartrate→heartrate_short,"heartrate,heartrate,heartrate,heartrate",3.191736,5.695625,1.42390625,0.56562525,2.262501,0.000354,444.76318359375
run3_same_dec_diff_len,"Same decoder (heartrate MLP), mixed seq_len (full 512 + zero-padded 256, interleaved)",4,20,heartrate→heartrate_short,"heartrate,heartrate,heartrate,heartrate",3.206503,5.69568,1.42392,0.60173975,2.406959,0.000309,444.76318359375
run3_same_dec_diff_len,"Same decoder (heartrate MLP), mixed seq_len (full 512 + zero-padded 256, interleaved)",4,21,heartrate→heartrate_short,"heartrate,heartrate,heartrate,heartrate",3.246804,5.713113,1.42827825,0.59596575,2.383863,0.00029075,444.76318359375
run3_same_dec_diff_len,"Same decoder (heartrate MLP), mixed seq_len (full 512 + zero-padded 256, interleaved)",4,22,heartrate→heartrate_short,"heartrate,heartrate,heartrate,heartrate",3.366293,5.778486,1.4446215,0.58210425,2.328417,0.0003475,444.76318359375
run3_same_dec_diff_len,"Same decoder (heartrate MLP), mixed seq_len (full 512 + zero-padded 256, interleaved)",4,23,heartrate→heartrate_short,"heartrate,heartrate,heartrate,heartrate",3.262506,5.930096,1.482524,0.64249825,2.569993,0.00033925,444.76318359375
run3_same_dec_diff_len,"Same decoder (heartrate MLP), mixed seq_len (full 512 + zero-padded 256, interleaved)",4,24,heartrate→heartrate_short,"heartrate,heartrate,heartrate,heartrate",3.259406,5.72091,1.4302275,0.59256025,2.370241,0.0003535,444.76318359375
run3_same_dec_diff_len,"Same decoder (heartrate MLP), mixed seq_len (full 512 + zero-padded 256, interleaved)",4,25,heartrate→heartrate_short,"heartrate,heartrate,heartrate,heartrate",3.298507,5.78298,1.445745,0.595423,2.381692,0.0005305,444.76318359375
run3_same_dec_diff_len,"Same decoder (heartrate MLP), mixed seq_len (full 512 + zero-padded 256, interleaved)",4,26,heartrate→heartrate_short,"heartrate,heartrate,heartrate,heartrate",3.471111,5.903291,1.47582275,0.5812405,2.324962,0.000395,444.76318359375
run3_same_dec_diff_len,"Same decoder (heartrate MLP), mixed seq_len (full 512 + zero-padded 256, interleaved)",4,27,heartrate→heartrate_short,"heartrate,heartrate,heartrate,heartrate",3.407301,6.094299,1.52357475,0.6463475,2.58539,0.000417,444.76318359375
run3_same_dec_diff_len,"Same decoder (heartrate MLP), mixed seq_len (full 512 + zero-padded 256, interleaved)",4,28,heartrate→heartrate_short,"heartrate,heartrate,heartrate,heartrate",3.410303,5.85245,1.4631125,0.5865915,2.346366,0.0003695,444.76318359375
run3_same_dec_diff_len,"Same decoder (heartrate MLP), mixed seq_len (full 512 + zero-padded 256, interleaved)",4,29,heartrate→heartrate_short,"heartrate,heartrate,heartrate,heartrate",3.295032,5.749737,1.43743425,0.59129025,2.365161,0.000323,444.76318359375
run3_same_dec_diff_len,"Same decoder (heartrate MLP), mixed seq_len (full 512 + zero-padded 256, interleaved)",4,30,heartrate→heartrate_short,"heartrate,heartrate,heartrate,heartrate",3.254942,5.744229,1.43605725,0.59964225,2.398569,0.0003425,444.76318359375
run3_same_dec_diff_len,"Same decoder (heartrate MLP), mixed seq_len (full 512 + zero-padded 256, interleaved)",4,31,heartrate→heartrate_short,"heartrate,heartrate,heartrate,heartrate",3.325981,6.002144,1.500536,0.64367725,2.574709,0.000351,444.76318359375
run3_same_dec_diff_len,"Same decoder (heartrate MLP), mixed seq_len (full 512 + zero-padded 256, interleaved)",4,32,heartrate→heartrate_short,"heartrate,heartrate,heartrate,heartrate",3.294518,5.737807,1.43445175,0.588976,2.355904,0.00034,444.76318359375
run3_same_dec_diff_len,"Same decoder (heartrate MLP), mixed seq_len (full 512 + zero-padded 256, interleaved)",4,33,heartrate→heartrate_short,"heartrate,heartrate,heartrate,heartrate",3.233652,5.727011,1.43175275,0.6016155,2.406462,0.000336,444.76318359375
run3_same_dec_diff_len,"Same decoder (heartrate MLP), mixed seq_len (full 512 + zero-padded 256, interleaved)",4,34,heartrate→heartrate_short,"heartrate,heartrate,heartrate,heartrate",3.25183,5.724992,1.431248,0.59638725,2.385549,0.000303,444.76318359375
run3_same_dec_diff_len,"Same decoder (heartrate MLP), mixed seq_len (full 512 + zero-padded 256, interleaved)",4,35,heartrate→heartrate_short,"heartrate,heartrate,heartrate,heartrate",3.240312,5.713703,1.42842575,0.59642875,2.385715,0.00035925,444.76318359375
run3_same_dec_diff_len,"Same decoder (heartrate MLP), mixed seq_len (full 512 + zero-padded 256, interleaved)",4,36,heartrate→heartrate_short,"heartrate,heartrate,heartrate,heartrate",3.251553,5.711384,1.427846,0.59321075,2.372843,0.000372,444.76318359375
run3_same_dec_diff_len,"Same decoder (heartrate MLP), mixed seq_len (full 512 + zero-padded 256, interleaved)",4,37,heartrate→heartrate_short,"heartrate,heartrate,heartrate,heartrate",3.298679,5.692986,1.4232465,0.577207,2.308828,0.0003175,444.76318359375
run3_same_dec_diff_len,"Same decoder (heartrate MLP), mixed seq_len (full 512 + zero-padded 256, interleaved)",4,38,heartrate→heartrate_short,"heartrate,heartrate,heartrate,heartrate",3.231716,5.709999,1.42749975,0.598601,2.394404,0.00032875,444.76318359375
run3_same_dec_diff_len,"Same decoder (heartrate MLP), mixed seq_len (full 512 + zero-padded 256, interleaved)",4,39,heartrate→heartrate_short,"heartrate,heartrate,heartrate,heartrate",3.236202,5.716539,1.42913475,0.599098,2.396392,0.0003285,444.76318359375
run3_same_dec_diff_len,"Same decoder (heartrate MLP), mixed seq_len (full 512 + zero-padded 256, interleaved)",4,40,heartrate→heartrate_short,"heartrate,heartrate,heartrate,heartrate",3.257495,5.897204,1.474301,0.63868425,2.554737,0.00033275,444.76318359375
run3_same_dec_diff_len,"Same decoder (heartrate MLP), mixed seq_len (full 512 + zero-padded 256, interleaved)",4,41,heartrate→heartrate_short,"heartrate,heartrate,heartrate,heartrate",3.218974,5.709901,1.42747525,0.60202825,2.408113,0.0003165,444.76318359375
run3_same_dec_diff_len,"Same decoder (heartrate MLP), mixed seq_len (full 512 + zero-padded 256, interleaved)",4,42,heartrate→heartrate_short,"heartrate,heartrate,heartrate,heartrate",3.307903,5.752517,1.43812925,0.590054,2.360216,0.00032525,444.76318359375
run3_same_dec_diff_len,"Same decoder (heartrate MLP), mixed seq_len (full 512 + zero-padded 256, interleaved)",4,43,heartrate→heartrate_short,"heartrate,heartrate,heartrate,heartrate",3.229426,5.707749,1.42693725,0.59752775,2.390111,0.00034475,444.76318359375
run3_same_dec_diff_len,"Same decoder (heartrate MLP), mixed seq_len (full 512 + zero-padded 256, interleaved)",4,44,heartrate→heartrate_short,"heartrate,heartrate,heartrate,heartrate",3.270134,5.94183,1.4854575,0.64620975,2.584839,0.00033425,444.76318359375
run3_same_dec_diff_len,"Same decoder (heartrate MLP), mixed seq_len (full 512 + zero-padded 256, interleaved)",4,45,heartrate→heartrate_short,"heartrate,heartrate,heartrate,heartrate",3.317219,5.805592,1.451398,0.60108975,2.404359,0.000354,444.76318359375
run3_same_dec_diff_len,"Same decoder (heartrate MLP), mixed seq_len (full 512 + zero-padded 256, interleaved)",4,46,heartrate→heartrate_short,"heartrate,heartrate,heartrate,heartrate",3.295004,5.734634,1.4336585,0.588818,2.355272,0.00032425,444.76318359375
run3_same_dec_diff_len,"Same decoder (heartrate MLP), mixed seq_len (full 512 + zero-padded 256, interleaved)",4,47,heartrate→heartrate_short,"heartrate,heartrate,heartrate,heartrate",3.228333,5.689872,1.422468,0.594548,2.378192,0.00030475,444.76318359375
run3_same_dec_diff_len,"Same decoder (heartrate MLP), mixed seq_len (full 512 + zero-padded 256, interleaved)",4,48,heartrate→heartrate_short,"heartrate,heartrate,heartrate,heartrate",3.276291,5.885499,1.47137475,0.631341,2.525364,0.00034175,444.76318359375
run3_same_dec_diff_len,"Same decoder (heartrate MLP), mixed seq_len (full 512 + zero-padded 256, interleaved)",4,49,heartrate→heartrate_short,"heartrate,heartrate,heartrate,heartrate",3.269884,5.716901,1.42922525,0.58995,2.3598,0.000339,444.76318359375
run3_same_dec_diff_len,"Same decoder (heartrate MLP), mixed seq_len (full 512 + zero-padded 256, interleaved)",8,0,heartrate→heartrate_short,"heartrate,heartrate,heartrate,heartrate,heartrate,heartrate,heartrate,heartrate",3.322973,9.126092,1.1407615,0.714514375,5.716115,0.000236875,445.51318359375
run3_same_dec_diff_len,"Same decoder (heartrate MLP), mixed seq_len (full 512 + zero-padded 256, interleaved)",8,1,heartrate→heartrate_short,"heartrate,heartrate,heartrate,heartrate,heartrate,heartrate,heartrate,heartrate",3.227947,9.319587,1.164948375,0.75029625,6.00237,0.000246125,445.51318359375
run3_same_dec_diff_len,"Same decoder (heartrate MLP), mixed seq_len (full 512 + zero-padded 256, interleaved)",8,2,heartrate→heartrate_short,"heartrate,heartrate,heartrate,heartrate,heartrate,heartrate,heartrate,heartrate",3.237148,9.101003,1.137625375,0.722172375,5.777379,0.000245875,445.51318359375
run3_same_dec_diff_len,"Same decoder (heartrate MLP), mixed seq_len (full 512 + zero-padded 256, interleaved)",8,3,heartrate→heartrate_short,"heartrate,heartrate,heartrate,heartrate,heartrate,heartrate,heartrate,heartrate",3.223043,9.275441,1.159430125,0.745489125,5.963913,0.000232375,445.51318359375
run3_same_dec_diff_len,"Same decoder (heartrate MLP), mixed seq_len (full 512 + zero-padded 256, interleaved)",8,4,heartrate→heartrate_short,"heartrate,heartrate,heartrate,heartrate,heartrate,heartrate,heartrate,heartrate",3.226636,9.147136,1.143392,0.729193,5.833544,0.00023675,445.51318359375
run3_same_dec_diff_len,"Same decoder (heartrate MLP), mixed seq_len (full 512 + zero-padded 256, interleaved)",8,5,heartrate→heartrate_short,"heartrate,heartrate,heartrate,heartrate,heartrate,heartrate,heartrate,heartrate",3.262204,9.185036,1.1481295,0.72919475,5.833558,0.000233,445.51318359375
run3_same_dec_diff_len,"Same decoder (heartrate MLP), mixed seq_len (full 512 + zero-padded 256, interleaved)",8,6,heartrate→heartrate_short,"heartrate,heartrate,heartrate,heartrate,heartrate,heartrate,heartrate,heartrate",3.446102,9.289425,1.161178125,0.71927125,5.75417,0.000241125,445.51318359375
run3_same_dec_diff_len,"Same decoder (heartrate MLP), mixed seq_len (full 512 + zero-padded 256, interleaved)",8,7,heartrate→heartrate_short,"heartrate,heartrate,heartrate,heartrate,heartrate,heartrate,heartrate,heartrate",3.229149,9.139969,1.142496125,0.72752325,5.820186,0.00023875,445.51318359375
run3_same_dec_diff_len,"Same decoder (heartrate MLP), mixed seq_len (full 512 + zero-padded 256, interleaved)",8,8,heartrate→heartrate_short,"heartrate,heartrate,heartrate,heartrate,heartrate,heartrate,heartrate,heartrate",3.276125,9.358039,1.169754875,0.748431,5.987448,0.000232625,445.51318359375
run3_same_dec_diff_len,"Same decoder (heartrate MLP), mixed seq_len (full 512 + zero-padded 256, interleaved)",8,9,heartrate→heartrate_short,"heartrate,heartrate,heartrate,heartrate,heartrate,heartrate,heartrate,heartrate",3.27155,9.232681,1.154085125,0.733747,5.869976,0.000239625,445.51318359375
run3_same_dec_diff_len,"Same decoder (heartrate MLP), mixed seq_len (full 512 + zero-padded 256, interleaved)",8,10,heartrate→heartrate_short,"heartrate,heartrate,heartrate,heartrate,heartrate,heartrate,heartrate,heartrate",3.344916,9.433272,1.179159,0.749184875,5.993479,0.0002585,445.51318359375
run3_same_dec_diff_len,"Same decoder (heartrate MLP), mixed seq_len (full 512 + zero-padded 256, interleaved)",8,11,heartrate→heartrate_short,"heartrate,heartrate,heartrate,heartrate,heartrate,heartrate,heartrate,heartrate",3.273566,9.259864,1.157483,0.736290125,5.890321,0.000224375,445.51318359375
run3_same_dec_diff_len,"Same decoder (heartrate MLP), mixed seq_len (full 512 + zero-padded 256, interleaved)",8,12,heartrate→heartrate_short,"heartrate,heartrate,heartrate,heartrate,heartrate,heartrate,heartrate,heartrate",3.565239,9.410746,1.17634325,0.7170935,5.736748,0.000267,445.51318359375
run3_same_dec_diff_len,"Same decoder (heartrate MLP), mixed seq_len (full 512 + zero-padded 256, interleaved)",8,13,heartrate→heartrate_short,"heartrate,heartrate,heartrate,heartrate,heartrate,heartrate,heartrate,heartrate",3.361171,9.247408,1.155926,0.72304225,5.784338,0.000258625,445.51318359375
run3_same_dec_diff_len,"Same decoder (heartrate MLP), mixed seq_len (full 512 + zero-padded 256, interleaved)",8,14,heartrate→heartrate_short,"heartrate,heartrate,heartrate,heartrate,heartrate,heartrate,heartrate,heartrate",3.41902,9.294026,1.16175325,0.7217,5.7736,0.00024275,445.51318359375
run3_same_dec_diff_len,"Same decoder (heartrate MLP), mixed seq_len (full 512 + zero-padded 256, interleaved)",8,15,heartrate→heartrate_short,"heartrate,heartrate,heartrate,heartrate,heartrate,heartrate,heartrate,heartrate",3.303887,9.409435,1.176179375,0.751164,6.009312,0.000239875,445.51318359375
run3_same_dec_diff_len,"Same decoder (heartrate MLP), mixed seq_len (full 512 + zero-padded 256, interleaved)",8,16,heartrate→heartrate_short,"heartrate,heartrate,heartrate,heartrate,heartrate,heartrate,heartrate,heartrate",3.235424,9.1721,1.1465125,0.73100875,5.84807,0.0002155,445.51318359375
run3_same_dec_diff_len,"Same decoder (heartrate MLP), mixed seq_len (full 512 + zero-padded 256, interleaved)",8,17,heartrate→heartrate_short,"heartrate,heartrate,heartrate,heartrate,heartrate,heartrate,heartrate,heartrate",3.299756,9.365836,1.1707295,0.747051375,5.976411,0.00024475,445.51318359375
run3_same_dec_diff_len,"Same decoder (heartrate MLP), mixed seq_len (full 512 + zero-padded 256, interleaved)",8,18,heartrate→heartrate_short,"heartrate,heartrate,heartrate,heartrate,heartrate,heartrate,heartrate,heartrate",3.206163,9.192747,1.149093375,0.73700175,5.896014,0.00025,445.51318359375
run3_same_dec_diff_len,"Same decoder (heartrate MLP), mixed seq_len (full 512 + zero-padded 256, interleaved)",8,19,heartrate→heartrate_short,"heartrate,heartrate,heartrate,heartrate,heartrate,heartrate,heartrate,heartrate",3.39059,9.295166,1.16189575,0.7259745,5.807796,0.0002585,445.51318359375
run3_same_dec_diff_len,"Same decoder (heartrate MLP), mixed seq_len (full 512 + zero-padded 256, interleaved)",8,20,heartrate→heartrate_short,"heartrate,heartrate,heartrate,heartrate,heartrate,heartrate,heartrate,heartrate",3.283795,9.202157,1.150269625,0.727875625,5.823005,0.000254625,445.51318359375
run3_same_dec_diff_len,"Same decoder (heartrate MLP), mixed seq_len (full 512 + zero-padded 256, interleaved)",8,21,heartrate→heartrate_short,"heartrate,heartrate,heartrate,heartrate,heartrate,heartrate,heartrate,heartrate",3.311583,9.196284,1.1495355,0.723872625,5.790981,0.0002425,445.51318359375
run3_same_dec_diff_len,"Same decoder (heartrate MLP), mixed seq_len (full 512 + zero-padded 256, interleaved)",8,22,heartrate→heartrate_short,"heartrate,heartrate,heartrate,heartrate,heartrate,heartrate,heartrate,heartrate",3.28537,9.439124,1.1798905,0.75686425,6.054914,0.000284625,445.51318359375
run3_same_dec_diff_len,"Same decoder (heartrate MLP), mixed seq_len (full 512 + zero-padded 256, interleaved)",8,23,heartrate→heartrate_short,"heartrate,heartrate,heartrate,heartrate,heartrate,heartrate,heartrate,heartrate",3.325129,9.205199,1.150649875,0.723070125,5.784561,0.000256,445.51318359375
run3_same_dec_diff_len,"Same decoder (heartrate MLP), mixed seq_len (full 512 + zero-padded 256, interleaved)",8,24,heartrate→heartrate_short,"heartrate,heartrate,heartrate,heartrate,heartrate,heartrate,heartrate,heartrate",3.287625,9.460363,1.182545375,0.758797875,6.070383,0.000262,445.51318359375
run3_same_dec_diff_len,"Same decoder (heartrate MLP), mixed seq_len (full 512 + zero-padded 256, interleaved)",8,25,heartrate→heartrate_short,"heartrate,heartrate,heartrate,heartrate,heartrate,heartrate,heartrate,heartrate",3.279924,9.180015,1.147501875,0.725584,5.804672,0.000264375,445.51318359375
run3_same_dec_diff_len,"Same decoder (heartrate MLP), mixed seq_len (full 512 + zero-padded 256, interleaved)",8,26,heartrate→heartrate_short,"heartrate,heartrate,heartrate,heartrate,heartrate,heartrate,heartrate,heartrate",3.214119,9.154904,1.144363,0.73142025,5.851362,0.00024125,445.51318359375
run3_same_dec_diff_len,"Same decoder (heartrate MLP), mixed seq_len (full 512 + zero-padded 256, interleaved)",8,27,heartrate→heartrate_short,"heartrate,heartrate,heartrate,heartrate,heartrate,heartrate,heartrate,heartrate",3.200726,9.326405,1.165800625,0.754352,6.034816,0.000226125,445.51318359375
run3_same_dec_diff_len,"Same decoder (heartrate MLP), mixed seq_len (full 512 + zero-padded 256, interleaved)",8,28,heartrate→heartrate_short,"heartrate,heartrate,heartrate,heartrate,heartrate,heartrate,heartrate,heartrate",3.225465,9.175729,1.146966125,0.73274125,5.86193,0.000228875,445.51318359375
run3_same_dec_diff_len,"Same decoder (heartrate MLP), mixed seq_len (full 512 + zero-padded 256, interleaved)",8,29,heartrate→heartrate_short,"heartrate,heartrate,heartrate,heartrate,heartrate,heartrate,heartrate,heartrate",3.304148,9.641185,1.205148125,0.780730875,6.245847,0.000391375,445.51318359375
run3_same_dec_diff_len,"Same decoder (heartrate MLP), mixed seq_len (full 512 + zero-padded 256, interleaved)",8,30,heartrate→heartrate_short,"heartrate,heartrate,heartrate,heartrate,heartrate,heartrate,heartrate,heartrate",3.323127,9.219314,1.15241425,0.72585475,5.806838,0.000223625,445.51318359375
run3_same_dec_diff_len,"Same decoder (heartrate MLP), mixed seq_len (full 512 + zero-padded 256, interleaved)",8,31,heartrate→heartrate_short,"heartrate,heartrate,heartrate,heartrate,heartrate,heartrate,heartrate,heartrate",3.340854,9.234293,1.154286625,0.7242265,5.793812,0.00025225,445.51318359375
run3_same_dec_diff_len,"Same decoder (heartrate MLP), mixed seq_len (full 512 + zero-padded 256, interleaved)",8,32,heartrate→heartrate_short,"heartrate,heartrate,heartrate,heartrate,heartrate,heartrate,heartrate,heartrate",3.288251,9.176624,1.147078,0.700477625,5.603821,0.000259,445.51318359375
run3_same_dec_diff_len,"Same decoder (heartrate MLP), mixed seq_len (full 512 + zero-padded 256, interleaved)",8,33,heartrate→heartrate_short,"heartrate,heartrate,heartrate,heartrate,heartrate,heartrate,heartrate,heartrate",3.245543,9.18525,1.14815625,0.730804875,5.846439,0.0002575,445.51318359375
run3_same_dec_diff_len,"Same decoder (heartrate MLP), mixed seq_len (full 512 + zero-padded 256, interleaved)",8,34,heartrate→heartrate_short,"heartrate,heartrate,heartrate,heartrate,heartrate,heartrate,heartrate,heartrate",3.229959,9.391689,1.173961125,0.758316125,6.066529,0.0002545,445.51318359375
run3_same_dec_diff_len,"Same decoder (heartrate MLP), mixed seq_len (full 512 + zero-padded 256, interleaved)",8,35,heartrate→heartrate_short,"heartrate,heartrate,heartrate,heartrate,heartrate,heartrate,heartrate,heartrate",3.245249,9.17427,1.14678375,0.72972075,5.837766,0.00023725,445.51318359375
run3_same_dec_diff_len,"Same decoder (heartrate MLP), mixed seq_len (full 512 + zero-padded 256, interleaved)",8,36,heartrate→heartrate_short,"heartrate,heartrate,heartrate,heartrate,heartrate,heartrate,heartrate,heartrate",3.242674,9.379062,1.17238275,0.755902625,6.047221,0.000232625,445.51318359375
run3_same_dec_diff_len,"Same decoder (heartrate MLP), mixed seq_len (full 512 + zero-padded 256, interleaved)",8,37,heartrate→heartrate_short,"heartrate,heartrate,heartrate,heartrate,heartrate,heartrate,heartrate,heartrate",3.264279,9.190352,1.148794,0.729414875,5.835319,0.000233,445.51318359375
run3_same_dec_diff_len,"Same decoder (heartrate MLP), mixed seq_len (full 512 + zero-padded 256, interleaved)",8,38,heartrate→heartrate_short,"heartrate,heartrate,heartrate,heartrate,heartrate,heartrate,heartrate,heartrate",3.227892,9.167412,1.1459265,0.731401625,5.851213,0.000222875,445.51318359375
run3_same_dec_diff_len,"Same decoder (heartrate MLP), mixed seq_len (full 512 + zero-padded 256, interleaved)",8,39,heartrate→heartrate_short,"heartrate,heartrate,heartrate,heartrate,heartrate,heartrate,heartrate,heartrate",3.244506,9.174418,1.14680225,0.72992525,5.839402,0.000240125,445.51318359375
run3_same_dec_diff_len,"Same decoder (heartrate MLP), mixed seq_len (full 512 + zero-padded 256, interleaved)",8,40,heartrate→heartrate_short,"heartrate,heartrate,heartrate,heartrate,heartrate,heartrate,heartrate,heartrate",3.218919,9.164372,1.1455465,0.73228775,5.858302,0.000224875,445.51318359375
run3_same_dec_diff_len,"Same decoder (heartrate MLP), mixed seq_len (full 512 + zero-padded 256, interleaved)",8,41,heartrate→heartrate_short,"heartrate,heartrate,heartrate,heartrate,heartrate,heartrate,heartrate,heartrate",3.235273,9.378664,1.172333,0.756057,6.048456,0.000237875,445.51318359375
run3_same_dec_diff_len,"Same decoder (heartrate MLP), mixed seq_len (full 512 + zero-padded 256, interleaved)",8,42,heartrate→heartrate_short,"heartrate,heartrate,heartrate,heartrate,heartrate,heartrate,heartrate,heartrate",3.37099,9.234019,1.154252375,0.721704,5.773632,0.000253125,445.51318359375
run3_same_dec_diff_len,"Same decoder (heartrate MLP), mixed seq_len (full 512 + zero-padded 256, interleaved)",8,43,heartrate→heartrate_short,"heartrate,heartrate,heartrate,heartrate,heartrate,heartrate,heartrate,heartrate",3.255694,9.38751,1.17343875,0.75516025,6.041282,0.000241375,445.51318359375
run3_same_dec_diff_len,"Same decoder (heartrate MLP), mixed seq_len (full 512 + zero-padded 256, interleaved)",8,44,heartrate→heartrate_short,"heartrate,heartrate,heartrate,heartrate,heartrate,heartrate,heartrate,heartrate",3.185396,9.147417,1.143427125,0.7337395,5.869916,0.00024525,445.51318359375
run3_same_dec_diff_len,"Same decoder (heartrate MLP), mixed seq_len (full 512 + zero-padded 256, interleaved)",8,45,heartrate→heartrate_short,"heartrate,heartrate,heartrate,heartrate,heartrate,heartrate,heartrate,heartrate",3.172261,9.133933,1.141741625,0.734564375,5.876515,0.00023175,445.51318359375
run3_same_dec_diff_len,"Same decoder (heartrate MLP), mixed seq_len (full 512 + zero-padded 256, interleaved)",8,46,heartrate→heartrate_short,"heartrate,heartrate,heartrate,heartrate,heartrate,heartrate,heartrate,heartrate",3.172837,9.299034,1.16237925,0.754756125,6.038049,0.000242,445.51318359375
run3_same_dec_diff_len,"Same decoder (heartrate MLP), mixed seq_len (full 512 + zero-padded 256, interleaved)",8,47,heartrate→heartrate_short,"heartrate,heartrate,heartrate,heartrate,heartrate,heartrate,heartrate,heartrate",3.157468,9.12644,1.140805,0.735582875,5.884663,0.000214375,445.51318359375
run3_same_dec_diff_len,"Same decoder (heartrate MLP), mixed seq_len (full 512 + zero-padded 256, interleaved)",8,48,heartrate→heartrate_short,"heartrate,heartrate,heartrate,heartrate,heartrate,heartrate,heartrate,heartrate",3.166182,9.318861,1.164857625,0.75832825,6.066626,0.00024175,445.51318359375
run3_same_dec_diff_len,"Same decoder (heartrate MLP), mixed seq_len (full 512 + zero-padded 256, interleaved)",8,49,heartrate→heartrate_short,"heartrate,heartrate,heartrate,heartrate,heartrate,heartrate,heartrate,heartrate",3.154622,9.130184,1.141273,0.73642775,5.891422,0.000217125,445.51318359375
run3_same_dec_diff_len,"Same decoder (heartrate MLP), mixed seq_len (full 512 + zero-padded 256, interleaved)",16,0,heartrate→heartrate_short,"heartrate,heartrate,heartrate,heartrate,heartrate,heartrate,heartrate,heartrate,heartrate,heartrate,heartrate,heartrate,heartrate,heartrate,heartrate,heartrate",3.191242,16.340515,1.0212821875,0.816131875,13.05811,0.0001755625,447.01318359375
run3_same_dec_diff_len,"Same decoder (heartrate MLP), mixed seq_len (full 512 + zero-padded 256, interleaved)",16,1,heartrate→heartrate_short,"heartrate,heartrate,heartrate,heartrate,heartrate,heartrate,heartrate,heartrate,heartrate,heartrate,heartrate,heartrate,heartrate,heartrate,heartrate,heartrate",3.194354,16.377223,1.0235764375,0.8180801875,13.089283,0.0001811875,447.01318359375
run3_same_dec_diff_len,"Same decoder (heartrate MLP), mixed seq_len (full 512 + zero-padded 256, interleaved)",16,2,heartrate→heartrate_short,"heartrate,heartrate,heartrate,heartrate,heartrate,heartrate,heartrate,heartrate,heartrate,heartrate,heartrate,heartrate,heartrate,heartrate,heartrate,heartrate",3.190342,16.189199,1.0118249375,0.806620625,12.90593,0.000173,447.01318359375
run3_same_dec_diff_len,"Same decoder (heartrate MLP), mixed seq_len (full 512 + zero-padded 256, interleaved)",16,3,heartrate→heartrate_short,"heartrate,heartrate,heartrate,heartrate,heartrate,heartrate,heartrate,heartrate,heartrate,heartrate,heartrate,heartrate,heartrate,heartrate,heartrate,heartrate",3.200578,16.248107,1.0155066875,0.8095748125,12.953197,0.000175875,447.01318359375
run3_same_dec_diff_len,"Same decoder (heartrate MLP), mixed seq_len (full 512 + zero-padded 256, interleaved)",16,4,heartrate→heartrate_short,"heartrate,heartrate,heartrate,heartrate,heartrate,heartrate,heartrate,heartrate,heartrate,heartrate,heartrate,heartrate,heartrate,heartrate,heartrate,heartrate",3.27227,16.431481,1.0269675625,0.8166419375,13.066271,0.0001664375,447.01318359375
run3_same_dec_diff_len,"Same decoder (heartrate MLP), mixed seq_len (full 512 + zero-padded 256, interleaved)",16,5,heartrate→heartrate_short,"heartrate,heartrate,heartrate,heartrate,heartrate,heartrate,heartrate,heartrate,heartrate,heartrate,heartrate,heartrate,heartrate,heartrate,heartrate,heartrate",3.251389,16.438112,1.027382,0.818407125,13.094514,0.0001636875,447.01318359375
run3_same_dec_diff_len,"Same decoder (heartrate MLP), mixed seq_len (full 512 + zero-padded 256, interleaved)",16,6,heartrate→heartrate_short,"heartrate,heartrate,heartrate,heartrate,heartrate,heartrate,heartrate,heartrate,heartrate,heartrate,heartrate,heartrate,heartrate,heartrate,heartrate,heartrate",3.239151,16.439274,1.027454625,0.8192054375,13.107287,0.0001653125,447.01318359375
run3_same_dec_diff_len,"Same decoder (heartrate MLP), mixed seq_len (full 512 + zero-padded 256, interleaved)",16,7,heartrate→heartrate_short,"heartrate,heartrate,heartrate,heartrate,heartrate,heartrate,heartrate,heartrate,heartrate,heartrate,heartrate,heartrate,heartrate,heartrate,heartrate,heartrate",3.386455,16.323627,1.0202266875,0.80241275,12.838604,0.000167375,447.01318359375
run3_same_dec_diff_len,"Same decoder (heartrate MLP), mixed seq_len (full 512 + zero-padded 256, interleaved)",16,8,heartrate→heartrate_short,"heartrate,heartrate,heartrate,heartrate,heartrate,heartrate,heartrate,heartrate,heartrate,heartrate,heartrate,heartrate,heartrate,heartrate,heartrate,heartrate",3.402564,16.594844,1.03717775,0.8176891875,13.083027,0.0001875,447.01318359375
run3_same_dec_diff_len,"Same decoder (heartrate MLP), mixed seq_len (full 512 + zero-padded 256, interleaved)",16,9,heartrate→heartrate_short,"heartrate,heartrate,heartrate,heartrate,heartrate,heartrate,heartrate,heartrate,heartrate,heartrate,heartrate,heartrate,heartrate,heartrate,heartrate,heartrate",3.651319,16.910612,1.05691325,0.82189625,13.15034,0.00019075,447.01318359375
run3_same_dec_diff_len,"Same decoder (heartrate MLP), mixed seq_len (full 512 + zero-padded 256, interleaved)",16,10,heartrate→heartrate_short,"heartrate,heartrate,heartrate,heartrate,heartrate,heartrate,heartrate,heartrate,heartrate,heartrate,heartrate,heartrate,heartrate,heartrate,heartrate,heartrate",3.693478,16.746948,1.04668425,0.808491125,12.935858,0.0002076875,447.01318359375
run3_same_dec_diff_len,"Same decoder (heartrate MLP), mixed seq_len (full 512 + zero-padded 256, interleaved)",16,11,heartrate→heartrate_short,"heartrate,heartrate,heartrate,heartrate,heartrate,heartrate,heartrate,heartrate,heartrate,heartrate,heartrate,heartrate,heartrate,heartrate,heartrate,heartrate",3.476674,16.597963,1.0373726875,0.81349225,13.015876,0.0001890625,447.01318359375
run3_same_dec_diff_len,"Same decoder (heartrate MLP), mixed seq_len (full 512 + zero-padded 256, interleaved)",16,12,heartrate→heartrate_short,"heartrate,heartrate,heartrate,heartrate,heartrate,heartrate,heartrate,heartrate,heartrate,heartrate,heartrate,heartrate,heartrate,heartrate,heartrate,heartrate",3.39225,16.29326,1.01832875,0.7999041875,12.798467,0.0001718125,447.01318359375
run3_same_dec_diff_len,"Same decoder (heartrate MLP), mixed seq_len (full 512 + zero-padded 256, interleaved)",16,13,heartrate→heartrate_short,"heartrate,heartrate,heartrate,heartrate,heartrate,heartrate,heartrate,heartrate,heartrate,heartrate,heartrate,heartrate,heartrate,heartrate,heartrate,heartrate",3.344355,16.448654,1.028040875,0.8127806875,13.004491,0.000179875,447.01318359375
run3_same_dec_diff_len,"Same decoder (heartrate MLP), mixed seq_len (full 512 + zero-padded 256, interleaved)",16,14,heartrate→heartrate_short,"heartrate,heartrate,heartrate,heartrate,heartrate,heartrate,heartrate,heartrate,heartrate,heartrate,heartrate,heartrate,heartrate,heartrate,heartrate,heartrate",3.285426,16.384984,1.0240615,0.8126295625,13.002073,0.000180875,447.01318359375
run3_same_dec_diff_len,"Same decoder (heartrate MLP), mixed seq_len (full 512 + zero-padded 256, interleaved)",16,15,heartrate→heartrate_short,"heartrate,heartrate,heartrate,heartrate,heartrate,heartrate,heartrate,heartrate,heartrate,heartrate,heartrate,heartrate,heartrate,heartrate,heartrate,heartrate",3.260591,16.392784,1.024549,0.8149605625,13.039369,0.0001704375,447.01318359375
run3_same_dec_diff_len,"Same decoder (heartrate MLP), mixed seq_len (full 512 + zero-padded 256, interleaved)",16,16,heartrate→heartrate_short,"heartrate,heartrate,heartrate,heartrate,heartrate,heartrate,heartrate,heartrate,heartrate,heartrate,heartrate,heartrate,heartrate,heartrate,heartrate,heartrate",3.229065,16.382662,1.023916375,0.8162488125,13.059981,0.000161875,447.01318359375
run3_same_dec_diff_len,"Same decoder (heartrate MLP), mixed seq_len (full 512 + zero-padded 256, interleaved)",16,17,heartrate→heartrate_short,"heartrate,heartrate,heartrate,heartrate,heartrate,heartrate,heartrate,heartrate,heartrate,heartrate,heartrate,heartrate,heartrate,heartrate,heartrate,heartrate",3.22787,16.27726,1.01732875,0.8095940625,12.953505,0.0001671875,447.01318359375
run3_same_dec_diff_len,"Same decoder (heartrate MLP), mixed seq_len (full 512 + zero-padded 256, interleaved)",16,18,heartrate→heartrate_short,"heartrate,heartrate,heartrate,heartrate,heartrate,heartrate,heartrate,heartrate,heartrate,heartrate,heartrate,heartrate,heartrate,heartrate,heartrate,heartrate",3.468061,16.611568,1.038223,0.815082375,13.041318,0.0001795625,447.01318359375
run3_same_dec_diff_len,"Same decoder (heartrate MLP), mixed seq_len (full 512 + zero-padded 256, interleaved)",16,19,heartrate→heartrate_short,"heartrate,heartrate,heartrate,heartrate,heartrate,heartrate,heartrate,heartrate,heartrate,heartrate,heartrate,heartrate,heartrate,heartrate,heartrate,heartrate",3.358316,16.417502,1.026093875,0.8101879375,12.963007,0.00016775,447.01318359375
run3_same_dec_diff_len,"Same decoder (heartrate MLP), mixed seq_len (full 512 + zero-padded 256, interleaved)",16,20,heartrate→heartrate_short,"heartrate,heartrate,heartrate,heartrate,heartrate,heartrate,heartrate,heartrate,heartrate,heartrate,heartrate,heartrate,heartrate,heartrate,heartrate,heartrate",3.268123,16.402451,1.0251531875,0.8149455625,13.039129,0.000182125,447.01318359375
run3_same_dec_diff_len,"Same decoder (heartrate MLP), mixed seq_len (full 512 + zero-padded 256, interleaved)",16,21,heartrate→heartrate_short,"heartrate,heartrate,heartrate,heartrate,heartrate,heartrate,heartrate,heartrate,heartrate,heartrate,heartrate,heartrate,heartrate,heartrate,heartrate,heartrate",3.338193,16.455729,1.0284830625,0.81392775,13.022844,0.0001675625,447.01318359375
run3_same_dec_diff_len,"Same decoder (heartrate MLP), mixed seq_len (full 512 + zero-padded 256, interleaved)",16,22,heartrate→heartrate_short,"heartrate,heartrate,heartrate,heartrate,heartrate,heartrate,heartrate,heartrate,heartrate,heartrate,heartrate,heartrate,heartrate,heartrate,heartrate,heartrate",3.277916,16.243975,1.0152484375,0.804573875,12.873182,0.0001804375,447.01318359375
run3_same_dec_diff_len,"Same decoder (heartrate MLP), mixed seq_len (full 512 + zero-padded 256, interleaved)",16,23,heartrate→heartrate_short,"heartrate,heartrate,heartrate,heartrate,heartrate,heartrate,heartrate,heartrate,heartrate,heartrate,heartrate,heartrate,heartrate,heartrate,heartrate,heartrate",3.275158,16.396345,1.0247715625,0.8139705,13.023528,0.00016,447.01318359375
run3_same_dec_diff_len,"Same decoder (heartrate MLP), mixed seq_len (full 512 + zero-padded 256, interleaved)",16,24,heartrate→heartrate_short,"heartrate,heartrate,heartrate,heartrate,heartrate,heartrate,heartrate,heartrate,heartrate,heartrate,heartrate,heartrate,heartrate,heartrate,heartrate,heartrate",3.242184,16.378205,1.0236378125,0.815090125,13.041442,0.0001615,447.01318359375
run3_same_dec_diff_len,"Same decoder (heartrate MLP), mixed seq_len (full 512 + zero-padded 256, interleaved)",16,25,heartrate→heartrate_short,"heartrate,heartrate,heartrate,heartrate,heartrate,heartrate,heartrate,heartrate,heartrate,heartrate,heartrate,heartrate,heartrate,heartrate,heartrate,heartrate",3.263061,16.421882,1.026367625,0.81625275,13.060044,0.000165125,447.01318359375
run3_same_dec_diff_len,"Same decoder (heartrate MLP), mixed seq_len (full 512 + zero-padded 256, interleaved)",16,26,heartrate→heartrate_short,"heartrate,heartrate,heartrate,heartrate,heartrate,heartrate,heartrate,heartrate,heartrate,heartrate,heartrate,heartrate,heartrate,heartrate,heartrate,heartrate",3.21035,16.338113,1.0211320625,0.8145791875,13.033267,0.000183875,447.01318359375
run3_same_dec_diff_len,"Same decoder (heartrate MLP), mixed seq_len (full 512 + zero-padded 256, interleaved)",16,27,heartrate→heartrate_short,"heartrate,heartrate,heartrate,heartrate,heartrate,heartrate,heartrate,heartrate,heartrate,heartrate,heartrate,heartrate,heartrate,heartrate,heartrate,heartrate",3.184701,16.183552,1.011472,0.806718125,12.90749,0.00016675,447.01318359375
run3_same_dec_diff_len,"Same decoder (heartrate MLP), mixed seq_len (full 512 + zero-padded 256, interleaved)",16,28,heartrate→heartrate_short,"heartrate,heartrate,heartrate,heartrate,heartrate,heartrate,heartrate,heartrate,heartrate,heartrate,heartrate,heartrate,heartrate,heartrate,heartrate,heartrate",3.198738,16.379083,1.0236926875,0.8178271875,13.085235,0.0001633125,447.01318359375
run3_same_dec_diff_len,"Same decoder (heartrate MLP), mixed seq_len (full 512 + zero-padded 256, interleaved)",16,29,heartrate→heartrate_short,"heartrate,heartrate,heartrate,heartrate,heartrate,heartrate,heartrate,heartrate,heartrate,heartrate,heartrate,heartrate,heartrate,heartrate,heartrate,heartrate",3.306819,16.406405,1.0254003125,0.812898625,13.006378,0.0001755,447.01318359375
run3_same_dec_diff_len,"Same decoder (heartrate MLP), mixed seq_len (full 512 + zero-padded 256, interleaved)",16,30,heartrate→heartrate_short,"heartrate,heartrate,heartrate,heartrate,heartrate,heartrate,heartrate,heartrate,heartrate,heartrate,heartrate,heartrate,heartrate,heartrate,heartrate,heartrate",3.231871,16.475441,1.0297150625,0.8217803125,13.148485,0.0001910625,447.01318359375
run3_same_dec_diff_len,"Same decoder (heartrate MLP), mixed seq_len (full 512 + zero-padded 256, interleaved)",16,31,heartrate→heartrate_short,"heartrate,heartrate,heartrate,heartrate,heartrate,heartrate,heartrate,heartrate,heartrate,heartrate,heartrate,heartrate,heartrate,heartrate,heartrate,heartrate",3.315413,16.432047,1.0270029375,0.8132964375,13.012743,0.0001936875,447.01318359375
run3_same_dec_diff_len,"Same decoder (heartrate MLP), mixed seq_len (full 512 + zero-padded 256, interleaved)",16,32,heartrate→heartrate_short,"heartrate,heartrate,heartrate,heartrate,heartrate,heartrate,heartrate,heartrate,heartrate,heartrate,heartrate,heartrate,heartrate,heartrate,heartrate,heartrate",3.316345,16.336465,1.0210290625,0.80769525,12.923124,0.0001711875,447.01318359375
run3_same_dec_diff_len,"Same decoder (heartrate MLP), mixed seq_len (full 512 + zero-padded 256, interleaved)",16,33,heartrate→heartrate_short,"heartrate,heartrate,heartrate,heartrate,heartrate,heartrate,heartrate,heartrate,heartrate,heartrate,heartrate,heartrate,heartrate,heartrate,heartrate,heartrate",3.342179,16.479509,1.0299693125,0.8148544375,13.037671,0.00016475,447.01318359375
run3_same_dec_diff_len,"Same decoder (heartrate MLP), mixed seq_len (full 512 + zero-padded 256, interleaved)",16,34,heartrate→heartrate_short,"heartrate,heartrate,heartrate,heartrate,heartrate,heartrate,heartrate,heartrate,heartrate,heartrate,heartrate,heartrate,heartrate,heartrate,heartrate,heartrate",3.303756,16.526959,1.0329349375,0.8205373125,13.128597,0.0001766875,447.01318359375
run3_same_dec_diff_len,"Same decoder (heartrate MLP), mixed seq_len (full 512 + zero-padded 256, interleaved)",16,35,heartrate→heartrate_short,"heartrate,heartrate,heartrate,heartrate,heartrate,heartrate,heartrate,heartrate,heartrate,heartrate,heartrate,heartrate,heartrate,heartrate,heartrate,heartrate",3.356395,16.508533,1.0317833125,0.8159165,13.054664,0.0001775625,447.01318359375
run3_same_dec_diff_len,"Same decoder (heartrate MLP), mixed seq_len (full 512 + zero-padded 256, interleaved)",16,36,heartrate→heartrate_short,"heartrate,heartrate,heartrate,heartrate,heartrate,heartrate,heartrate,heartrate,heartrate,heartrate,heartrate,heartrate,heartrate,heartrate,heartrate,heartrate",3.265046,16.510125,1.0318828125,0.8219919375,13.151871,0.00016625,447.01318359375
run3_same_dec_diff_len,"Same decoder (heartrate MLP), mixed seq_len (full 512 + zero-padded 256, interleaved)",16,37,heartrate→heartrate_short,"heartrate,heartrate,heartrate,heartrate,heartrate,heartrate,heartrate,heartrate,heartrate,heartrate,heartrate,heartrate,heartrate,heartrate,heartrate,heartrate",3.245223,16.145755,1.0091096875,0.8004816875,12.807707,0.0001489375,447.01318359375
run3_same_dec_diff_len,"Same decoder (heartrate MLP), mixed seq_len (full 512 + zero-padded 256, interleaved)",16,38,heartrate→heartrate_short,"heartrate,heartrate,heartrate,heartrate,heartrate,heartrate,heartrate,heartrate,heartrate,heartrate,heartrate,heartrate,heartrate,heartrate,heartrate,heartrate",3.196659,16.346733,1.0216708125,0.816116125,13.057858,0.0001639375,447.01318359375
run3_same_dec_diff_len,"Same decoder (heartrate MLP), mixed seq_len (full 512 + zero-padded 256, interleaved)",16,39,heartrate→heartrate_short,"heartrate,heartrate,heartrate,heartrate,heartrate,heartrate,heartrate,heartrate,heartrate,heartrate,heartrate,heartrate,heartrate,heartrate,heartrate,heartrate",3.278329,16.466687,1.0291679375,0.8183218125,13.093149,0.000173625,447.01318359375
run3_same_dec_diff_len,"Same decoder (heartrate MLP), mixed seq_len (full 512 + zero-padded 256, interleaved)",16,40,heartrate→heartrate_short,"heartrate,heartrate,heartrate,heartrate,heartrate,heartrate,heartrate,heartrate,heartrate,heartrate,heartrate,heartrate,heartrate,heartrate,heartrate,heartrate",3.286237,16.429117,1.0268198125,0.8156714375,13.050743,0.000170125,447.01318359375
run3_same_dec_diff_len,"Same decoder (heartrate MLP), mixed seq_len (full 512 + zero-padded 256, interleaved)",16,41,heartrate→heartrate_short,"heartrate,heartrate,heartrate,heartrate,heartrate,heartrate,heartrate,heartrate,heartrate,heartrate,heartrate,heartrate,heartrate,heartrate,heartrate,heartrate",3.27759,16.356145,1.0222590625,0.811616,12.985856,0.0001675,447.01318359375
run3_same_dec_diff_len,"Same decoder (heartrate MLP), mixed seq_len (full 512 + zero-padded 256, interleaved)",16,42,heartrate→heartrate_short,"heartrate,heartrate,heartrate,heartrate,heartrate,heartrate,heartrate,heartrate,heartrate,heartrate,heartrate,heartrate,heartrate,heartrate,heartrate,heartrate",3.252145,16.211291,1.0132056875,0.80410775,12.865724,0.00015875,447.01318359375
run3_same_dec_diff_len,"Same decoder (heartrate MLP), mixed seq_len (full 512 + zero-padded 256, interleaved)",16,43,heartrate→heartrate_short,"heartrate,heartrate,heartrate,heartrate,heartrate,heartrate,heartrate,heartrate,heartrate,heartrate,heartrate,heartrate,heartrate,heartrate,heartrate,heartrate",3.290124,16.4343,1.02714375,0.815448125,13.04717,0.0001636875,447.01318359375
run3_same_dec_diff_len,"Same decoder (heartrate MLP), mixed seq_len (full 512 + zero-padded 256, interleaved)",16,44,heartrate→heartrate_short,"heartrate,heartrate,heartrate,heartrate,heartrate,heartrate,heartrate,heartrate,heartrate,heartrate,heartrate,heartrate,heartrate,heartrate,heartrate,heartrate",3.234298,16.417021,1.0260638125,0.8180865625,13.089385,0.000166375,447.01318359375
run3_same_dec_diff_len,"Same decoder (heartrate MLP), mixed seq_len (full 512 + zero-padded 256, interleaved)",16,45,heartrate→heartrate_short,"heartrate,heartrate,heartrate,heartrate,heartrate,heartrate,heartrate,heartrate,heartrate,heartrate,heartrate,heartrate,heartrate,heartrate,heartrate,heartrate",3.203336,16.377962,1.023622625,0.8176368125,13.082189,0.0001655,447.01318359375
run3_same_dec_diff_len,"Same decoder (heartrate MLP), mixed seq_len (full 512 + zero-padded 256, interleaved)",16,46,heartrate→heartrate_short,"heartrate,heartrate,heartrate,heartrate,heartrate,heartrate,heartrate,heartrate,heartrate,heartrate,heartrate,heartrate,heartrate,heartrate,heartrate,heartrate",3.190812,16.262632,1.0164145,0.8112096875,12.979355,0.0001664375,447.01318359375
run3_same_dec_diff_len,"Same decoder (heartrate MLP), mixed seq_len (full 512 + zero-padded 256, interleaved)",16,47,heartrate→heartrate_short,"heartrate,heartrate,heartrate,heartrate,heartrate,heartrate,heartrate,heartrate,heartrate,heartrate,heartrate,heartrate,heartrate,heartrate,heartrate,heartrate",3.457468,16.299123,1.0186951875,0.7968655625,12.749849,0.0001790625,447.01318359375
run3_same_dec_diff_len,"Same decoder (heartrate MLP), mixed seq_len (full 512 + zero-padded 256, interleaved)",16,48,heartrate→heartrate_short,"heartrate,heartrate,heartrate,heartrate,heartrate,heartrate,heartrate,heartrate,heartrate,heartrate,heartrate,heartrate,heartrate,heartrate,heartrate,heartrate",3.300065,16.541315,1.0338321875,0.8216790625,13.146865,0.0001643125,447.01318359375
run3_same_dec_diff_len,"Same decoder (heartrate MLP), mixed seq_len (full 512 + zero-padded 256, interleaved)",16,49,heartrate→heartrate_short,"heartrate,heartrate,heartrate,heartrate,heartrate,heartrate,heartrate,heartrate,heartrate,heartrate,heartrate,heartrate,heartrate,heartrate,heartrate,heartrate",3.468863,16.713706,1.044606625,0.821272875,13.140366,0.0001834375,447.01318359375
run3_same_dec_diff_len,"Same decoder (heartrate MLP), mixed seq_len (full 512 + zero-padded 256, interleaved)",32,0,heartrate→heartrate_short,"heartrate,heartrate,heartrate,heartrate,heartrate,heartrate,heartrate,heartrate,heartrate,heartrate,heartrate,heartrate,heartrate,heartrate,heartrate,heartrate,heartrate,heartrate,heartrate,heartrate,heartrate,heartrate,heartrate,heartrate,heartrate,heartrate,heartrate,heartrate,heartrate,heartrate,heartrate,heartrate",3.701309,31.165478,0.9739211875,0.85426059375,27.336339,0.0001560625,450.01318359375
run3_same_dec_diff_len,"Same decoder (heartrate MLP), mixed seq_len (full 512 + zero-padded 256, interleaved)",32,1,heartrate→heartrate_short,"heartrate,heartrate,heartrate,heartrate,heartrate,heartrate,heartrate,heartrate,heartrate,heartrate,heartrate,heartrate,heartrate,heartrate,heartrate,heartrate,heartrate,heartrate,heartrate,heartrate,heartrate,heartrate,heartrate,heartrate,heartrate,heartrate,heartrate,heartrate,heartrate,heartrate,heartrate,heartrate",3.712082,30.959501,0.96748440625,0.84778046875,27.128975,0.0001539375,450.01318359375
run3_same_dec_diff_len,"Same decoder (heartrate MLP), mixed seq_len (full 512 + zero-padded 256, interleaved)",32,2,heartrate→heartrate_short,"heartrate,heartrate,heartrate,heartrate,heartrate,heartrate,heartrate,heartrate,heartrate,heartrate,heartrate,heartrate,heartrate,heartrate,heartrate,heartrate,heartrate,heartrate,heartrate,heartrate,heartrate,heartrate,heartrate,heartrate,heartrate,heartrate,heartrate,heartrate,heartrate,heartrate,heartrate,heartrate",3.599724,30.900798,0.9656499375,0.84904425,27.169416,0.000158,450.01318359375
run3_same_dec_diff_len,"Same decoder (heartrate MLP), mixed seq_len (full 512 + zero-padded 256, interleaved)",32,3,heartrate→heartrate_short,"heartrate,heartrate,heartrate,heartrate,heartrate,heartrate,heartrate,heartrate,heartrate,heartrate,heartrate,heartrate,heartrate,heartrate,heartrate,heartrate,heartrate,heartrate,heartrate,heartrate,heartrate,heartrate,heartrate,heartrate,heartrate,heartrate,heartrate,heartrate,heartrate,heartrate,heartrate,heartrate",3.443694,31.04298,0.970093125,0.85898578125,27.487545,0.00014309375,450.01318359375
run3_same_dec_diff_len,"Same decoder (heartrate MLP), mixed seq_len (full 512 + zero-padded 256, interleaved)",32,4,heartrate→heartrate_short,"heartrate,heartrate,heartrate,heartrate,heartrate,heartrate,heartrate,heartrate,heartrate,heartrate,heartrate,heartrate,heartrate,heartrate,heartrate,heartrate,heartrate,heartrate,heartrate,heartrate,heartrate,heartrate,heartrate,heartrate,heartrate,heartrate,heartrate,heartrate,heartrate,heartrate,heartrate,heartrate",3.48149,30.793334,0.9622916875,0.85009425,27.203016,0.00014840625,450.01318359375
run3_same_dec_diff_len,"Same decoder (heartrate MLP), mixed seq_len (full 512 + zero-padded 256, interleaved)",32,5,heartrate→heartrate_short,"heartrate,heartrate,heartrate,heartrate,heartrate,heartrate,heartrate,heartrate,heartrate,heartrate,heartrate,heartrate,heartrate,heartrate,heartrate,heartrate,heartrate,heartrate,heartrate,heartrate,heartrate,heartrate,heartrate,heartrate,heartrate,heartrate,heartrate,heartrate,heartrate,heartrate,heartrate,heartrate",3.286529,30.823733,0.96324165625,0.85718721875,27.429991,0.000136125,450.01318359375
run3_same_dec_diff_len,"Same decoder (heartrate MLP), mixed seq_len (full 512 + zero-padded 256, interleaved)",32,6,heartrate→heartrate_short,"heartrate,heartrate,heartrate,heartrate,heartrate,heartrate,heartrate,heartrate,heartrate,heartrate,heartrate,heartrate,heartrate,heartrate,heartrate,heartrate,heartrate,heartrate,heartrate,heartrate,heartrate,heartrate,heartrate,heartrate,heartrate,heartrate,heartrate,heartrate,heartrate,heartrate,heartrate,heartrate",3.32419,30.966742,0.9677106875,0.86044896875,27.534367,0.000147,450.01318359375
run3_same_dec_diff_len,"Same decoder (heartrate MLP), mixed seq_len (full 512 + zero-padded 256, interleaved)",32,7,heartrate→heartrate_short,"heartrate,heartrate,heartrate,heartrate,heartrate,heartrate,heartrate,heartrate,heartrate,heartrate,heartrate,heartrate,heartrate,heartrate,heartrate,heartrate,heartrate,heartrate,heartrate,heartrate,heartrate,heartrate,heartrate,heartrate,heartrate,heartrate,heartrate,heartrate,heartrate,heartrate,heartrate,heartrate",3.257375,31.047362,0.9702300625,0.86505015625,27.681605,0.0001506875,450.01318359375
run3_same_dec_diff_len,"Same decoder (heartrate MLP), mixed seq_len (full 512 + zero-padded 256, interleaved)",32,8,heartrate→heartrate_short,"heartrate,heartrate,heartrate,heartrate,heartrate,heartrate,heartrate,heartrate,heartrate,heartrate,heartrate,heartrate,heartrate,heartrate,heartrate,heartrate,heartrate,heartrate,heartrate,heartrate,heartrate,heartrate,heartrate,heartrate,heartrate,heartrate,heartrate,heartrate,heartrate,heartrate,heartrate,heartrate",3.50668,30.842304,0.963822,0.850694375,27.22222,0.00014746875,450.01318359375
run3_same_dec_diff_len,"Same decoder (heartrate MLP), mixed seq_len (full 512 + zero-padded 256, interleaved)",32,9,heartrate→heartrate_short,"heartrate,heartrate,heartrate,heartrate,heartrate,heartrate,heartrate,heartrate,heartrate,heartrate,heartrate,heartrate,heartrate,heartrate,heartrate,heartrate,heartrate,heartrate,heartrate,heartrate,heartrate,heartrate,heartrate,heartrate,heartrate,heartrate,heartrate,heartrate,heartrate,heartrate,heartrate,heartrate",3.349722,30.859215,0.96435046875,0.85620809375,27.398659,0.0001376875,450.01318359375
run3_same_dec_diff_len,"Same decoder (heartrate MLP), mixed seq_len (full 512 + zero-padded 256, interleaved)",32,10,heartrate→heartrate_short,"heartrate,heartrate,heartrate,heartrate,heartrate,heartrate,heartrate,heartrate,heartrate,heartrate,heartrate,heartrate,heartrate,heartrate,heartrate,heartrate,heartrate,heartrate,heartrate,heartrate,heartrate,heartrate,heartrate,heartrate,heartrate,heartrate,heartrate,heartrate,heartrate,heartrate,heartrate,heartrate",3.402298,30.926225,0.96644453125,0.8565278125,27.40889,0.000161625,450.01318359375
run3_same_dec_diff_len,"Same decoder (heartrate MLP), mixed seq_len (full 512 + zero-padded 256, interleaved)",32,11,heartrate→heartrate_short,"heartrate,heartrate,heartrate,heartrate,heartrate,heartrate,heartrate,heartrate,heartrate,heartrate,heartrate,heartrate,heartrate,heartrate,heartrate,heartrate,heartrate,heartrate,heartrate,heartrate,heartrate,heartrate,heartrate,heartrate,heartrate,heartrate,heartrate,heartrate,heartrate,heartrate,heartrate,heartrate",3.720181,31.426783,0.98208696875,0.86177878125,27.576921,0.00015525,450.01318359375
run3_same_dec_diff_len,"Same decoder (heartrate MLP), mixed seq_len (full 512 + zero-padded 256, interleaved)",32,12,heartrate→heartrate_short,"heartrate,heartrate,heartrate,heartrate,heartrate,heartrate,heartrate,heartrate,heartrate,heartrate,heartrate,heartrate,heartrate,heartrate,heartrate,heartrate,heartrate,heartrate,heartrate,heartrate,heartrate,heartrate,heartrate,heartrate,heartrate,heartrate,heartrate,heartrate,heartrate,heartrate,heartrate,heartrate",3.762405,30.914706,0.9660845625,0.84483453125,27.034705,0.0001560625,450.01318359375
run3_same_dec_diff_len,"Same decoder (heartrate MLP), mixed seq_len (full 512 + zero-padded 256, interleaved)",32,13,heartrate→heartrate_short,"heartrate,heartrate,heartrate,heartrate,heartrate,heartrate,heartrate,heartrate,heartrate,heartrate,heartrate,heartrate,heartrate,heartrate,heartrate,heartrate,heartrate,heartrate,heartrate,heartrate,heartrate,heartrate,heartrate,heartrate,heartrate,heartrate,heartrate,heartrate,heartrate,heartrate,heartrate,heartrate",3.678082,30.799978,0.9624993125,0.83860309375,26.835299,0.00015696875,450.01318359375
run3_same_dec_diff_len,"Same decoder (heartrate MLP), mixed seq_len (full 512 + zero-padded 256, interleaved)",32,14,heartrate→heartrate_short,"heartrate,heartrate,heartrate,heartrate,heartrate,heartrate,heartrate,heartrate,heartrate,heartrate,heartrate,heartrate,heartrate,heartrate,heartrate,heartrate,heartrate,heartrate,heartrate,heartrate,heartrate,heartrate,heartrate,heartrate,heartrate,heartrate,heartrate,heartrate,heartrate,heartrate,heartrate,heartrate",3.368461,30.958744,0.96746075,0.858653875,27.476924,0.00014690625,450.01318359375
run3_same_dec_diff_len,"Same decoder (heartrate MLP), mixed seq_len (full 512 + zero-padded 256, interleaved)",32,15,heartrate→heartrate_short,"heartrate,heartrate,heartrate,heartrate,heartrate,heartrate,heartrate,heartrate,heartrate,heartrate,heartrate,heartrate,heartrate,heartrate,heartrate,heartrate,heartrate,heartrate,heartrate,heartrate,heartrate,heartrate,heartrate,heartrate,heartrate,heartrate,heartrate,heartrate,heartrate,heartrate,heartrate,heartrate",3.295584,30.890411,0.96532534375,0.8589918125,27.487738,0.00014909375,450.01318359375
run3_same_dec_diff_len,"Same decoder (heartrate MLP), mixed seq_len (full 512 + zero-padded 256, interleaved)",32,16,heartrate→heartrate_short,"heartrate,heartrate,heartrate,heartrate,heartrate,heartrate,heartrate,heartrate,heartrate,heartrate,heartrate,heartrate,heartrate,heartrate,heartrate,heartrate,heartrate,heartrate,heartrate,heartrate,heartrate,heartrate,heartrate,heartrate,heartrate,heartrate,heartrate,heartrate,heartrate,heartrate,heartrate,heartrate",3.310623,30.865528,0.96454775,0.857430875,27.437788,0.00014115625,450.01318359375
run3_same_dec_diff_len,"Same decoder (heartrate MLP), mixed seq_len (full 512 + zero-padded 256, interleaved)",32,17,heartrate→heartrate_short,"heartrate,heartrate,heartrate,heartrate,heartrate,heartrate,heartrate,heartrate,heartrate,heartrate,heartrate,heartrate,heartrate,heartrate,heartrate,heartrate,heartrate,heartrate,heartrate,heartrate,heartrate,heartrate,heartrate,heartrate,heartrate,heartrate,heartrate,heartrate,heartrate,heartrate,heartrate,heartrate",3.327851,31.006242,0.9689450625,0.86148059375,27.567379,0.00018065625,450.01318359375
run3_same_dec_diff_len,"Same decoder (heartrate MLP), mixed seq_len (full 512 + zero-padded 256, interleaved)",32,18,heartrate→heartrate_short,"heartrate,heartrate,heartrate,heartrate,heartrate,heartrate,heartrate,heartrate,heartrate,heartrate,heartrate,heartrate,heartrate,heartrate,heartrate,heartrate,heartrate,heartrate,heartrate,heartrate,heartrate,heartrate,heartrate,heartrate,heartrate,heartrate,heartrate,heartrate,heartrate,heartrate,heartrate,heartrate",3.376569,30.977284,0.968040125,0.85907675,27.490456,0.0001434375,450.01318359375
run3_same_dec_diff_len,"Same decoder (heartrate MLP), mixed seq_len (full 512 + zero-padded 256, interleaved)",32,19,heartrate→heartrate_short,"heartrate,heartrate,heartrate,heartrate,heartrate,heartrate,heartrate,heartrate,heartrate,heartrate,heartrate,heartrate,heartrate,heartrate,heartrate,heartrate,heartrate,heartrate,heartrate,heartrate,heartrate,heartrate,heartrate,heartrate,heartrate,heartrate,heartrate,heartrate,heartrate,heartrate,heartrate,heartrate",3.310752,30.834422,0.9635756875,0.85671540625,27.414893,0.0001515,450.01318359375
run3_same_dec_diff_len,"Same decoder (heartrate MLP), mixed seq_len (full 512 + zero-padded 256, interleaved)",32,20,heartrate→heartrate_short,"heartrate,heartrate,heartrate,heartrate,heartrate,heartrate,heartrate,heartrate,heartrate,heartrate,heartrate,heartrate,heartrate,heartrate,heartrate,heartrate,heartrate,heartrate,heartrate,heartrate,heartrate,heartrate,heartrate,heartrate,heartrate,heartrate,heartrate,heartrate,heartrate,heartrate,heartrate,heartrate",3.370302,31.043625,0.97011328125,0.86126571875,27.560503,0.00013896875,450.01318359375
run3_same_dec_diff_len,"Same decoder (heartrate MLP), mixed seq_len (full 512 + zero-padded 256, interleaved)",32,21,heartrate→heartrate_short,"heartrate,heartrate,heartrate,heartrate,heartrate,heartrate,heartrate,heartrate,heartrate,heartrate,heartrate,heartrate,heartrate,heartrate,heartrate,heartrate,heartrate,heartrate,heartrate,heartrate,heartrate,heartrate,heartrate,heartrate,heartrate,heartrate,heartrate,heartrate,heartrate,heartrate,heartrate,heartrate",3.353622,30.823959,0.96324871875,0.85493390625,27.357885,0.0001446875,450.01318359375
run3_same_dec_diff_len,"Same decoder (heartrate MLP), mixed seq_len (full 512 + zero-padded 256, interleaved)",32,22,heartrate→heartrate_short,"heartrate,heartrate,heartrate,heartrate,heartrate,heartrate,heartrate,heartrate,heartrate,heartrate,heartrate,heartrate,heartrate,heartrate,heartrate,heartrate,heartrate,heartrate,heartrate,heartrate,heartrate,heartrate,heartrate,heartrate,heartrate,heartrate,heartrate,heartrate,heartrate,heartrate,heartrate,heartrate",3.575497,31.369061,0.98028315625,0.864777625,27.672884,0.00015175,450.01318359375
run3_same_dec_diff_len,"Same decoder (heartrate MLP), mixed seq_len (full 512 + zero-padded 256, interleaved)",32,23,heartrate→heartrate_short,"heartrate,heartrate,heartrate,heartrate,heartrate,heartrate,heartrate,heartrate,heartrate,heartrate,heartrate,heartrate,heartrate,heartrate,heartrate,heartrate,heartrate,heartrate,heartrate,heartrate,heartrate,heartrate,heartrate,heartrate,heartrate,heartrate,heartrate,heartrate,heartrate,heartrate,heartrate,heartrate",3.606258,30.981889,0.96818403125,0.85143840625,27.246029,0.0001530625,450.01318359375
run3_same_dec_diff_len,"Same decoder (heartrate MLP), mixed seq_len (full 512 + zero-padded 256, interleaved)",32,24,heartrate→heartrate_short,"heartrate,heartrate,heartrate,heartrate,heartrate,heartrate,heartrate,heartrate,heartrate,heartrate,heartrate,heartrate,heartrate,heartrate,heartrate,heartrate,heartrate,heartrate,heartrate,heartrate,heartrate,heartrate,heartrate,heartrate,heartrate,heartrate,heartrate,heartrate,heartrate,heartrate,heartrate,heartrate",3.638966,30.993492,0.968546625,0.84525653125,27.048209,0.00014565625,450.01318359375
run3_same_dec_diff_len,"Same decoder (heartrate MLP), mixed seq_len (full 512 + zero-padded 256, interleaved)",32,25,heartrate→heartrate_short,"heartrate,heartrate,heartrate,heartrate,heartrate,heartrate,heartrate,heartrate,heartrate,heartrate,heartrate,heartrate,heartrate,heartrate,heartrate,heartrate,heartrate,heartrate,heartrate,heartrate,heartrate,heartrate,heartrate,heartrate,heartrate,heartrate,heartrate,heartrate,heartrate,heartrate,heartrate,heartrate",3.465944,30.885791,0.96518096875,0.85336015625,27.307525,0.00013203125,450.01318359375
run3_same_dec_diff_len,"Same decoder (heartrate MLP), mixed seq_len (full 512 + zero-padded 256, interleaved)",32,26,heartrate→heartrate_short,"heartrate,heartrate,heartrate,heartrate,heartrate,heartrate,heartrate,heartrate,heartrate,heartrate,heartrate,heartrate,heartrate,heartrate,heartrate,heartrate,heartrate,heartrate,heartrate,heartrate,heartrate,heartrate,heartrate,heartrate,heartrate,heartrate,heartrate,heartrate,heartrate,heartrate,heartrate,heartrate",3.338049,30.821619,0.96317559375,0.85554615625,27.377477,0.00014375,450.01318359375
run3_same_dec_diff_len,"Same decoder (heartrate MLP), mixed seq_len (full 512 + zero-padded 256, interleaved)",32,27,heartrate→heartrate_short,"heartrate,heartrate,heartrate,heartrate,heartrate,heartrate,heartrate,heartrate,heartrate,heartrate,heartrate,heartrate,heartrate,heartrate,heartrate,heartrate,heartrate,heartrate,heartrate,heartrate,heartrate,heartrate,heartrate,heartrate,heartrate,heartrate,heartrate,heartrate,heartrate,heartrate,heartrate,heartrate",3.329674,30.917981,0.96618690625,0.85872828125,27.479305,0.00014884375,450.01318359375
run3_same_dec_diff_len,"Same decoder (heartrate MLP), mixed seq_len (full 512 + zero-padded 256, interleaved)",32,28,heartrate→heartrate_short,"heartrate,heartrate,heartrate,heartrate,heartrate,heartrate,heartrate,heartrate,heartrate,heartrate,heartrate,heartrate,heartrate,heartrate,heartrate,heartrate,heartrate,heartrate,heartrate,heartrate,heartrate,heartrate,heartrate,heartrate,heartrate,heartrate,heartrate,heartrate,heartrate,heartrate,heartrate,heartrate",3.256364,30.805218,0.9626630625,0.8575090625,27.44029,0.000152375,450.01318359375
run3_same_dec_diff_len,"Same decoder (heartrate MLP), mixed seq_len (full 512 + zero-padded 256, interleaved)",32,29,heartrate→heartrate_short,"heartrate,heartrate,heartrate,heartrate,heartrate,heartrate,heartrate,heartrate,heartrate,heartrate,heartrate,heartrate,heartrate,heartrate,heartrate,heartrate,heartrate,heartrate,heartrate,heartrate,heartrate,heartrate,heartrate,heartrate,heartrate,heartrate,heartrate,heartrate,heartrate,heartrate,heartrate,heartrate",3.421183,31.186751,0.97458596875,0.86404684375,27.649499,0.00013953125,450.01318359375
run3_same_dec_diff_len,"Same decoder (heartrate MLP), mixed seq_len (full 512 + zero-padded 256, interleaved)",32,30,heartrate→heartrate_short,"heartrate,heartrate,heartrate,heartrate,heartrate,heartrate,heartrate,heartrate,heartrate,heartrate,heartrate,heartrate,heartrate,heartrate,heartrate,heartrate,heartrate,heartrate,heartrate,heartrate,heartrate,heartrate,heartrate,heartrate,heartrate,heartrate,heartrate,heartrate,heartrate,heartrate,heartrate,heartrate",3.317047,30.726874,0.9602148125,0.853112,27.299584,0.00013571875,450.01318359375
run3_same_dec_diff_len,"Same decoder (heartrate MLP), mixed seq_len (full 512 + zero-padded 256, interleaved)",32,31,heartrate→heartrate_short,"heartrate,heartrate,heartrate,heartrate,heartrate,heartrate,heartrate,heartrate,heartrate,heartrate,heartrate,heartrate,heartrate,heartrate,heartrate,heartrate,heartrate,heartrate,heartrate,heartrate,heartrate,heartrate,heartrate,heartrate,heartrate,heartrate,heartrate,heartrate,heartrate,heartrate,heartrate,heartrate",3.428031,31.0896,0.97155,0.86088378125,27.548281,0.00015078125,450.01318359375
run3_same_dec_diff_len,"Same decoder (heartrate MLP), mixed seq_len (full 512 + zero-padded 256, interleaved)",32,32,heartrate→heartrate_short,"heartrate,heartrate,heartrate,heartrate,heartrate,heartrate,heartrate,heartrate,heartrate,heartrate,heartrate,heartrate,heartrate,heartrate,heartrate,heartrate,heartrate,heartrate,heartrate,heartrate,heartrate,heartrate,heartrate,heartrate,heartrate,heartrate,heartrate,heartrate,heartrate,heartrate,heartrate,heartrate",3.55762,31.088838,0.9715261875,0.85662909375,27.412131,0.0001655625,450.01318359375
run3_same_dec_diff_len,"Same decoder (heartrate MLP), mixed seq_len (full 512 + zero-padded 256, interleaved)",32,33,heartrate→heartrate_short,"heartrate,heartrate,heartrate,heartrate,heartrate,heartrate,heartrate,heartrate,heartrate,heartrate,heartrate,heartrate,heartrate,heartrate,heartrate,heartrate,heartrate,heartrate,heartrate,heartrate,heartrate,heartrate,heartrate,heartrate,heartrate,heartrate,heartrate,heartrate,heartrate,heartrate,heartrate,heartrate",3.705307,31.2904,0.977825,0.8579403125,27.45409,0.000169375,450.01318359375
run3_same_dec_diff_len,"Same decoder (heartrate MLP), mixed seq_len (full 512 + zero-padded 256, interleaved)",32,34,heartrate→heartrate_short,"heartrate,heartrate,heartrate,heartrate,heartrate,heartrate,heartrate,heartrate,heartrate,heartrate,heartrate,heartrate,heartrate,heartrate,heartrate,heartrate,heartrate,heartrate,heartrate,heartrate,heartrate,heartrate,heartrate,heartrate,heartrate,heartrate,heartrate,heartrate,heartrate,heartrate,heartrate,heartrate",3.613431,30.893424,0.9654195,0.84883003125,27.162561,0.00016053125,450.01318359375
run3_same_dec_diff_len,"Same decoder (heartrate MLP), mixed seq_len (full 512 + zero-padded 256, interleaved)",32,35,heartrate→heartrate_short,"heartrate,heartrate,heartrate,heartrate,heartrate,heartrate,heartrate,heartrate,heartrate,heartrate,heartrate,heartrate,heartrate,heartrate,heartrate,heartrate,heartrate,heartrate,heartrate,heartrate,heartrate,heartrate,heartrate,heartrate,heartrate,heartrate,heartrate,heartrate,heartrate,heartrate,heartrate,heartrate",3.456478,30.864795,0.96452484375,0.8476994375,27.126382,0.00014503125,450.01318359375
run3_same_dec_diff_len,"Same decoder (heartrate MLP), mixed seq_len (full 512 + zero-padded 256, interleaved)",32,36,heartrate→heartrate_short,"heartrate,heartrate,heartrate,heartrate,heartrate,heartrate,heartrate,heartrate,heartrate,heartrate,heartrate,heartrate,heartrate,heartrate,heartrate,heartrate,heartrate,heartrate,heartrate,heartrate,heartrate,heartrate,heartrate,heartrate,heartrate,heartrate,heartrate,heartrate,heartrate,heartrate,heartrate,heartrate",3.677999,31.105342,0.9720419375,0.85275753125,27.288241,0.00015453125,450.01318359375
run3_same_dec_diff_len,"Same decoder (heartrate MLP), mixed seq_len (full 512 + zero-padded 256, interleaved)",32,37,heartrate→heartrate_short,"heartrate,heartrate,heartrate,heartrate,heartrate,heartrate,heartrate,heartrate,heartrate,heartrate,heartrate,heartrate,heartrate,heartrate,heartrate,heartrate,heartrate,heartrate,heartrate,heartrate,heartrate,heartrate,heartrate,heartrate,heartrate,heartrate,heartrate,heartrate,heartrate,heartrate,heartrate,heartrate",3.38969,30.924851,0.96640159375,0.85703715625,27.425189,0.00015096875,450.01318359375
run3_same_dec_diff_len,"Same decoder (heartrate MLP), mixed seq_len (full 512 + zero-padded 256, interleaved)",32,38,heartrate→heartrate_short,"heartrate,heartrate,heartrate,heartrate,heartrate,heartrate,heartrate,heartrate,heartrate,heartrate,heartrate,heartrate,heartrate,heartrate,heartrate,heartrate,heartrate,heartrate,heartrate,heartrate,heartrate,heartrate,heartrate,heartrate,heartrate,heartrate,heartrate,heartrate,heartrate,heartrate,heartrate,heartrate",3.416818,30.991213,0.96847540625,0.85822825,27.463304,0.0001560625,450.01318359375
run3_same_dec_diff_len,"Same decoder (heartrate MLP), mixed seq_len (full 512 + zero-padded 256, interleaved)",32,39,heartrate→heartrate_short,"heartrate,heartrate,heartrate,heartrate,heartrate,heartrate,heartrate,heartrate,heartrate,heartrate,heartrate,heartrate,heartrate,heartrate,heartrate,heartrate,heartrate,heartrate,heartrate,heartrate,heartrate,heartrate,heartrate,heartrate,heartrate,heartrate,heartrate,heartrate,heartrate,heartrate,heartrate,heartrate",3.271554,30.71611,0.9598784375,0.85429084375,27.337307,0.00015584375,450.01318359375
run3_same_dec_diff_len,"Same decoder (heartrate MLP), mixed seq_len (full 512 + zero-padded 256, interleaved)",32,40,heartrate→heartrate_short,"heartrate,heartrate,heartrate,heartrate,heartrate,heartrate,heartrate,heartrate,heartrate,heartrate,heartrate,heartrate,heartrate,heartrate,heartrate,heartrate,heartrate,heartrate,heartrate,heartrate,heartrate,heartrate,heartrate,heartrate,heartrate,heartrate,heartrate,heartrate,heartrate,heartrate,heartrate,heartrate",3.358215,31.239686,0.9762401875,0.86774115625,27.767717,0.00015315625,450.01318359375
run3_same_dec_diff_len,"Same decoder (heartrate MLP), mixed seq_len (full 512 + zero-padded 256, interleaved)",32,41,heartrate→heartrate_short,"heartrate,heartrate,heartrate,heartrate,heartrate,heartrate,heartrate,heartrate,heartrate,heartrate,heartrate,heartrate,heartrate,heartrate,heartrate,heartrate,heartrate,heartrate,heartrate,heartrate,heartrate,heartrate,heartrate,heartrate,heartrate,heartrate,heartrate,heartrate,heartrate,heartrate,heartrate,heartrate",3.559479,31.01584,0.969245,0.85429834375,27.337547,0.00015809375,450.01318359375
run3_same_dec_diff_len,"Same decoder (heartrate MLP), mixed seq_len (full 512 + zero-padded 256, interleaved)",32,42,heartrate→heartrate_short,"heartrate,heartrate,heartrate,heartrate,heartrate,heartrate,heartrate,heartrate,heartrate,heartrate,heartrate,heartrate,heartrate,heartrate,heartrate,heartrate,heartrate,heartrate,heartrate,heartrate,heartrate,heartrate,heartrate,heartrate,heartrate,heartrate,heartrate,heartrate,heartrate,heartrate,heartrate,heartrate",3.572214,31.181104,0.9744095,0.85918425,27.493896,0.000155875,450.01318359375
run3_same_dec_diff_len,"Same decoder (heartrate MLP), mixed seq_len (full 512 + zero-padded 256, interleaved)",32,43,heartrate→heartrate_short,"heartrate,heartrate,heartrate,heartrate,heartrate,heartrate,heartrate,heartrate,heartrate,heartrate,heartrate,heartrate,heartrate,heartrate,heartrate,heartrate,heartrate,heartrate,heartrate,heartrate,heartrate,heartrate,heartrate,heartrate,heartrate,heartrate,heartrate,heartrate,heartrate,heartrate,heartrate,heartrate",3.487166,30.798601,0.96245628125,0.84989746875,27.196719,0.00014971875,450.01318359375
run3_same_dec_diff_len,"Same decoder (heartrate MLP), mixed seq_len (full 512 + zero-padded 256, interleaved)",32,44,heartrate→heartrate_short,"heartrate,heartrate,heartrate,heartrate,heartrate,heartrate,heartrate,heartrate,heartrate,heartrate,heartrate,heartrate,heartrate,heartrate,heartrate,heartrate,heartrate,heartrate,heartrate,heartrate,heartrate,heartrate,heartrate,heartrate,heartrate,heartrate,heartrate,heartrate,heartrate,heartrate,heartrate,heartrate",3.394368,31.230582,0.9759556875,0.86614146875,27.716527,0.00014740625,450.01318359375
run3_same_dec_diff_len,"Same decoder (heartrate MLP), mixed seq_len (full 512 + zero-padded 256, interleaved)",32,45,heartrate→heartrate_short,"heartrate,heartrate,heartrate,heartrate,heartrate,heartrate,heartrate,heartrate,heartrate,heartrate,heartrate,heartrate,heartrate,heartrate,heartrate,heartrate,heartrate,heartrate,heartrate,heartrate,heartrate,heartrate,heartrate,heartrate,heartrate,heartrate,heartrate,heartrate,heartrate,heartrate,heartrate,heartrate",3.317554,30.911503,0.96598446875,0.85894690625,27.486301,0.000150625,450.01318359375
run3_same_dec_diff_len,"Same decoder (heartrate MLP), mixed seq_len (full 512 + zero-padded 256, interleaved)",32,46,heartrate→heartrate_short,"heartrate,heartrate,heartrate,heartrate,heartrate,heartrate,heartrate,heartrate,heartrate,heartrate,heartrate,heartrate,heartrate,heartrate,heartrate,heartrate,heartrate,heartrate,heartrate,heartrate,heartrate,heartrate,heartrate,heartrate,heartrate,heartrate,heartrate,heartrate,heartrate,heartrate,heartrate,heartrate",3.551782,30.709806,0.9596814375,0.84525140625,27.048045,0.0001455,450.01318359375
run3_same_dec_diff_len,"Same decoder (heartrate MLP), mixed seq_len (full 512 + zero-padded 256, interleaved)",32,47,heartrate→heartrate_short,"heartrate,heartrate,heartrate,heartrate,heartrate,heartrate,heartrate,heartrate,heartrate,heartrate,heartrate,heartrate,heartrate,heartrate,heartrate,heartrate,heartrate,heartrate,heartrate,heartrate,heartrate,heartrate,heartrate,heartrate,heartrate,heartrate,heartrate,heartrate,heartrate,heartrate,heartrate,heartrate",3.343939,31.049189,0.97028715625,0.86227609375,27.592835,0.0001393125,450.01318359375
run3_same_dec_diff_len,"Same decoder (heartrate MLP), mixed seq_len (full 512 + zero-padded 256, interleaved)",32,48,heartrate→heartrate_short,"heartrate,heartrate,heartrate,heartrate,heartrate,heartrate,heartrate,heartrate,heartrate,heartrate,heartrate,heartrate,heartrate,heartrate,heartrate,heartrate,heartrate,heartrate,heartrate,heartrate,heartrate,heartrate,heartrate,heartrate,heartrate,heartrate,heartrate,heartrate,heartrate,heartrate,heartrate,heartrate",3.303735,30.679842,0.9587450625,0.852114625,27.267668,0.0001426875,450.01318359375
run3_same_dec_diff_len,"Same decoder (heartrate MLP), mixed seq_len (full 512 + zero-padded 256, interleaved)",32,49,heartrate→heartrate_short,"heartrate,heartrate,heartrate,heartrate,heartrate,heartrate,heartrate,heartrate,heartrate,heartrate,heartrate,heartrate,heartrate,heartrate,heartrate,heartrate,heartrate,heartrate,heartrate,heartrate,heartrate,heartrate,heartrate,heartrate,heartrate,heartrate,heartrate,heartrate,heartrate,heartrate,heartrate,heartrate",3.328217,31.146387,0.97332459375,0.86581046875,27.705935,0.000159875,450.01318359375
run4_diff_dec_same_len,"Different decoders, same seq_len (heartrate regression + gestureclass classification, interleaved)",1,0,heartrate→gestureclass,heartrate,3.123367,3.340551,3.340551,0.137846,0.137846,0.000625,444.20068359375
run4_diff_dec_same_len,"Different decoders, same seq_len (heartrate regression + gestureclass classification, interleaved)",1,1,heartrate→gestureclass,heartrate,3.130734,3.351999,3.351999,0.137618,0.137618,0.000736,444.20068359375
run4_diff_dec_same_len,"Different decoders, same seq_len (heartrate regression + gestureclass classification, interleaved)",1,2,heartrate→gestureclass,heartrate,3.129709,3.348925,3.348925,0.138606,0.138606,0.000813,444.20068359375
run4_diff_dec_same_len,"Different decoders, same seq_len (heartrate regression + gestureclass classification, interleaved)",1,3,heartrate→gestureclass,heartrate,3.127448,3.350817,3.350817,0.137761,0.137761,0.000693,444.20068359375
run4_diff_dec_same_len,"Different decoders, same seq_len (heartrate regression + gestureclass classification, interleaved)",1,4,heartrate→gestureclass,heartrate,3.139634,3.427406,3.427406,0.177659,0.177659,0.000693,444.20068359375
run4_diff_dec_same_len,"Different decoders, same seq_len (heartrate regression + gestureclass classification, interleaved)",1,5,heartrate→gestureclass,heartrate,3.171939,3.397074,3.397074,0.141385,0.141385,0.000699,444.20068359375
run4_diff_dec_same_len,"Different decoders, same seq_len (heartrate regression + gestureclass classification, interleaved)",1,6,heartrate→gestureclass,heartrate,3.139985,3.367283,3.367283,0.141356,0.141356,0.000602,444.20068359375
run4_diff_dec_same_len,"Different decoders, same seq_len (heartrate regression + gestureclass classification, interleaved)",1,7,heartrate→gestureclass,heartrate,3.131445,3.543769,3.543769,0.148757,0.148757,0.000794,444.20068359375
run4_diff_dec_same_len,"Different decoders, same seq_len (heartrate regression + gestureclass classification, interleaved)",1,8,heartrate→gestureclass,heartrate,3.176308,3.393623,3.393623,0.136415,0.136415,0.000731,444.20068359375
run4_diff_dec_same_len,"Different decoders, same seq_len (heartrate regression + gestureclass classification, interleaved)",1,9,heartrate→gestureclass,heartrate,3.154125,3.371891,3.371891,0.137893,0.137893,0.000694,444.20068359375
run4_diff_dec_same_len,"Different decoders, same seq_len (heartrate regression + gestureclass classification, interleaved)",1,10,heartrate→gestureclass,heartrate,3.125175,3.345,3.345,0.139724,0.139724,0.000691,444.20068359375
run4_diff_dec_same_len,"Different decoders, same seq_len (heartrate regression + gestureclass classification, interleaved)",1,11,heartrate→gestureclass,heartrate,3.187217,3.403261,3.403261,0.136579,0.136579,0.000715,444.20068359375
run4_diff_dec_same_len,"Different decoders, same seq_len (heartrate regression + gestureclass classification, interleaved)",1,12,heartrate→gestureclass,heartrate,3.080467,3.290989,3.290989,0.133373,0.133373,0.000659,444.20068359375
run4_diff_dec_same_len,"Different decoders, same seq_len (heartrate regression + gestureclass classification, interleaved)",1,13,heartrate→gestureclass,heartrate,3.127157,3.347208,3.347208,0.138635,0.138635,0.000642,444.20068359375
run4_diff_dec_same_len,"Different decoders, same seq_len (heartrate regression + gestureclass classification, interleaved)",1,14,heartrate→gestureclass,heartrate,3.127532,3.340878,3.340878,0.134378,0.134378,0.000715,444.20068359375
run4_diff_dec_same_len,"Different decoders, same seq_len (heartrate regression + gestureclass classification, interleaved)",1,15,heartrate→gestureclass,heartrate,3.076746,3.299792,3.299792,0.141497,0.141497,0.000555,444.20068359375
run4_diff_dec_same_len,"Different decoders, same seq_len (heartrate regression + gestureclass classification, interleaved)",1,16,heartrate→gestureclass,heartrate,3.129777,3.346994,3.346994,0.136048,0.136048,0.000702,444.20068359375
run4_diff_dec_same_len,"Different decoders, same seq_len (heartrate regression + gestureclass classification, interleaved)",1,17,heartrate→gestureclass,heartrate,3.07859,3.48383,3.48383,0.320385,0.320385,0.000683,444.20068359375
run4_diff_dec_same_len,"Different decoders, same seq_len (heartrate regression + gestureclass classification, interleaved)",1,18,heartrate→gestureclass,heartrate,3.190817,3.406126,3.406126,0.133791,0.133791,0.000647,444.20068359375
run4_diff_dec_same_len,"Different decoders, same seq_len (heartrate regression + gestureclass classification, interleaved)",1,19,heartrate→gestureclass,heartrate,3.147309,3.364311,3.364311,0.137657,0.137657,0.000706,444.20068359375
run4_diff_dec_same_len,"Different decoders, same seq_len (heartrate regression + gestureclass classification, interleaved)",1,20,heartrate→gestureclass,heartrate,3.09509,3.308308,3.308308,0.133938,0.133938,0.000693,444.20068359375
run4_diff_dec_same_len,"Different decoders, same seq_len (heartrate regression + gestureclass classification, interleaved)",1,21,heartrate→gestureclass,heartrate,3.076993,3.287866,3.287866,0.134381,0.134381,0.000709,444.20068359375
run4_diff_dec_same_len,"Different decoders, same seq_len (heartrate regression + gestureclass classification, interleaved)",1,22,heartrate→gestureclass,heartrate,3.074845,3.292796,3.292796,0.139227,0.139227,0.000698,444.20068359375
run4_diff_dec_same_len,"Different decoders, same seq_len (heartrate regression + gestureclass classification, interleaved)",1,23,heartrate→gestureclass,heartrate,3.113639,3.322744,3.322744,0.131452,0.131452,0.000711,444.20068359375
run4_diff_dec_same_len,"Different decoders, same seq_len (heartrate regression + gestureclass classification, interleaved)",1,24,heartrate→gestureclass,heartrate,3.091099,3.305615,3.305615,0.136308,0.136308,0.000641,444.20068359375
run4_diff_dec_same_len,"Different decoders, same seq_len (heartrate regression + gestureclass classification, interleaved)",1,25,heartrate→gestureclass,heartrate,3.112874,3.330796,3.330796,0.138552,0.138552,0.000644,444.20068359375
run4_diff_dec_same_len,"Different decoders, same seq_len (heartrate regression + gestureclass classification, interleaved)",1,26,heartrate→gestureclass,heartrate,3.082556,3.33427,3.33427,0.168434,0.168434,0.000705,444.20068359375
run4_diff_dec_same_len,"Different decoders, same seq_len (heartrate regression + gestureclass classification, interleaved)",1,27,heartrate→gestureclass,heartrate,3.141473,3.369795,3.369795,0.147669,0.147669,0.0007,444.20068359375
run4_diff_dec_same_len,"Different decoders, same seq_len (heartrate regression + gestureclass classification, interleaved)",1,28,heartrate→gestureclass,heartrate,3.102937,3.504152,3.504152,0.144954,0.144954,0.00075,444.20068359375
run4_diff_dec_same_len,"Different decoders, same seq_len (heartrate regression + gestureclass classification, interleaved)",1,29,heartrate→gestureclass,heartrate,3.092894,3.310727,3.310727,0.139885,0.139885,0.000652,444.20068359375
run4_diff_dec_same_len,"Different decoders, same seq_len (heartrate regression + gestureclass classification, interleaved)",1,30,heartrate→gestureclass,heartrate,3.088258,3.29961,3.29961,0.132815,0.132815,0.0007,444.20068359375
run4_diff_dec_same_len,"Different decoders, same seq_len (heartrate regression + gestureclass classification, interleaved)",1,31,heartrate→gestureclass,heartrate,3.07577,3.287994,3.287994,0.13365,0.13365,0.000708,444.20068359375
run4_diff_dec_same_len,"Different decoders, same seq_len (heartrate regression + gestureclass classification, interleaved)",1,32,heartrate→gestureclass,heartrate,3.085857,3.305429,3.305429,0.140865,0.140865,0.000713,444.20068359375
run4_diff_dec_same_len,"Different decoders, same seq_len (heartrate regression + gestureclass classification, interleaved)",1,33,heartrate→gestureclass,heartrate,3.070693,3.284814,3.284814,0.136742,0.136742,0.00072,444.20068359375
run4_diff_dec_same_len,"Different decoders, same seq_len (heartrate regression + gestureclass classification, interleaved)",1,34,heartrate→gestureclass,heartrate,3.078949,3.291403,3.291403,0.133641,0.133641,0.000732,444.20068359375
run4_diff_dec_same_len,"Different decoders, same seq_len (heartrate regression + gestureclass classification, interleaved)",1,35,heartrate→gestureclass,heartrate,3.057367,3.27381,3.27381,0.133356,0.133356,0.000674,444.20068359375
run4_diff_dec_same_len,"Different decoders, same seq_len (heartrate regression + gestureclass classification, interleaved)",1,36,heartrate→gestureclass,heartrate,3.076359,3.289926,3.289926,0.134135,0.134135,0.000626,444.20068359375
run4_diff_dec_same_len,"Different decoders, same seq_len (heartrate regression + gestureclass classification, interleaved)",1,37,heartrate→gestureclass,heartrate,3.147565,3.367109,3.367109,0.137812,0.137812,0.000739,444.20068359375
run4_diff_dec_same_len,"Different decoders, same seq_len (heartrate regression + gestureclass classification, interleaved)",1,38,heartrate→gestureclass,heartrate,3.083086,3.321876,3.321876,0.145014,0.145014,0.00067,444.20068359375
run4_diff_dec_same_len,"Different decoders, same seq_len (heartrate regression + gestureclass classification, interleaved)",1,39,heartrate→gestureclass,heartrate,3.342547,3.557949,3.557949,0.135999,0.135999,0.000664,444.20068359375
run4_diff_dec_same_len,"Different decoders, same seq_len (heartrate regression + gestureclass classification, interleaved)",1,40,heartrate→gestureclass,heartrate,3.086082,3.296626,3.296626,0.13183,0.13183,0.000644,444.20068359375
run4_diff_dec_same_len,"Different decoders, same seq_len (heartrate regression + gestureclass classification, interleaved)",1,41,heartrate→gestureclass,heartrate,3.122061,3.364714,3.364714,0.135892,0.135892,0.000704,444.20068359375
run4_diff_dec_same_len,"Different decoders, same seq_len (heartrate regression + gestureclass classification, interleaved)",1,42,heartrate→gestureclass,heartrate,3.205805,3.427403,3.427403,0.140324,0.140324,0.000789,444.20068359375
run4_diff_dec_same_len,"Different decoders, same seq_len (heartrate regression + gestureclass classification, interleaved)",1,43,heartrate→gestureclass,heartrate,3.168712,3.392192,3.392192,0.139142,0.139142,0.000718,444.20068359375
run4_diff_dec_same_len,"Different decoders, same seq_len (heartrate regression + gestureclass classification, interleaved)",1,44,heartrate→gestureclass,heartrate,3.125459,3.358078,3.358078,0.141796,0.141796,0.000719,444.20068359375
run4_diff_dec_same_len,"Different decoders, same seq_len (heartrate regression + gestureclass classification, interleaved)",1,45,heartrate→gestureclass,heartrate,3.212039,3.440756,3.440756,0.143463,0.143463,0.000733,444.20068359375
run4_diff_dec_same_len,"Different decoders, same seq_len (heartrate regression + gestureclass classification, interleaved)",1,46,heartrate→gestureclass,heartrate,3.140875,3.383413,3.383413,0.154746,0.154746,0.000812,444.20068359375
run4_diff_dec_same_len,"Different decoders, same seq_len (heartrate regression + gestureclass classification, interleaved)",1,47,heartrate→gestureclass,heartrate,3.147845,3.377946,3.377946,0.142331,0.142331,0.000568,444.20068359375
run4_diff_dec_same_len,"Different decoders, same seq_len (heartrate regression + gestureclass classification, interleaved)",1,48,heartrate→gestureclass,heartrate,3.125916,3.355796,3.355796,0.144409,0.144409,0.000644,444.20068359375
run4_diff_dec_same_len,"Different decoders, same seq_len (heartrate regression + gestureclass classification, interleaved)",1,49,heartrate→gestureclass,heartrate,3.151518,3.591613,3.591613,0.350896,0.350896,0.000876,444.20068359375
run4_diff_dec_same_len,"Different decoders, same seq_len (heartrate regression + gestureclass classification, interleaved)",2,0,heartrate→gestureclass,"heartrate,gestureclass",3.17971,4.050491,2.0252455,0.394819,0.789638,0.0006235,444.38818359375
run4_diff_dec_same_len,"Different decoders, same seq_len (heartrate regression + gestureclass classification, interleaved)",2,1,heartrate→gestureclass,"heartrate,gestureclass",3.194783,4.055677,2.0278385,0.389259,0.778518,0.000597,444.38818359375
run4_diff_dec_same_len,"Different decoders, same seq_len (heartrate regression + gestureclass classification, interleaved)",2,2,heartrate→gestureclass,"heartrate,gestureclass",3.142218,4.061885,2.0309425,0.41913,0.83826,0.000593,444.38818359375
run4_diff_dec_same_len,"Different decoders, same seq_len (heartrate regression + gestureclass classification, interleaved)",2,3,heartrate→gestureclass,"heartrate,gestureclass",3.128572,4.215951,2.1079755,0.5023735,1.004747,0.0006235,444.38818359375
run4_diff_dec_same_len,"Different decoders, same seq_len (heartrate regression + gestureclass classification, interleaved)",2,4,heartrate→gestureclass,"heartrate,gestureclass",3.137619,4.049928,2.024964,0.4142785,0.828557,0.0005905,444.38818359375
run4_diff_dec_same_len,"Different decoders, same seq_len (heartrate regression + gestureclass classification, interleaved)",2,5,heartrate→gestureclass,"heartrate,gestureclass",3.141988,4.046472,2.023236,0.4128565,0.825713,0.0006375,444.38818359375
run4_diff_dec_same_len,"Different decoders, same seq_len (heartrate regression + gestureclass classification, interleaved)",2,6,heartrate→gestureclass,"heartrate,gestureclass",3.150384,4.049551,2.0247755,0.410363,0.820726,0.000621,444.38818359375
run4_diff_dec_same_len,"Different decoders, same seq_len (heartrate regression + gestureclass classification, interleaved)",2,7,heartrate→gestureclass,"heartrate,gestureclass",3.134469,4.049473,2.0247365,0.4183065,0.836613,0.000638,444.38818359375
run4_diff_dec_same_len,"Different decoders, same seq_len (heartrate regression + gestureclass classification, interleaved)",2,8,heartrate→gestureclass,"heartrate,gestureclass",3.187995,4.05293,2.026465,0.3928645,0.785729,0.000626,444.38818359375
run4_diff_dec_same_len,"Different decoders, same seq_len (heartrate regression + gestureclass classification, interleaved)",2,9,heartrate→gestureclass,"heartrate,gestureclass",3.152272,4.052149,2.0260745,0.410419,0.820838,0.000582,444.38818359375
run4_diff_dec_same_len,"Different decoders, same seq_len (heartrate regression + gestureclass classification, interleaved)",2,10,heartrate→gestureclass,"heartrate,gestureclass",3.197692,4.242682,2.121341,0.4806775,0.961355,0.000566,444.38818359375
run4_diff_dec_same_len,"Different decoders, same seq_len (heartrate regression + gestureclass classification, interleaved)",2,11,heartrate→gestureclass,"heartrate,gestureclass",3.260365,4.116538,2.058269,0.3879375,0.775875,0.000582,444.38818359375
run4_diff_dec_same_len,"Different decoders, same seq_len (heartrate regression + gestureclass classification, interleaved)",2,12,heartrate→gestureclass,"heartrate,gestureclass",3.21755,4.120103,2.0600515,0.4091625,0.818325,0.0006425,444.38818359375
run4_diff_dec_same_len,"Different decoders, same seq_len (heartrate regression + gestureclass classification, interleaved)",2,13,heartrate→gestureclass,"heartrate,gestureclass",3.256394,4.078218,2.039109,0.3693945,0.738789,0.000624,444.38818359375
run4_diff_dec_same_len,"Different decoders, same seq_len (heartrate regression + gestureclass classification, interleaved)",2,14,heartrate→gestureclass,"heartrate,gestureclass",3.2341,4.104856,2.052428,0.394482,0.788964,0.0005665,444.38818359375
run4_diff_dec_same_len,"Different decoders, same seq_len (heartrate regression + gestureclass classification, interleaved)",2,15,heartrate→gestureclass,"heartrate,gestureclass",3.219312,4.102894,2.051447,0.400438,0.800876,0.0005775,444.38818359375
run4_diff_dec_same_len,"Different decoders, same seq_len (heartrate regression + gestureclass classification, interleaved)",2,16,heartrate→gestureclass,"heartrate,gestureclass",3.21189,4.108771,2.0543855,0.4050545,0.810109,0.000576,444.38818359375
run4_diff_dec_same_len,"Different decoders, same seq_len (heartrate regression + gestureclass classification, interleaved)",2,17,heartrate→gestureclass,"heartrate,gestureclass",3.188908,4.080474,2.040237,0.3983745,0.796749,0.000584,444.38818359375
run4_diff_dec_same_len,"Different decoders, same seq_len (heartrate regression + gestureclass classification, interleaved)",2,18,heartrate→gestureclass,"heartrate,gestureclass",3.378018,4.276975,2.1384875,0.4056025,0.811205,0.0006105,444.38818359375
run4_diff_dec_same_len,"Different decoders, same seq_len (heartrate regression + gestureclass classification, interleaved)",2,19,heartrate→gestureclass,"heartrate,gestureclass",3.169567,4.060618,2.030309,0.40401,0.80802,0.000621,444.38818359375
run4_diff_dec_same_len,"Different decoders, same seq_len (heartrate regression + gestureclass classification, interleaved)",2,20,heartrate→gestureclass,"heartrate,gestureclass",3.130861,4.048371,2.0241855,0.418932,0.837864,0.0005775,444.38818359375
run4_diff_dec_same_len,"Different decoders, same seq_len (heartrate regression + gestureclass classification, interleaved)",2,21,heartrate→gestureclass,"heartrate,gestureclass",3.148781,4.057072,2.028536,0.4134005,0.826801,0.000621,444.38818359375
run4_diff_dec_same_len,"Different decoders, same seq_len (heartrate regression + gestureclass classification, interleaved)",2,22,heartrate→gestureclass,"heartrate,gestureclass",3.202286,4.067679,2.0338395,0.3904525,0.780905,0.0006095,444.38818359375
run4_diff_dec_same_len,"Different decoders, same seq_len (heartrate regression + gestureclass classification, interleaved)",2,23,heartrate→gestureclass,"heartrate,gestureclass",3.182189,4.054671,2.0273355,0.393889,0.787778,0.0006155,444.38818359375
run4_diff_dec_same_len,"Different decoders, same seq_len (heartrate regression + gestureclass classification, interleaved)",2,24,heartrate→gestureclass,"heartrate,gestureclass",3.178531,4.055083,2.0275415,0.394342,0.788684,0.000663,444.38818359375
run4_diff_dec_same_len,"Different decoders, same seq_len (heartrate regression + gestureclass classification, interleaved)",2,25,heartrate→gestureclass,"heartrate,gestureclass",3.382502,4.258364,2.129182,0.394902,0.789804,0.000651,444.38818359375
run4_diff_dec_same_len,"Different decoders, same seq_len (heartrate regression + gestureclass classification, interleaved)",2,26,heartrate→gestureclass,"heartrate,gestureclass",3.305848,4.140581,2.0702905,0.374388,0.748776,0.000644,444.38818359375
run4_diff_dec_same_len,"Different decoders, same seq_len (heartrate regression + gestureclass classification, interleaved)",2,27,heartrate→gestureclass,"heartrate,gestureclass",3.21389,4.067188,2.033594,0.3838475,0.767695,0.000586,444.38818359375
run4_diff_dec_same_len,"Different decoders, same seq_len (heartrate regression + gestureclass classification, interleaved)",2,28,heartrate→gestureclass,"heartrate,gestureclass",3.191028,4.068653,2.0343265,0.3970845,0.794169,0.0006245,444.38818359375
run4_diff_dec_same_len,"Different decoders, same seq_len (heartrate regression + gestureclass classification, interleaved)",2,29,heartrate→gestureclass,"heartrate,gestureclass",3.221644,4.091654,2.045827,0.3914905,0.782981,0.000606,444.38818359375
run4_diff_dec_same_len,"Different decoders, same seq_len (heartrate regression + gestureclass classification, interleaved)",2,30,heartrate→gestureclass,"heartrate,gestureclass",3.198418,4.071282,2.035641,0.3936125,0.787225,0.0005585,444.38818359375
run4_diff_dec_same_len,"Different decoders, same seq_len (heartrate regression + gestureclass classification, interleaved)",2,31,heartrate→gestureclass,"heartrate,gestureclass",3.184701,4.07172,2.03586,0.399769,0.799538,0.000569,444.38818359375
run4_diff_dec_same_len,"Different decoders, same seq_len (heartrate regression + gestureclass classification, interleaved)",2,32,heartrate→gestureclass,"heartrate,gestureclass",3.416884,4.290647,2.1453235,0.3933285,0.786657,0.0005705,444.38818359375
run4_diff_dec_same_len,"Different decoders, same seq_len (heartrate regression + gestureclass classification, interleaved)",2,33,heartrate→gestureclass,"heartrate,gestureclass",3.213355,4.079081,2.0395405,0.3894445,0.778889,0.0006195,444.38818359375
run4_diff_dec_same_len,"Different decoders, same seq_len (heartrate regression + gestureclass classification, interleaved)",2,34,heartrate→gestureclass,"heartrate,gestureclass",3.271077,4.129772,2.064886,0.387503,0.775006,0.0005745,444.38818359375
run4_diff_dec_same_len,"Different decoders, same seq_len (heartrate regression + gestureclass classification, interleaved)",2,35,heartrate→gestureclass,"heartrate,gestureclass",3.255614,4.053597,2.0267985,0.3582145,0.716429,0.0005945,444.38818359375
run4_diff_dec_same_len,"Different decoders, same seq_len (heartrate regression + gestureclass classification, interleaved)",2,36,heartrate→gestureclass,"heartrate,gestureclass",3.247552,4.083564,2.041782,0.376517,0.753034,0.000589,444.38818359375
run4_diff_dec_same_len,"Different decoders, same seq_len (heartrate regression + gestureclass classification, interleaved)",2,37,heartrate→gestureclass,"heartrate,gestureclass",3.210061,4.092662,2.046331,0.3993025,0.798605,0.0005915,444.38818359375
run4_diff_dec_same_len,"Different decoders, same seq_len (heartrate regression + gestureclass classification, interleaved)",2,38,heartrate→gestureclass,"heartrate,gestureclass",3.25457,4.084477,2.0422385,0.3703355,0.740671,0.0005685,444.38818359375
run4_diff_dec_same_len,"Different decoders, same seq_len (heartrate regression + gestureclass classification, interleaved)",2,39,heartrate→gestureclass,"heartrate,gestureclass",3.399636,4.272381,2.1361905,0.3963645,0.792729,0.000585,444.38818359375
run4_diff_dec_same_len,"Different decoders, same seq_len (heartrate regression + gestureclass classification, interleaved)",2,40,heartrate→gestureclass,"heartrate,gestureclass",3.186642,4.079844,2.039922,0.406174,0.812348,0.0006155,444.38818359375
run4_diff_dec_same_len,"Different decoders, same seq_len (heartrate regression + gestureclass classification, interleaved)",2,41,heartrate→gestureclass,"heartrate,gestureclass",3.184264,4.056828,2.028414,0.395654,0.791308,0.0006185,444.38818359375
run4_diff_dec_same_len,"Different decoders, same seq_len (heartrate regression + gestureclass classification, interleaved)",2,42,heartrate→gestureclass,"heartrate,gestureclass",3.178527,4.060276,2.030138,0.400494,0.800988,0.0006295,444.38818359375
run4_diff_dec_same_len,"Different decoders, same seq_len (heartrate regression + gestureclass classification, interleaved)",2,43,heartrate→gestureclass,"heartrate,gestureclass",3.163167,4.064702,2.032351,0.409889,0.819778,0.000597,444.38818359375
run4_diff_dec_same_len,"Different decoders, same seq_len (heartrate regression + gestureclass classification, interleaved)",2,44,heartrate→gestureclass,"heartrate,gestureclass",3.246832,4.096729,2.0483645,0.369682,0.739364,0.0005945,444.38818359375
run4_diff_dec_same_len,"Different decoders, same seq_len (heartrate regression + gestureclass classification, interleaved)",2,45,heartrate→gestureclass,"heartrate,gestureclass",3.197076,4.083124,2.041562,0.4027525,0.805505,0.000615,444.38818359375
run4_diff_dec_same_len,"Different decoders, same seq_len (heartrate regression + gestureclass classification, interleaved)",2,46,heartrate→gestureclass,"heartrate,gestureclass",3.357553,4.227279,2.1136395,0.394908,0.789816,0.000605,444.38818359375
run4_diff_dec_same_len,"Different decoders, same seq_len (heartrate regression + gestureclass classification, interleaved)",2,47,heartrate→gestureclass,"heartrate,gestureclass",3.181551,4.057445,2.0287225,0.3977345,0.795469,0.000607,444.38818359375
run4_diff_dec_same_len,"Different decoders, same seq_len (heartrate regression + gestureclass classification, interleaved)",2,48,heartrate→gestureclass,"heartrate,gestureclass",3.168717,4.058358,2.029179,0.405389,0.810778,0.00063,444.38818359375
run4_diff_dec_same_len,"Different decoders, same seq_len (heartrate regression + gestureclass classification, interleaved)",2,49,heartrate→gestureclass,"heartrate,gestureclass",3.22987,4.095665,2.0478325,0.3922815,0.784563,0.000574,444.38818359375
run4_diff_dec_same_len,"Different decoders, same seq_len (heartrate regression + gestureclass classification, interleaved)",4,0,heartrate→gestureclass,"heartrate,gestureclass,heartrate,gestureclass",3.181041,5.724581,1.43114525,0.61420825,2.456833,0.00055975,444.76318359375
run4_diff_dec_same_len,"Different decoders, same seq_len (heartrate regression + gestureclass classification, interleaved)",4,1,heartrate→gestureclass,"heartrate,gestureclass,heartrate,gestureclass",3.219771,5.719645,1.42991125,0.60396225,2.415849,0.00051475,444.76318359375
run4_diff_dec_same_len,"Different decoders, same seq_len (heartrate regression + gestureclass classification, interleaved)",4,2,heartrate→gestureclass,"heartrate,gestureclass,heartrate,gestureclass",3.24507,5.736477,1.43411925,0.601804,2.407216,0.00050125,444.76318359375
run4_diff_dec_same_len,"Different decoders, same seq_len (heartrate regression + gestureclass classification, interleaved)",4,3,heartrate→gestureclass,"heartrate,gestureclass,heartrate,gestureclass",3.223944,5.752422,1.4381055,0.610921,2.443684,0.0004945,444.76318359375
run4_diff_dec_same_len,"Different decoders, same seq_len (heartrate regression + gestureclass classification, interleaved)",4,4,heartrate→gestureclass,"heartrate,gestureclass,heartrate,gestureclass",3.263028,5.985955,1.49648875,0.65833975,2.633359,0.00054075,444.76318359375
run4_diff_dec_same_len,"Different decoders, same seq_len (heartrate regression + gestureclass classification, interleaved)",4,5,heartrate→gestureclass,"heartrate,gestureclass,heartrate,gestureclass",3.235388,5.730896,1.432724,0.60320125,2.412805,0.00046675,444.76318359375
run4_diff_dec_same_len,"Different decoders, same seq_len (heartrate regression + gestureclass classification, interleaved)",4,6,heartrate→gestureclass,"heartrate,gestureclass,heartrate,gestureclass",3.237136,5.729297,1.43232425,0.60190625,2.407625,0.000517,444.76318359375
run4_diff_dec_same_len,"Different decoders, same seq_len (heartrate regression + gestureclass classification, interleaved)",4,7,heartrate→gestureclass,"heartrate,gestureclass,heartrate,gestureclass",3.277746,5.757924,1.439481,0.598972,2.395888,0.00051725,444.76318359375
run4_diff_dec_same_len,"Different decoders, same seq_len (heartrate regression + gestureclass classification, interleaved)",4,8,heartrate→gestureclass,"heartrate,gestureclass,heartrate,gestureclass",3.447613,5.900666,1.4751665,0.5923675,2.36947,0.00047575,444.76318359375
run4_diff_dec_same_len,"Different decoders, same seq_len (heartrate regression + gestureclass classification, interleaved)",4,9,heartrate→gestureclass,"heartrate,gestureclass,heartrate,gestureclass",3.273421,5.731113,1.43277825,0.59371375,2.374855,0.000503,444.76318359375
run4_diff_dec_same_len,"Different decoders, same seq_len (heartrate regression + gestureclass classification, interleaved)",4,10,heartrate→gestureclass,"heartrate,gestureclass,heartrate,gestureclass",3.221757,5.737154,1.4342885,0.60798225,2.431929,0.0005225,444.76318359375
run4_diff_dec_same_len,"Different decoders, same seq_len (heartrate regression + gestureclass classification, interleaved)",4,11,heartrate→gestureclass,"heartrate,gestureclass,heartrate,gestureclass",3.232081,5.719676,1.429919,0.60107425,2.404297,0.000515,444.76318359375
run4_diff_dec_same_len,"Different decoders, same seq_len (heartrate regression + gestureclass classification, interleaved)",4,12,heartrate→gestureclass,"heartrate,gestureclass,heartrate,gestureclass",3.313689,5.748874,1.4372185,0.586156,2.344624,0.00053775,444.76318359375
run4_diff_dec_same_len,"Different decoders, same seq_len (heartrate regression + gestureclass classification, interleaved)",4,13,heartrate→gestureclass,"heartrate,gestureclass,heartrate,gestureclass",3.222605,5.721616,1.430404,0.5609465,2.243786,0.0005245,444.76318359375
run4_diff_dec_same_len,"Different decoders, same seq_len (heartrate regression + gestureclass classification, interleaved)",4,14,heartrate→gestureclass,"heartrate,gestureclass,heartrate,gestureclass",3.184128,5.718097,1.42952425,0.61288,2.45152,0.0005295,444.76318359375
run4_diff_dec_same_len,"Different decoders, same seq_len (heartrate regression + gestureclass classification, interleaved)",4,15,heartrate→gestureclass,"heartrate,gestureclass,heartrate,gestureclass",3.185768,5.722207,1.43055175,0.6130915,2.452366,0.000475,444.76318359375
run4_diff_dec_same_len,"Different decoders, same seq_len (heartrate regression + gestureclass classification, interleaved)",4,16,heartrate→gestureclass,"heartrate,gestureclass,heartrate,gestureclass",3.175872,5.719292,1.429823,0.6152785,2.461114,0.0005185,444.76318359375
run4_diff_dec_same_len,"Different decoders, same seq_len (heartrate regression + gestureclass classification, interleaved)",4,17,heartrate→gestureclass,"heartrate,gestureclass,heartrate,gestureclass",3.196439,5.890854,1.4727135,0.65195975,2.607839,0.0005365,444.76318359375
run4_diff_dec_same_len,"Different decoders, same seq_len (heartrate regression + gestureclass classification, interleaved)",4,18,heartrate→gestureclass,"heartrate,gestureclass,heartrate,gestureclass",3.190206,5.707641,1.42691025,0.6086765,2.434706,0.00050075,444.76318359375
run4_diff_dec_same_len,"Different decoders, same seq_len (heartrate regression + gestureclass classification, interleaved)",4,19,heartrate→gestureclass,"heartrate,gestureclass,heartrate,gestureclass",3.18266,5.716201,1.42905025,0.61174525,2.446981,0.0005275,444.76318359375
run4_diff_dec_same_len,"Different decoders, same seq_len (heartrate regression + gestureclass classification, interleaved)",4,20,heartrate→gestureclass,"heartrate,gestureclass,heartrate,gestureclass",3.223118,5.726566,1.4316415,0.60488025,2.419521,0.0004925,444.76318359375
run4_diff_dec_same_len,"Different decoders, same seq_len (heartrate regression + gestureclass classification, interleaved)",4,21,heartrate→gestureclass,"heartrate,gestureclass,heartrate,gestureclass",3.228543,5.944288,1.486072,0.65716075,2.628643,0.0005315,444.76318359375
run4_diff_dec_same_len,"Different decoders, same seq_len (heartrate regression + gestureclass classification, interleaved)",4,22,heartrate→gestureclass,"heartrate,gestureclass,heartrate,gestureclass",3.224023,5.744983,1.43624575,0.60949725,2.437989,0.000481,444.76318359375
run4_diff_dec_same_len,"Different decoders, same seq_len (heartrate regression + gestureclass classification, interleaved)",4,23,heartrate→gestureclass,"heartrate,gestureclass,heartrate,gestureclass",3.232113,5.715137,1.42878425,0.5999475,2.39979,0.00051825,444.76318359375
run4_diff_dec_same_len,"Different decoders, same seq_len (heartrate regression + gestureclass classification, interleaved)",4,24,heartrate→gestureclass,"heartrate,gestureclass,heartrate,gestureclass",3.252344,5.721602,1.4304005,0.594735,2.37894,0.00059325,444.76318359375
run4_diff_dec_same_len,"Different decoders, same seq_len (heartrate regression + gestureclass classification, interleaved)",4,25,heartrate→gestureclass,"heartrate,gestureclass,heartrate,gestureclass",3.186032,5.923655,1.48091375,0.6622395,2.648958,0.00049925,444.76318359375
run4_diff_dec_same_len,"Different decoders, same seq_len (heartrate regression + gestureclass classification, interleaved)",4,26,heartrate→gestureclass,"heartrate,gestureclass,heartrate,gestureclass",3.173406,5.713278,1.4283195,0.613503,2.454012,0.000528,444.76318359375
run4_diff_dec_same_len,"Different decoders, same seq_len (heartrate regression + gestureclass classification, interleaved)",4,27,heartrate→gestureclass,"heartrate,gestureclass,heartrate,gestureclass",3.248891,5.75067,1.4376675,0.604285,2.41714,0.00049575,444.76318359375
run4_diff_dec_same_len,"Different decoders, same seq_len (heartrate regression + gestureclass classification, interleaved)",4,28,heartrate→gestureclass,"heartrate,gestureclass,heartrate,gestureclass",3.226972,5.744759,1.43618975,0.6083755,2.433502,0.00052075,444.76318359375
run4_diff_dec_same_len,"Different decoders, same seq_len (heartrate regression + gestureclass classification, interleaved)",4,29,heartrate→gestureclass,"heartrate,gestureclass,heartrate,gestureclass",3.236528,5.760708,1.440177,0.609699,2.438796,0.00050975,444.76318359375
run4_diff_dec_same_len,"Different decoders, same seq_len (heartrate regression + gestureclass classification, interleaved)",4,30,heartrate→gestureclass,"heartrate,gestureclass,heartrate,gestureclass",3.275274,5.730811,1.43270275,0.547656,2.190624,0.00052025,444.76318359375
run4_diff_dec_same_len,"Different decoders, same seq_len (heartrate regression + gestureclass classification, interleaved)",4,31,heartrate→gestureclass,"heartrate,gestureclass,heartrate,gestureclass",3.251053,5.727068,1.431767,0.59785225,2.391409,0.00051625,444.76318359375
run4_diff_dec_same_len,"Different decoders, same seq_len (heartrate regression + gestureclass classification, interleaved)",4,32,heartrate→gestureclass,"heartrate,gestureclass,heartrate,gestureclass",3.215128,5.731321,1.43283025,0.60696,2.42784,0.00051725,444.76318359375
run4_diff_dec_same_len,"Different decoders, same seq_len (heartrate regression + gestureclass classification, interleaved)",4,33,heartrate→gestureclass,"heartrate,gestureclass,heartrate,gestureclass",3.182691,5.720834,1.4302085,0.61402375,2.456095,0.00048,444.76318359375
run4_diff_dec_same_len,"Different decoders, same seq_len (heartrate regression + gestureclass classification, interleaved)",4,34,heartrate→gestureclass,"heartrate,gestureclass,heartrate,gestureclass",3.269152,5.954065,1.48851625,0.648011,2.592044,0.00053225,444.76318359375
run4_diff_dec_same_len,"Different decoders, same seq_len (heartrate regression + gestureclass classification, interleaved)",4,35,heartrate→gestureclass,"heartrate,gestureclass,heartrate,gestureclass",3.309961,5.786573,1.44664325,0.59765075,2.390603,0.00051275,444.76318359375
run4_diff_dec_same_len,"Different decoders, same seq_len (heartrate regression + gestureclass classification, interleaved)",4,36,heartrate→gestureclass,"heartrate,gestureclass,heartrate,gestureclass",3.272351,5.757155,1.43928875,0.6003365,2.401346,0.000498,444.76318359375
run4_diff_dec_same_len,"Different decoders, same seq_len (heartrate regression + gestureclass classification, interleaved)",4,37,heartrate→gestureclass,"heartrate,gestureclass,heartrate,gestureclass",3.232678,5.73322,1.433305,0.603933,2.415732,0.000537,444.76318359375
run4_diff_dec_same_len,"Different decoders, same seq_len (heartrate regression + gestureclass classification, interleaved)",4,38,heartrate→gestureclass,"heartrate,gestureclass,heartrate,gestureclass",3.230671,5.925042,1.4812605,0.65190325,2.607613,0.00053375,444.76318359375
run4_diff_dec_same_len,"Different decoders, same seq_len (heartrate regression + gestureclass classification, interleaved)",4,39,heartrate→gestureclass,"heartrate,gestureclass,heartrate,gestureclass",3.225232,5.736716,1.434179,0.60725375,2.429015,0.000504,444.76318359375
run4_diff_dec_same_len,"Different decoders, same seq_len (heartrate regression + gestureclass classification, interleaved)",4,40,heartrate→gestureclass,"heartrate,gestureclass,heartrate,gestureclass",3.23072,5.742294,1.4355735,0.6060105,2.424042,0.000502,444.76318359375
run4_diff_dec_same_len,"Different decoders, same seq_len (heartrate regression + gestureclass classification, interleaved)",4,41,heartrate→gestureclass,"heartrate,gestureclass,heartrate,gestureclass",3.243171,5.740463,1.43511575,0.6034405,2.413762,0.00051425,444.76318359375
run4_diff_dec_same_len,"Different decoders, same seq_len (heartrate regression + gestureclass classification, interleaved)",4,42,heartrate→gestureclass,"heartrate,gestureclass,heartrate,gestureclass",3.214588,5.945315,1.48632875,0.6618265,2.647306,0.00051475,444.76318359375
run4_diff_dec_same_len,"Different decoders, same seq_len (heartrate regression + gestureclass classification, interleaved)",4,43,heartrate→gestureclass,"heartrate,gestureclass,heartrate,gestureclass",3.355715,5.845533,1.46138325,0.600778,2.403112,0.00054475,444.76318359375
run4_diff_dec_same_len,"Different decoders, same seq_len (heartrate regression + gestureclass classification, interleaved)",4,44,heartrate→gestureclass,"heartrate,gestureclass,heartrate,gestureclass",3.254852,5.765749,1.44143725,0.60674225,2.426969,0.00048625,444.76318359375
run4_diff_dec_same_len,"Different decoders, same seq_len (heartrate regression + gestureclass classification, interleaved)",4,45,heartrate→gestureclass,"heartrate,gestureclass,heartrate,gestureclass",3.252792,5.74595,1.4364875,0.6016555,2.406622,0.0005535,444.76318359375
run4_diff_dec_same_len,"Different decoders, same seq_len (heartrate regression + gestureclass classification, interleaved)",4,46,heartrate→gestureclass,"heartrate,gestureclass,heartrate,gestureclass",3.256158,5.770047,1.44251175,0.606452,2.425808,0.000501,444.76318359375
run4_diff_dec_same_len,"Different decoders, same seq_len (heartrate regression + gestureclass classification, interleaved)",4,47,heartrate→gestureclass,"heartrate,gestureclass,heartrate,gestureclass",3.2409,5.749625,1.43740625,0.55678025,2.227121,0.000562,444.76318359375
run4_diff_dec_same_len,"Different decoders, same seq_len (heartrate regression + gestureclass classification, interleaved)",4,48,heartrate→gestureclass,"heartrate,gestureclass,heartrate,gestureclass",3.245422,5.74401,1.4360025,0.602204,2.408816,0.00055325,444.76318359375
run4_diff_dec_same_len,"Different decoders, same seq_len (heartrate regression + gestureclass classification, interleaved)",4,49,heartrate→gestureclass,"heartrate,gestureclass,heartrate,gestureclass",3.193008,5.730317,1.43257925,0.61296075,2.451843,0.0004825,444.76318359375
run4_diff_dec_same_len,"Different decoders, same seq_len (heartrate regression + gestureclass classification, interleaved)",8,0,heartrate→gestureclass,"heartrate,gestureclass,heartrate,gestureclass,heartrate,gestureclass,heartrate,gestureclass",3.259844,9.396525,1.174565625,0.75531025,6.042482,0.0004895,445.51318359375
run4_diff_dec_same_len,"Different decoders, same seq_len (heartrate regression + gestureclass classification, interleaved)",8,1,heartrate→gestureclass,"heartrate,gestureclass,heartrate,gestureclass,heartrate,gestureclass,heartrate,gestureclass",3.231463,9.190757,1.148844625,0.7337265,5.869812,0.000482875,445.51318359375
run4_diff_dec_same_len,"Different decoders, same seq_len (heartrate regression + gestureclass classification, interleaved)",8,2,heartrate→gestureclass,"heartrate,gestureclass,heartrate,gestureclass,heartrate,gestureclass,heartrate,gestureclass",3.232871,9.383512,1.172939,0.75722125,6.05777,0.00047275,445.51318359375
run4_diff_dec_same_len,"Different decoders, same seq_len (heartrate regression + gestureclass classification, interleaved)",8,3,heartrate→gestureclass,"heartrate,gestureclass,heartrate,gestureclass,heartrate,gestureclass,heartrate,gestureclass",3.222621,9.169078,1.14613475,0.73244425,5.859554,0.00043325,445.51318359375
run4_diff_dec_same_len,"Different decoders, same seq_len (heartrate regression + gestureclass classification, interleaved)",8,4,heartrate→gestureclass,"heartrate,gestureclass,heartrate,gestureclass,heartrate,gestureclass,heartrate,gestureclass",3.246803,9.230606,1.15382575,0.735382625,5.883061,0.0004345,445.51318359375
run4_diff_dec_same_len,"Different decoders, same seq_len (heartrate regression + gestureclass classification, interleaved)",8,5,heartrate→gestureclass,"heartrate,gestureclass,heartrate,gestureclass,heartrate,gestureclass,heartrate,gestureclass",3.487011,9.413424,1.176678,0.728586375,5.828691,0.000431,445.51318359375
run4_diff_dec_same_len,"Different decoders, same seq_len (heartrate regression + gestureclass classification, interleaved)",8,6,heartrate→gestureclass,"heartrate,gestureclass,heartrate,gestureclass,heartrate,gestureclass,heartrate,gestureclass",3.274599,9.262595,1.157824375,0.736182,5.889456,0.000457125,445.51318359375
run4_diff_dec_same_len,"Different decoders, same seq_len (heartrate regression + gestureclass classification, interleaved)",8,7,heartrate→gestureclass,"heartrate,gestureclass,heartrate,gestureclass,heartrate,gestureclass,heartrate,gestureclass",3.413646,9.58479,1.19809875,0.758610625,6.068885,0.000454875,445.51318359375
run4_diff_dec_same_len,"Different decoders, same seq_len (heartrate regression + gestureclass classification, interleaved)",8,8,heartrate→gestureclass,"heartrate,gestureclass,heartrate,gestureclass,heartrate,gestureclass,heartrate,gestureclass",3.273447,9.290241,1.161280125,0.7396335,5.917068,0.000476875,445.51318359375
run4_diff_dec_same_len,"Different decoders, same seq_len (heartrate regression + gestureclass classification, interleaved)",8,9,heartrate→gestureclass,"heartrate,gestureclass,heartrate,gestureclass,heartrate,gestureclass,heartrate,gestureclass",3.527177,9.671943,1.208992875,0.754246625,6.033973,0.0004685,445.51318359375
run4_diff_dec_same_len,"Different decoders, same seq_len (heartrate regression + gestureclass classification, interleaved)",8,10,heartrate→gestureclass,"heartrate,gestureclass,heartrate,gestureclass,heartrate,gestureclass,heartrate,gestureclass",3.302567,9.255122,1.15689025,0.731827,5.854616,0.000476625,445.51318359375
run4_diff_dec_same_len,"Different decoders, same seq_len (heartrate regression + gestureclass classification, interleaved)",8,11,heartrate→gestureclass,"heartrate,gestureclass,heartrate,gestureclass,heartrate,gestureclass,heartrate,gestureclass",3.231174,9.216259,1.152032375,0.7364295,5.891436,0.000444875,445.51318359375
run4_diff_dec_same_len,"Different decoders, same seq_len (heartrate regression + gestureclass classification, interleaved)",8,12,heartrate→gestureclass,"heartrate,gestureclass,heartrate,gestureclass,heartrate,gestureclass,heartrate,gestureclass",3.289064,9.187988,1.1484985,0.725179,5.801432,0.000452625,445.51318359375
run4_diff_dec_same_len,"Different decoders, same seq_len (heartrate regression + gestureclass classification, interleaved)",8,13,heartrate→gestureclass,"heartrate,gestureclass,heartrate,gestureclass,heartrate,gestureclass,heartrate,gestureclass",3.232083,9.189159,1.148644875,0.733396875,5.867175,0.0004655,445.51318359375
run4_diff_dec_same_len,"Different decoders, same seq_len (heartrate regression + gestureclass classification, interleaved)",8,14,heartrate→gestureclass,"heartrate,gestureclass,heartrate,gestureclass,heartrate,gestureclass,heartrate,gestureclass",3.221374,9.361246,1.17015575,0.755646625,6.045173,0.00045875,445.51318359375
run4_diff_dec_same_len,"Different decoders, same seq_len (heartrate regression + gestureclass classification, interleaved)",8,15,heartrate→gestureclass,"heartrate,gestureclass,heartrate,gestureclass,heartrate,gestureclass,heartrate,gestureclass",3.195328,9.1605,1.1450625,0.73467,5.87736,0.000454375,445.51318359375
run4_diff_dec_same_len,"Different decoders, same seq_len (heartrate regression + gestureclass classification, interleaved)",8,16,heartrate→gestureclass,"heartrate,gestureclass,heartrate,gestureclass,heartrate,gestureclass,heartrate,gestureclass",3.210798,9.354489,1.169311125,0.756868625,6.054949,0.000457875,445.51318359375
run4_diff_dec_same_len,"Different decoders, same seq_len (heartrate regression + gestureclass classification, interleaved)",8,17,heartrate→gestureclass,"heartrate,gestureclass,heartrate,gestureclass,heartrate,gestureclass,heartrate,gestureclass",3.206826,9.166187,1.145773375,0.733178375,5.865427,0.000511625,445.51318359375
run4_diff_dec_same_len,"Different decoders, same seq_len (heartrate regression + gestureclass classification, interleaved)",8,18,heartrate→gestureclass,"heartrate,gestureclass,heartrate,gestureclass,heartrate,gestureclass,heartrate,gestureclass",3.253726,9.218307,1.152288375,0.73400025,5.872002,0.000469375,445.51318359375
run4_diff_dec_same_len,"Different decoders, same seq_len (heartrate regression + gestureclass classification, interleaved)",8,19,heartrate→gestureclass,"heartrate,gestureclass,heartrate,gestureclass,heartrate,gestureclass,heartrate,gestureclass",3.231343,9.182614,1.14782675,0.732364125,5.858913,0.00047525,445.51318359375
run4_diff_dec_same_len,"Different decoders, same seq_len (heartrate regression + gestureclass classification, interleaved)",8,20,heartrate→gestureclass,"heartrate,gestureclass,heartrate,gestureclass,heartrate,gestureclass,heartrate,gestureclass",3.199713,9.18026,1.1475325,0.736623625,5.892989,0.000420625,445.51318359375
run4_diff_dec_same_len,"Different decoders, same seq_len (heartrate regression + gestureclass classification, interleaved)",8,21,heartrate→gestureclass,"heartrate,gestureclass,heartrate,gestureclass,heartrate,gestureclass,heartrate,gestureclass",3.21715,9.356069,1.169508625,0.756302375,6.050419,0.00046975,445.51318359375
run4_diff_dec_same_len,"Different decoders, same seq_len (heartrate regression + gestureclass classification, interleaved)",8,22,heartrate→gestureclass,"heartrate,gestureclass,heartrate,gestureclass,heartrate,gestureclass,heartrate,gestureclass",3.185754,9.180163,1.147520375,0.738476125,5.907809,0.000449,445.51318359375
run4_diff_dec_same_len,"Different decoders, same seq_len (heartrate regression + gestureclass classification, interleaved)",8,23,heartrate→gestureclass,"heartrate,gestureclass,heartrate,gestureclass,heartrate,gestureclass,heartrate,gestureclass",3.224722,9.405505,1.175688125,0.761434375,6.091475,0.000422,445.51318359375
run4_diff_dec_same_len,"Different decoders, same seq_len (heartrate regression + gestureclass classification, interleaved)",8,24,heartrate→gestureclass,"heartrate,gestureclass,heartrate,gestureclass,heartrate,gestureclass,heartrate,gestureclass",3.410414,9.252651,1.156581375,0.71877375,5.75019,0.000452125,445.51318359375
run4_diff_dec_same_len,"Different decoders, same seq_len (heartrate regression + gestureclass classification, interleaved)",8,25,heartrate→gestureclass,"heartrate,gestureclass,heartrate,gestureclass,heartrate,gestureclass,heartrate,gestureclass",3.287074,9.161864,1.145233,0.72352025,5.788162,0.00041425,445.51318359375
run4_diff_dec_same_len,"Different decoders, same seq_len (heartrate regression + gestureclass classification, interleaved)",8,26,heartrate→gestureclass,"heartrate,gestureclass,heartrate,gestureclass,heartrate,gestureclass,heartrate,gestureclass",3.192777,9.333147,1.166643375,0.756134,6.049072,0.000447625,445.51318359375
run4_diff_dec_same_len,"Different decoders, same seq_len (heartrate regression + gestureclass classification, interleaved)",8,27,heartrate→gestureclass,"heartrate,gestureclass,heartrate,gestureclass,heartrate,gestureclass,heartrate,gestureclass",3.241369,9.196562,1.14957025,0.73304,5.86432,0.00044575,445.51318359375
run4_diff_dec_same_len,"Different decoders, same seq_len (heartrate regression + gestureclass classification, interleaved)",8,28,heartrate→gestureclass,"heartrate,gestureclass,heartrate,gestureclass,heartrate,gestureclass,heartrate,gestureclass",3.249159,9.376932,1.1721165,0.754735875,6.037887,0.00047,445.51318359375
run4_diff_dec_same_len,"Different decoders, same seq_len (heartrate regression + gestureclass classification, interleaved)",8,29,heartrate→gestureclass,"heartrate,gestureclass,heartrate,gestureclass,heartrate,gestureclass,heartrate,gestureclass",3.213398,9.154373,1.144296625,0.7315315,5.852252,0.000445875,445.51318359375
run4_diff_dec_same_len,"Different decoders, same seq_len (heartrate regression + gestureclass classification, interleaved)",8,30,heartrate→gestureclass,"heartrate,gestureclass,heartrate,gestureclass,heartrate,gestureclass,heartrate,gestureclass",3.235879,9.22823,1.15352875,0.73485425,5.878834,0.000445625,445.51318359375
run4_diff_dec_same_len,"Different decoders, same seq_len (heartrate regression + gestureclass classification, interleaved)",8,31,heartrate→gestureclass,"heartrate,gestureclass,heartrate,gestureclass,heartrate,gestureclass,heartrate,gestureclass",3.308838,9.254209,1.156776125,0.71005725,5.680458,0.000455625,445.51318359375
run4_diff_dec_same_len,"Different decoders, same seq_len (heartrate regression + gestureclass classification, interleaved)",8,32,heartrate→gestureclass,"heartrate,gestureclass,heartrate,gestureclass,heartrate,gestureclass,heartrate,gestureclass",3.268692,9.203276,1.1504095,0.73002975,5.840238,0.000467875,445.51318359375
run4_diff_dec_same_len,"Different decoders, same seq_len (heartrate regression + gestureclass classification, interleaved)",8,33,heartrate→gestureclass,"heartrate,gestureclass,heartrate,gestureclass,heartrate,gestureclass,heartrate,gestureclass",3.28913,9.459681,1.182460125,0.758815875,6.070527,0.00048875,445.51318359375
run4_diff_dec_same_len,"Different decoders, same seq_len (heartrate regression + gestureclass classification, interleaved)",8,34,heartrate→gestureclass,"heartrate,gestureclass,heartrate,gestureclass,heartrate,gestureclass,heartrate,gestureclass",3.24125,9.179266,1.14740825,0.730855125,5.846841,0.000445625,445.51318359375
run4_diff_dec_same_len,"Different decoders, same seq_len (heartrate regression + gestureclass classification, interleaved)",8,35,heartrate→gestureclass,"heartrate,gestureclass,heartrate,gestureclass,heartrate,gestureclass,heartrate,gestureclass",3.232593,9.374762,1.17184525,0.75630575,6.050446,0.00043325,445.51318359375
run4_diff_dec_same_len,"Different decoders, same seq_len (heartrate regression + gestureclass classification, interleaved)",8,36,heartrate→gestureclass,"heartrate,gestureclass,heartrate,gestureclass,heartrate,gestureclass,heartrate,gestureclass",3.209433,9.152177,1.144022125,0.731841625,5.854733,0.00041825,445.51318359375
run4_diff_dec_same_len,"Different decoders, same seq_len (heartrate regression + gestureclass classification, interleaved)",8,37,heartrate→gestureclass,"heartrate,gestureclass,heartrate,gestureclass,heartrate,gestureclass,heartrate,gestureclass",3.153768,9.139816,1.142477,0.737421,5.899368,0.000435375,445.51318359375
run4_diff_dec_same_len,"Different decoders, same seq_len (heartrate regression + gestureclass classification, interleaved)",8,38,heartrate→gestureclass,"heartrate,gestureclass,heartrate,gestureclass,heartrate,gestureclass,heartrate,gestureclass",3.173039,9.191767,1.148970875,0.740826,5.926608,0.0004685,445.51318359375
run4_diff_dec_same_len,"Different decoders, same seq_len (heartrate regression + gestureclass classification, interleaved)",8,39,heartrate→gestureclass,"heartrate,gestureclass,heartrate,gestureclass,heartrate,gestureclass,heartrate,gestureclass",3.180388,9.149596,1.1436995,0.73517675,5.881414,0.000427625,445.51318359375
run4_diff_dec_same_len,"Different decoders, same seq_len (heartrate regression + gestureclass classification, interleaved)",8,40,heartrate→gestureclass,"heartrate,gestureclass,heartrate,gestureclass,heartrate,gestureclass,heartrate,gestureclass",3.154528,9.334284,1.1667855,0.761507625,6.092061,0.00045275,445.51318359375
run4_diff_dec_same_len,"Different decoders, same seq_len (heartrate regression + gestureclass classification, interleaved)",8,41,heartrate→gestureclass,"heartrate,gestureclass,heartrate,gestureclass,heartrate,gestureclass,heartrate,gestureclass",3.184199,9.147739,1.143467375,0.734900375,5.879203,0.000432625,445.51318359375
run4_diff_dec_same_len,"Different decoders, same seq_len (heartrate regression + gestureclass classification, interleaved)",8,42,heartrate→gestureclass,"heartrate,gestureclass,heartrate,gestureclass,heartrate,gestureclass,heartrate,gestureclass",3.162579,9.388372,1.1735465,0.76736575,6.138926,0.000436,445.51318359375
run4_diff_dec_same_len,"Different decoders, same seq_len (heartrate regression + gestureclass classification, interleaved)",8,43,heartrate→gestureclass,"heartrate,gestureclass,heartrate,gestureclass,heartrate,gestureclass,heartrate,gestureclass",3.276501,9.196289,1.149536125,0.72903825,5.832306,0.00041275,445.51318359375
run4_diff_dec_same_len,"Different decoders, same seq_len (heartrate regression + gestureclass classification, interleaved)",8,44,heartrate→gestureclass,"heartrate,gestureclass,heartrate,gestureclass,heartrate,gestureclass,heartrate,gestureclass",3.170755,9.191768,1.148971,0.741788125,5.934305,0.000435625,445.51318359375
run4_diff_dec_same_len,"Different decoders, same seq_len (heartrate regression + gestureclass classification, interleaved)",8,45,heartrate→gestureclass,"heartrate,gestureclass,heartrate,gestureclass,heartrate,gestureclass,heartrate,gestureclass",3.265147,9.400686,1.17508575,0.75548375,6.04387,0.0004455,445.51318359375
run4_diff_dec_same_len,"Different decoders, same seq_len (heartrate regression + gestureclass classification, interleaved)",8,46,heartrate→gestureclass,"heartrate,gestureclass,heartrate,gestureclass,heartrate,gestureclass,heartrate,gestureclass",3.250961,9.18351,1.14793875,0.730473125,5.843785,0.000428375,445.51318359375
run4_diff_dec_same_len,"Different decoders, same seq_len (heartrate regression + gestureclass classification, interleaved)",8,47,heartrate→gestureclass,"heartrate,gestureclass,heartrate,gestureclass,heartrate,gestureclass,heartrate,gestureclass",3.244919,9.437901,1.179737625,0.762686125,6.101489,0.000460875,445.51318359375
run4_diff_dec_same_len,"Different decoders, same seq_len (heartrate regression + gestureclass classification, interleaved)",8,48,heartrate→gestureclass,"heartrate,gestureclass,heartrate,gestureclass,heartrate,gestureclass,heartrate,gestureclass",3.185866,9.15862,1.1448275,0.735705625,5.885645,0.00043875,445.51318359375
run4_diff_dec_same_len,"Different decoders, same seq_len (heartrate regression + gestureclass classification, interleaved)",8,49,heartrate→gestureclass,"heartrate,gestureclass,heartrate,gestureclass,heartrate,gestureclass,heartrate,gestureclass",3.14347,9.165045,1.145630625,0.741688,5.933504,0.00044,445.51318359375
run4_diff_dec_same_len,"Different decoders, same seq_len (heartrate regression + gestureclass classification, interleaved)",16,0,heartrate→gestureclass,"heartrate,gestureclass,heartrate,gestureclass,heartrate,gestureclass,heartrate,gestureclass,heartrate,gestureclass,heartrate,gestureclass,heartrate,gestureclass,heartrate,gestureclass",3.194488,16.215966,1.013497875,0.7975728125,12.761165,0.00037975,447.01318359375
run4_diff_dec_same_len,"Different decoders, same seq_len (heartrate regression + gestureclass classification, interleaved)",16,1,heartrate→gestureclass,"heartrate,gestureclass,heartrate,gestureclass,heartrate,gestureclass,heartrate,gestureclass,heartrate,gestureclass,heartrate,gestureclass,heartrate,gestureclass,heartrate,gestureclass",3.301992,16.454204,1.02838775,0.815890375,13.054246,0.0003981875,447.01318359375
run4_diff_dec_same_len,"Different decoders, same seq_len (heartrate regression + gestureclass classification, interleaved)",16,2,heartrate→gestureclass,"heartrate,gestureclass,heartrate,gestureclass,heartrate,gestureclass,heartrate,gestureclass,heartrate,gestureclass,heartrate,gestureclass,heartrate,gestureclass,heartrate,gestureclass",3.165725,16.443598,1.027724875,0.8238846875,13.182155,0.0004089375,447.01318359375
run4_diff_dec_same_len,"Different decoders, same seq_len (heartrate regression + gestureclass classification, interleaved)",16,3,heartrate→gestureclass,"heartrate,gestureclass,heartrate,gestureclass,heartrate,gestureclass,heartrate,gestureclass,heartrate,gestureclass,heartrate,gestureclass,heartrate,gestureclass,heartrate,gestureclass",3.258648,16.610495,1.0381559375,0.82843275,13.254924,0.00044175,447.01318359375
run4_diff_dec_same_len,"Different decoders, same seq_len (heartrate regression + gestureclass classification, interleaved)",16,4,heartrate→gestureclass,"heartrate,gestureclass,heartrate,gestureclass,heartrate,gestureclass,heartrate,gestureclass,heartrate,gestureclass,heartrate,gestureclass,heartrate,gestureclass,heartrate,gestureclass",3.345108,16.407468,1.02546675,0.810371875,12.96595,0.000392875,447.01318359375
run4_diff_dec_same_len,"Different decoders, same seq_len (heartrate regression + gestureclass classification, interleaved)",16,5,heartrate→gestureclass,"heartrate,gestureclass,heartrate,gestureclass,heartrate,gestureclass,heartrate,gestureclass,heartrate,gestureclass,heartrate,gestureclass,heartrate,gestureclass,heartrate,gestureclass",3.279149,16.43533,1.027208125,0.8156825625,13.050921,0.000473875,447.01318359375
run4_diff_dec_same_len,"Different decoders, same seq_len (heartrate regression + gestureclass classification, interleaved)",16,6,heartrate→gestureclass,"heartrate,gestureclass,heartrate,gestureclass,heartrate,gestureclass,heartrate,gestureclass,heartrate,gestureclass,heartrate,gestureclass,heartrate,gestureclass,heartrate,gestureclass",3.580803,16.703727,1.0439829375,0.8133899375,13.014239,0.00043025,447.01318359375
run4_diff_dec_same_len,"Different decoders, same seq_len (heartrate regression + gestureclass classification, interleaved)",16,7,heartrate→gestureclass,"heartrate,gestureclass,heartrate,gestureclass,heartrate,gestureclass,heartrate,gestureclass,heartrate,gestureclass,heartrate,gestureclass,heartrate,gestureclass,heartrate,gestureclass",3.587347,16.697671,1.0436044375,0.8120274375,12.992439,0.0004265,447.01318359375
run4_diff_dec_same_len,"Different decoders, same seq_len (heartrate regression + gestureclass classification, interleaved)",16,8,heartrate→gestureclass,"heartrate,gestureclass,heartrate,gestureclass,heartrate,gestureclass,heartrate,gestureclass,heartrate,gestureclass,heartrate,gestureclass,heartrate,gestureclass,heartrate,gestureclass",3.527599,16.633473,1.0395920625,0.81231825,12.997092,0.0004428125,447.01318359375
run4_diff_dec_same_len,"Different decoders, same seq_len (heartrate regression + gestureclass classification, interleaved)",16,9,heartrate→gestureclass,"heartrate,gestureclass,heartrate,gestureclass,heartrate,gestureclass,heartrate,gestureclass,heartrate,gestureclass,heartrate,gestureclass,heartrate,gestureclass,heartrate,gestureclass",3.51827,16.30458,1.01903625,0.7927673125,12.684277,0.0004,447.01318359375
run4_diff_dec_same_len,"Different decoders, same seq_len (heartrate regression + gestureclass classification, interleaved)",16,10,heartrate→gestureclass,"heartrate,gestureclass,heartrate,gestureclass,heartrate,gestureclass,heartrate,gestureclass,heartrate,gestureclass,heartrate,gestureclass,heartrate,gestureclass,heartrate,gestureclass",3.322223,16.300623,1.0187889375,0.804619375,12.87391,0.000403,447.01318359375
run4_diff_dec_same_len,"Different decoders, same seq_len (heartrate regression + gestureclass classification, interleaved)",16,11,heartrate→gestureclass,"heartrate,gestureclass,heartrate,gestureclass,heartrate,gestureclass,heartrate,gestureclass,heartrate,gestureclass,heartrate,gestureclass,heartrate,gestureclass,heartrate,gestureclass",3.261077,16.529449,1.0330905625,0.8230795,13.169272,0.000403625,447.01318359375
run4_diff_dec_same_len,"Different decoders, same seq_len (heartrate regression + gestureclass classification, interleaved)",16,12,heartrate→gestureclass,"heartrate,gestureclass,heartrate,gestureclass,heartrate,gestureclass,heartrate,gestureclass,heartrate,gestureclass,heartrate,gestureclass,heartrate,gestureclass,heartrate,gestureclass",3.249827,16.473659,1.0296036875,0.820399375,13.12639,0.0004123125,447.01318359375
run4_diff_dec_same_len,"Different decoders, same seq_len (heartrate regression + gestureclass classification, interleaved)",16,13,heartrate→gestureclass,"heartrate,gestureclass,heartrate,gestureclass,heartrate,gestureclass,heartrate,gestureclass,heartrate,gestureclass,heartrate,gestureclass,heartrate,gestureclass,heartrate,gestureclass",3.217914,16.42652,1.0266575,0.8195515,13.112824,0.0003784375,447.01318359375
run4_diff_dec_same_len,"Different decoders, same seq_len (heartrate regression + gestureclass classification, interleaved)",16,14,heartrate→gestureclass,"heartrate,gestureclass,heartrate,gestureclass,heartrate,gestureclass,heartrate,gestureclass,heartrate,gestureclass,heartrate,gestureclass,heartrate,gestureclass,heartrate,gestureclass",3.279099,16.306091,1.0191306875,0.80813125,12.9301,0.000404375,447.01318359375
run4_diff_dec_same_len,"Different decoders, same seq_len (heartrate regression + gestureclass classification, interleaved)",16,15,heartrate→gestureclass,"heartrate,gestureclass,heartrate,gestureclass,heartrate,gestureclass,heartrate,gestureclass,heartrate,gestureclass,heartrate,gestureclass,heartrate,gestureclass,heartrate,gestureclass",3.249064,16.497431,1.0310894375,0.8217075625,13.147321,0.00039,447.01318359375
run4_diff_dec_same_len,"Different decoders, same seq_len (heartrate regression + gestureclass classification, interleaved)",16,16,heartrate→gestureclass,"heartrate,gestureclass,heartrate,gestureclass,heartrate,gestureclass,heartrate,gestureclass,heartrate,gestureclass,heartrate,gestureclass,heartrate,gestureclass,heartrate,gestureclass",3.323905,16.561637,1.0351023125,0.8196036875,13.113659,0.0019791875,447.01318359375
run4_diff_dec_same_len,"Different decoders, same seq_len (heartrate regression + gestureclass classification, interleaved)",16,17,heartrate→gestureclass,"heartrate,gestureclass,heartrate,gestureclass,heartrate,gestureclass,heartrate,gestureclass,heartrate,gestureclass,heartrate,gestureclass,heartrate,gestureclass,heartrate,gestureclass",3.336907,16.523748,1.03273425,0.81809725,13.089556,0.000400875,447.01318359375
run4_diff_dec_same_len,"Different decoders, same seq_len (heartrate regression + gestureclass classification, interleaved)",16,18,heartrate→gestureclass,"heartrate,gestureclass,heartrate,gestureclass,heartrate,gestureclass,heartrate,gestureclass,heartrate,gestureclass,heartrate,gestureclass,heartrate,gestureclass,heartrate,gestureclass",3.269533,16.520376,1.0325235,0.822068125,13.15309,0.0004028125,447.01318359375
run4_diff_dec_same_len,"Different decoders, same seq_len (heartrate regression + gestureclass classification, interleaved)",16,19,heartrate→gestureclass,"heartrate,gestureclass,heartrate,gestureclass,heartrate,gestureclass,heartrate,gestureclass,heartrate,gestureclass,heartrate,gestureclass,heartrate,gestureclass,heartrate,gestureclass",3.277189,16.297659,1.0186036875,0.807736875,12.92379,0.0004181875,447.01318359375
run4_diff_dec_same_len,"Different decoders, same seq_len (heartrate regression + gestureclass classification, interleaved)",16,20,heartrate→gestureclass,"heartrate,gestureclass,heartrate,gestureclass,heartrate,gestureclass,heartrate,gestureclass,heartrate,gestureclass,heartrate,gestureclass,heartrate,gestureclass,heartrate,gestureclass",3.278163,16.514576,1.032161,0.8210150625,13.136241,0.000407375,447.01318359375
run4_diff_dec_same_len,"Different decoders, same seq_len (heartrate regression + gestureclass classification, interleaved)",16,21,heartrate→gestureclass,"heartrate,gestureclass,heartrate,gestureclass,heartrate,gestureclass,heartrate,gestureclass,heartrate,gestureclass,heartrate,gestureclass,heartrate,gestureclass,heartrate,gestureclass",3.276346,16.567053,1.0354408125,0.824352,13.189632,0.0004208125,447.01318359375
run4_diff_dec_same_len,"Different decoders, same seq_len (heartrate regression + gestureclass classification, interleaved)",16,22,heartrate→gestureclass,"heartrate,gestureclass,heartrate,gestureclass,heartrate,gestureclass,heartrate,gestureclass,heartrate,gestureclass,heartrate,gestureclass,heartrate,gestureclass,heartrate,gestureclass",3.286797,16.535027,1.0334391875,0.8218598125,13.149757,0.0004119375,447.01318359375
run4_diff_dec_same_len,"Different decoders, same seq_len (heartrate regression + gestureclass classification, interleaved)",16,23,heartrate→gestureclass,"heartrate,gestureclass,heartrate,gestureclass,heartrate,gestureclass,heartrate,gestureclass,heartrate,gestureclass,heartrate,gestureclass,heartrate,gestureclass,heartrate,gestureclass",3.231641,16.435731,1.0272331875,0.8192389375,13.107823,0.0003915625,447.01318359375
run4_diff_dec_same_len,"Different decoders, same seq_len (heartrate regression + gestureclass classification, interleaved)",16,24,heartrate→gestureclass,"heartrate,gestureclass,heartrate,gestureclass,heartrate,gestureclass,heartrate,gestureclass,heartrate,gestureclass,heartrate,gestureclass,heartrate,gestureclass,heartrate,gestureclass",3.193936,16.301853,1.0188658125,0.8131865,13.010984,0.0003951875,447.01318359375
run4_diff_dec_same_len,"Different decoders, same seq_len (heartrate regression + gestureclass classification, interleaved)",16,25,heartrate→gestureclass,"heartrate,gestureclass,heartrate,gestureclass,heartrate,gestureclass,heartrate,gestureclass,heartrate,gestureclass,heartrate,gestureclass,heartrate,gestureclass,heartrate,gestureclass",3.321192,16.630873,1.0394295625,0.8252835,13.204536,0.0004370625,447.01318359375
run4_diff_dec_same_len,"Different decoders, same seq_len (heartrate regression + gestureclass classification, interleaved)",16,26,heartrate→gestureclass,"heartrate,gestureclass,heartrate,gestureclass,heartrate,gestureclass,heartrate,gestureclass,heartrate,gestureclass,heartrate,gestureclass,heartrate,gestureclass,heartrate,gestureclass",3.405749,16.749819,1.0468636875,0.827363625,13.237818,0.0003993125,447.01318359375
run4_diff_dec_same_len,"Different decoders, same seq_len (heartrate regression + gestureclass classification, interleaved)",16,27,heartrate→gestureclass,"heartrate,gestureclass,heartrate,gestureclass,heartrate,gestureclass,heartrate,gestureclass,heartrate,gestureclass,heartrate,gestureclass,heartrate,gestureclass,heartrate,gestureclass",3.439948,16.732204,1.04576275,0.8240705,13.185128,0.00041575,447.01318359375
run4_diff_dec_same_len,"Different decoders, same seq_len (heartrate regression + gestureclass classification, interleaved)",16,28,heartrate→gestureclass,"heartrate,gestureclass,heartrate,gestureclass,heartrate,gestureclass,heartrate,gestureclass,heartrate,gestureclass,heartrate,gestureclass,heartrate,gestureclass,heartrate,gestureclass",3.360367,16.684744,1.0427965,0.8263715,13.221944,0.000409375,447.01318359375
run4_diff_dec_same_len,"Different decoders, same seq_len (heartrate regression + gestureclass classification, interleaved)",16,29,heartrate→gestureclass,"heartrate,gestureclass,heartrate,gestureclass,heartrate,gestureclass,heartrate,gestureclass,heartrate,gestureclass,heartrate,gestureclass,heartrate,gestureclass,heartrate,gestureclass",3.35413,16.509653,1.0318533125,0.8158374375,13.053399,0.00039725,447.01318359375
run4_diff_dec_same_len,"Different decoders, same seq_len (heartrate regression + gestureclass classification, interleaved)",16,30,heartrate→gestureclass,"heartrate,gestureclass,heartrate,gestureclass,heartrate,gestureclass,heartrate,gestureclass,heartrate,gestureclass,heartrate,gestureclass,heartrate,gestureclass,heartrate,gestureclass",3.342802,16.567749,1.0354843125,0.82018925,13.123028,0.000423125,447.01318359375
run4_diff_dec_same_len,"Different decoders, same seq_len (heartrate regression + gestureclass classification, interleaved)",16,31,heartrate→gestureclass,"heartrate,gestureclass,heartrate,gestureclass,heartrate,gestureclass,heartrate,gestureclass,heartrate,gestureclass,heartrate,gestureclass,heartrate,gestureclass,heartrate,gestureclass",3.290038,16.535738,1.033483625,0.821664875,13.146638,0.0004165625,447.01318359375
run4_diff_dec_same_len,"Different decoders, same seq_len (heartrate regression + gestureclass classification, interleaved)",16,32,heartrate→gestureclass,"heartrate,gestureclass,heartrate,gestureclass,heartrate,gestureclass,heartrate,gestureclass,heartrate,gestureclass,heartrate,gestureclass,heartrate,gestureclass,heartrate,gestureclass",3.295958,16.515607,1.0322254375,0.820151125,13.122418,0.0003898125,447.01318359375
run4_diff_dec_same_len,"Different decoders, same seq_len (heartrate regression + gestureclass classification, interleaved)",16,33,heartrate→gestureclass,"heartrate,gestureclass,heartrate,gestureclass,heartrate,gestureclass,heartrate,gestureclass,heartrate,gestureclass,heartrate,gestureclass,heartrate,gestureclass,heartrate,gestureclass",3.260354,16.629989,1.0393743125,0.8294305,13.270888,0.00039825,447.01318359375
run4_diff_dec_same_len,"Different decoders, same seq_len (heartrate regression + gestureclass classification, interleaved)",16,34,heartrate→gestureclass,"heartrate,gestureclass,heartrate,gestureclass,heartrate,gestureclass,heartrate,gestureclass,heartrate,gestureclass,heartrate,gestureclass,heartrate,gestureclass,heartrate,gestureclass",3.404389,16.470344,1.0293965,0.8102854375,12.964567,0.0004199375,447.01318359375
run4_diff_dec_same_len,"Different decoders, same seq_len (heartrate regression + gestureclass classification, interleaved)",16,35,heartrate→gestureclass,"heartrate,gestureclass,heartrate,gestureclass,heartrate,gestureclass,heartrate,gestureclass,heartrate,gestureclass,heartrate,gestureclass,heartrate,gestureclass,heartrate,gestureclass",3.412797,16.726074,1.045379625,0.825485125,13.207762,0.0004075,447.01318359375
run4_diff_dec_same_len,"Different decoders, same seq_len (heartrate regression + gestureclass classification, interleaved)",16,36,heartrate→gestureclass,"heartrate,gestureclass,heartrate,gestureclass,heartrate,gestureclass,heartrate,gestureclass,heartrate,gestureclass,heartrate,gestureclass,heartrate,gestureclass,heartrate,gestureclass",3.325159,16.587876,1.03674225,0.822577875,13.161246,0.0004143125,447.01318359375
run4_diff_dec_same_len,"Different decoders, same seq_len (heartrate regression + gestureclass classification, interleaved)",16,37,heartrate→gestureclass,"heartrate,gestureclass,heartrate,gestureclass,heartrate,gestureclass,heartrate,gestureclass,heartrate,gestureclass,heartrate,gestureclass,heartrate,gestureclass,heartrate,gestureclass",3.346454,16.625486,1.039092875,0.8236943125,13.179109,0.000391625,447.01318359375
run4_diff_dec_same_len,"Different decoders, same seq_len (heartrate regression + gestureclass classification, interleaved)",16,38,heartrate→gestureclass,"heartrate,gestureclass,heartrate,gestureclass,heartrate,gestureclass,heartrate,gestureclass,heartrate,gestureclass,heartrate,gestureclass,heartrate,gestureclass,heartrate,gestureclass",3.390141,16.559514,1.034969625,0.8169338125,13.070941,0.0003826875,447.01318359375
run4_diff_dec_same_len,"Different decoders, same seq_len (heartrate regression + gestureclass classification, interleaved)",16,39,heartrate→gestureclass,"heartrate,gestureclass,heartrate,gestureclass,heartrate,gestureclass,heartrate,gestureclass,heartrate,gestureclass,heartrate,gestureclass,heartrate,gestureclass,heartrate,gestureclass",3.292322,16.351808,1.021988,0.8101175625,12.961881,0.0003828125,447.01318359375
run4_diff_dec_same_len,"Different decoders, same seq_len (heartrate regression + gestureclass classification, interleaved)",16,40,heartrate→gestureclass,"heartrate,gestureclass,heartrate,gestureclass,heartrate,gestureclass,heartrate,gestureclass,heartrate,gestureclass,heartrate,gestureclass,heartrate,gestureclass,heartrate,gestureclass",3.351568,16.499862,1.031241375,0.815573375,13.049174,0.00040075,447.01318359375
run4_diff_dec_same_len,"Different decoders, same seq_len (heartrate regression + gestureclass classification, interleaved)",16,41,heartrate→gestureclass,"heartrate,gestureclass,heartrate,gestureclass,heartrate,gestureclass,heartrate,gestureclass,heartrate,gestureclass,heartrate,gestureclass,heartrate,gestureclass,heartrate,gestureclass",3.263502,16.528084,1.03300525,0.8228251875,13.165203,0.00038725,447.01318359375
run4_diff_dec_same_len,"Different decoders, same seq_len (heartrate regression + gestureclass classification, interleaved)",16,42,heartrate→gestureclass,"heartrate,gestureclass,heartrate,gestureclass,heartrate,gestureclass,heartrate,gestureclass,heartrate,gestureclass,heartrate,gestureclass,heartrate,gestureclass,heartrate,gestureclass",3.331667,16.50083,1.031301875,0.816731875,13.06771,0.000396875,447.01318359375
run4_diff_dec_same_len,"Different decoders, same seq_len (heartrate regression + gestureclass classification, interleaved)",16,43,heartrate→gestureclass,"heartrate,gestureclass,heartrate,gestureclass,heartrate,gestureclass,heartrate,gestureclass,heartrate,gestureclass,heartrate,gestureclass,heartrate,gestureclass,heartrate,gestureclass",3.193845,16.412199,1.0257624375,0.820221625,13.123546,0.000388625,447.01318359375
run4_diff_dec_same_len,"Different decoders, same seq_len (heartrate regression + gestureclass classification, interleaved)",16,44,heartrate→gestureclass,"heartrate,gestureclass,heartrate,gestureclass,heartrate,gestureclass,heartrate,gestureclass,heartrate,gestureclass,heartrate,gestureclass,heartrate,gestureclass,heartrate,gestureclass",3.188896,16.282413,1.0176508125,0.8121536875,12.994459,0.000387625,447.01318359375
run4_diff_dec_same_len,"Different decoders, same seq_len (heartrate regression + gestureclass classification, interleaved)",16,45,heartrate→gestureclass,"heartrate,gestureclass,heartrate,gestureclass,heartrate,gestureclass,heartrate,gestureclass,heartrate,gestureclass,heartrate,gestureclass,heartrate,gestureclass,heartrate,gestureclass",3.199173,16.562001,1.0351250625,0.8290614375,13.264983,0.0004053125,447.01318359375
run4_diff_dec_same_len,"Different decoders, same seq_len (heartrate regression + gestureclass classification, interleaved)",16,46,heartrate→gestureclass,"heartrate,gestureclass,heartrate,gestureclass,heartrate,gestureclass,heartrate,gestureclass,heartrate,gestureclass,heartrate,gestureclass,heartrate,gestureclass,heartrate,gestureclass",3.34363,16.639309,1.0399568125,0.8246881875,13.195011,0.000409125,447.01318359375
run4_diff_dec_same_len,"Different decoders, same seq_len (heartrate regression + gestureclass classification, interleaved)",16,47,heartrate→gestureclass,"heartrate,gestureclass,heartrate,gestureclass,heartrate,gestureclass,heartrate,gestureclass,heartrate,gestureclass,heartrate,gestureclass,heartrate,gestureclass,heartrate,gestureclass",3.360189,16.605988,1.03787425,0.8210661875,13.137059,0.0004503125,447.01318359375
run4_diff_dec_same_len,"Different decoders, same seq_len (heartrate regression + gestureclass classification, interleaved)",16,48,heartrate→gestureclass,"heartrate,gestureclass,heartrate,gestureclass,heartrate,gestureclass,heartrate,gestureclass,heartrate,gestureclass,heartrate,gestureclass,heartrate,gestureclass,heartrate,gestureclass",3.367174,16.589645,1.0368528125,0.8199798125,13.119677,0.0004278125,447.01318359375
run4_diff_dec_same_len,"Different decoders, same seq_len (heartrate regression + gestureclass classification, interleaved)",16,49,heartrate→gestureclass,"heartrate,gestureclass,heartrate,gestureclass,heartrate,gestureclass,heartrate,gestureclass,heartrate,gestureclass,heartrate,gestureclass,heartrate,gestureclass,heartrate,gestureclass",3.404033,16.335955,1.0209971875,0.8017865,12.828584,0.0003838125,447.01318359375
run4_diff_dec_same_len,"Different decoders, same seq_len (heartrate regression + gestureclass classification, interleaved)",32,0,heartrate→gestureclass,"heartrate,gestureclass,heartrate,gestureclass,heartrate,gestureclass,heartrate,gestureclass,heartrate,gestureclass,heartrate,gestureclass,heartrate,gestureclass,heartrate,gestureclass,heartrate,gestureclass,heartrate,gestureclass,heartrate,gestureclass,heartrate,gestureclass,heartrate,gestureclass,heartrate,gestureclass,heartrate,gestureclass,heartrate,gestureclass",3.248032,30.909259,0.96591434375,0.86086834375,27.547787,0.0003769375,450.01318359375
run4_diff_dec_same_len,"Different decoders, same seq_len (heartrate regression + gestureclass classification, interleaved)",32,1,heartrate→gestureclass,"heartrate,gestureclass,heartrate,gestureclass,heartrate,gestureclass,heartrate,gestureclass,heartrate,gestureclass,heartrate,gestureclass,heartrate,gestureclass,heartrate,gestureclass,heartrate,gestureclass,heartrate,gestureclass,heartrate,gestureclass,heartrate,gestureclass,heartrate,gestureclass,heartrate,gestureclass,heartrate,gestureclass,heartrate,gestureclass",3.246252,31.023244,0.969476375,0.86440665625,27.661013,0.0003634375,450.01318359375
run4_diff_dec_same_len,"Different decoders, same seq_len (heartrate regression + gestureclass classification, interleaved)",32,2,heartrate→gestureclass,"heartrate,gestureclass,heartrate,gestureclass,heartrate,gestureclass,heartrate,gestureclass,heartrate,gestureclass,heartrate,gestureclass,heartrate,gestureclass,heartrate,gestureclass,heartrate,gestureclass,heartrate,gestureclass,heartrate,gestureclass,heartrate,gestureclass,heartrate,gestureclass,heartrate,gestureclass,heartrate,gestureclass,heartrate,gestureclass",3.286726,31.059115,0.97059734375,0.86426040625,27.656333,0.00038521875,450.01318359375
run4_diff_dec_same_len,"Different decoders, same seq_len (heartrate regression + gestureclass classification, interleaved)",32,3,heartrate→gestureclass,"heartrate,gestureclass,heartrate,gestureclass,heartrate,gestureclass,heartrate,gestureclass,heartrate,gestureclass,heartrate,gestureclass,heartrate,gestureclass,heartrate,gestureclass,heartrate,gestureclass,heartrate,gestureclass,heartrate,gestureclass,heartrate,gestureclass,heartrate,gestureclass,heartrate,gestureclass,heartrate,gestureclass,heartrate,gestureclass",3.338823,31.094076,0.971689875,0.86353590625,27.633149,0.0003744375,450.01318359375
run4_diff_dec_same_len,"Different decoders, same seq_len (heartrate regression + gestureclass classification, interleaved)",32,4,heartrate→gestureclass,"heartrate,gestureclass,heartrate,gestureclass,heartrate,gestureclass,heartrate,gestureclass,heartrate,gestureclass,heartrate,gestureclass,heartrate,gestureclass,heartrate,gestureclass,heartrate,gestureclass,heartrate,gestureclass,heartrate,gestureclass,heartrate,gestureclass,heartrate,gestureclass,heartrate,gestureclass,heartrate,gestureclass,heartrate,gestureclass",3.305132,31.216648,0.97552025,0.86857390625,27.794365,0.00036578125,450.01318359375
run4_diff_dec_same_len,"Different decoders, same seq_len (heartrate regression + gestureclass classification, interleaved)",32,5,heartrate→gestureclass,"heartrate,gestureclass,heartrate,gestureclass,heartrate,gestureclass,heartrate,gestureclass,heartrate,gestureclass,heartrate,gestureclass,heartrate,gestureclass,heartrate,gestureclass,heartrate,gestureclass,heartrate,gestureclass,heartrate,gestureclass,heartrate,gestureclass,heartrate,gestureclass,heartrate,gestureclass,heartrate,gestureclass,heartrate,gestureclass",3.235841,30.98409,0.9682528125,0.86354359375,27.633395,0.00037,450.01318359375
run4_diff_dec_same_len,"Different decoders, same seq_len (heartrate regression + gestureclass classification, interleaved)",32,6,heartrate→gestureclass,"heartrate,gestureclass,heartrate,gestureclass,heartrate,gestureclass,heartrate,gestureclass,heartrate,gestureclass,heartrate,gestureclass,heartrate,gestureclass,heartrate,gestureclass,heartrate,gestureclass,heartrate,gestureclass,heartrate,gestureclass,heartrate,gestureclass,heartrate,gestureclass,heartrate,gestureclass,heartrate,gestureclass,heartrate,gestureclass",3.273673,31.252337,0.97663553125,0.8706988125,27.862362,0.0003774375,450.01318359375
run4_diff_dec_same_len,"Different decoders, same seq_len (heartrate regression + gestureclass classification, interleaved)",32,7,heartrate→gestureclass,"heartrate,gestureclass,heartrate,gestureclass,heartrate,gestureclass,heartrate,gestureclass,heartrate,gestureclass,heartrate,gestureclass,heartrate,gestureclass,heartrate,gestureclass,heartrate,gestureclass,heartrate,gestureclass,heartrate,gestureclass,heartrate,gestureclass,heartrate,gestureclass,heartrate,gestureclass,heartrate,gestureclass,heartrate,gestureclass",3.3558,30.97181,0.9678690625,0.8593476875,27.499126,0.0003573125,450.01318359375
run4_diff_dec_same_len,"Different decoders, same seq_len (heartrate regression + gestureclass classification, interleaved)",32,8,heartrate→gestureclass,"heartrate,gestureclass,heartrate,gestureclass,heartrate,gestureclass,heartrate,gestureclass,heartrate,gestureclass,heartrate,gestureclass,heartrate,gestureclass,heartrate,gestureclass,heartrate,gestureclass,heartrate,gestureclass,heartrate,gestureclass,heartrate,gestureclass,heartrate,gestureclass,heartrate,gestureclass,heartrate,gestureclass,heartrate,gestureclass",3.327215,31.306532,0.978329125,0.8705646875,27.85807,0.0003663125,450.01318359375
run4_diff_dec_same_len,"Different decoders, same seq_len (heartrate regression + gestureclass classification, interleaved)",32,9,heartrate→gestureclass,"heartrate,gestureclass,heartrate,gestureclass,heartrate,gestureclass,heartrate,gestureclass,heartrate,gestureclass,heartrate,gestureclass,heartrate,gestureclass,heartrate,gestureclass,heartrate,gestureclass,heartrate,gestureclass,heartrate,gestureclass,heartrate,gestureclass,heartrate,gestureclass,heartrate,gestureclass,heartrate,gestureclass,heartrate,gestureclass",3.711735,31.43992,0.9824975,0.8622165,27.590928,0.00040459375,450.01318359375
run4_diff_dec_same_len,"Different decoders, same seq_len (heartrate regression + gestureclass classification, interleaved)",32,10,heartrate→gestureclass,"heartrate,gestureclass,heartrate,gestureclass,heartrate,gestureclass,heartrate,gestureclass,heartrate,gestureclass,heartrate,gestureclass,heartrate,gestureclass,heartrate,gestureclass,heartrate,gestureclass,heartrate,gestureclass,heartrate,gestureclass,heartrate,gestureclass,heartrate,gestureclass,heartrate,gestureclass,heartrate,gestureclass,heartrate,gestureclass",3.694132,31.272865,0.97727703125,0.857512125,27.440388,0.000411,450.01318359375
run4_diff_dec_same_len,"Different decoders, same seq_len (heartrate regression + gestureclass classification, interleaved)",32,11,heartrate→gestureclass,"heartrate,gestureclass,heartrate,gestureclass,heartrate,gestureclass,heartrate,gestureclass,heartrate,gestureclass,heartrate,gestureclass,heartrate,gestureclass,heartrate,gestureclass,heartrate,gestureclass,heartrate,gestureclass,heartrate,gestureclass,heartrate,gestureclass,heartrate,gestureclass,heartrate,gestureclass,heartrate,gestureclass,heartrate,gestureclass",3.470321,31.086044,0.971438875,0.8592221875,27.49511,0.0003825625,450.01318359375
run4_diff_dec_same_len,"Different decoders, same seq_len (heartrate regression + gestureclass classification, interleaved)",32,12,heartrate→gestureclass,"heartrate,gestureclass,heartrate,gestureclass,heartrate,gestureclass,heartrate,gestureclass,heartrate,gestureclass,heartrate,gestureclass,heartrate,gestureclass,heartrate,gestureclass,heartrate,gestureclass,heartrate,gestureclass,heartrate,gestureclass,heartrate,gestureclass,heartrate,gestureclass,heartrate,gestureclass,heartrate,gestureclass,heartrate,gestureclass",3.41456,31.218276,0.975571125,0.8650919375,27.682942,0.0003865,450.01318359375
run4_diff_dec_same_len,"Different decoders, same seq_len (heartrate regression + gestureclass classification, interleaved)",32,13,heartrate→gestureclass,"heartrate,gestureclass,heartrate,gestureclass,heartrate,gestureclass,heartrate,gestureclass,heartrate,gestureclass,heartrate,gestureclass,heartrate,gestureclass,heartrate,gestureclass,heartrate,gestureclass,heartrate,gestureclass,heartrate,gestureclass,heartrate,gestureclass,heartrate,gestureclass,heartrate,gestureclass,heartrate,gestureclass,heartrate,gestureclass",3.443826,31.222066,0.9756895625,0.863429625,27.629748,0.0003869375,450.01318359375
run4_diff_dec_same_len,"Different decoders, same seq_len (heartrate regression + gestureclass classification, interleaved)",32,14,heartrate→gestureclass,"heartrate,gestureclass,heartrate,gestureclass,heartrate,gestureclass,heartrate,gestureclass,heartrate,gestureclass,heartrate,gestureclass,heartrate,gestureclass,heartrate,gestureclass,heartrate,gestureclass,heartrate,gestureclass,heartrate,gestureclass,heartrate,gestureclass,heartrate,gestureclass,heartrate,gestureclass,heartrate,gestureclass,heartrate,gestureclass",3.511215,31.184335,0.97451046875,0.8608111875,27.545958,0.00040090625,450.01318359375
run4_diff_dec_same_len,"Different decoders, same seq_len (heartrate regression + gestureclass classification, interleaved)",32,15,heartrate→gestureclass,"heartrate,gestureclass,heartrate,gestureclass,heartrate,gestureclass,heartrate,gestureclass,heartrate,gestureclass,heartrate,gestureclass,heartrate,gestureclass,heartrate,gestureclass,heartrate,gestureclass,heartrate,gestureclass,heartrate,gestureclass,heartrate,gestureclass,heartrate,gestureclass,heartrate,gestureclass,heartrate,gestureclass,heartrate,gestureclass",3.543287,31.130267,0.97282084375,0.85837015625,27.467845,0.00037246875,450.01318359375
run4_diff_dec_same_len,"Different decoders, same seq_len (heartrate regression + gestureclass classification, interleaved)",32,16,heartrate→gestureclass,"heartrate,gestureclass,heartrate,gestureclass,heartrate,gestureclass,heartrate,gestureclass,heartrate,gestureclass,heartrate,gestureclass,heartrate,gestureclass,heartrate,gestureclass,heartrate,gestureclass,heartrate,gestureclass,heartrate,gestureclass,heartrate,gestureclass,heartrate,gestureclass,heartrate,gestureclass,heartrate,gestureclass,heartrate,gestureclass",3.470384,31.212951,0.97540471875,0.863193125,27.62218,0.0003865625,450.01318359375
run4_diff_dec_same_len,"Different decoders, same seq_len (heartrate regression + gestureclass classification, interleaved)",32,17,heartrate→gestureclass,"heartrate,gestureclass,heartrate,gestureclass,heartrate,gestureclass,heartrate,gestureclass,heartrate,gestureclass,heartrate,gestureclass,heartrate,gestureclass,heartrate,gestureclass,heartrate,gestureclass,heartrate,gestureclass,heartrate,gestureclass,heartrate,gestureclass,heartrate,gestureclass,heartrate,gestureclass,heartrate,gestureclass,heartrate,gestureclass",3.445338,31.119395,0.97248109375,0.86111809375,27.555779,0.00036903125,450.01318359375
run4_diff_dec_same_len,"Different decoders, same seq_len (heartrate regression + gestureclass classification, interleaved)",32,18,heartrate→gestureclass,"heartrate,gestureclass,heartrate,gestureclass,heartrate,gestureclass,heartrate,gestureclass,heartrate,gestureclass,heartrate,gestureclass,heartrate,gestureclass,heartrate,gestureclass,heartrate,gestureclass,heartrate,gestureclass,heartrate,gestureclass,heartrate,gestureclass,heartrate,gestureclass,heartrate,gestureclass,heartrate,gestureclass,heartrate,gestureclass",3.456869,31.066647,0.97083271875,0.85915303125,27.492897,0.000381625,450.01318359375
run4_diff_dec_same_len,"Different decoders, same seq_len (heartrate regression + gestureclass classification, interleaved)",32,19,heartrate→gestureclass,"heartrate,gestureclass,heartrate,gestureclass,heartrate,gestureclass,heartrate,gestureclass,heartrate,gestureclass,heartrate,gestureclass,heartrate,gestureclass,heartrate,gestureclass,heartrate,gestureclass,heartrate,gestureclass,heartrate,gestureclass,heartrate,gestureclass,heartrate,gestureclass,heartrate,gestureclass,heartrate,gestureclass,heartrate,gestureclass",3.339915,31.204182,0.9751306875,0.86690809375,27.741059,0.000390875,450.01318359375
run4_diff_dec_same_len,"Different decoders, same seq_len (heartrate regression + gestureclass classification, interleaved)",32,20,heartrate→gestureclass,"heartrate,gestureclass,heartrate,gestureclass,heartrate,gestureclass,heartrate,gestureclass,heartrate,gestureclass,heartrate,gestureclass,heartrate,gestureclass,heartrate,gestureclass,heartrate,gestureclass,heartrate,gestureclass,heartrate,gestureclass,heartrate,gestureclass,heartrate,gestureclass,heartrate,gestureclass,heartrate,gestureclass,heartrate,gestureclass",3.418047,31.08048,0.971265,0.86072940625,27.543341,0.00036959375,450.01318359375
run4_diff_dec_same_len,"Different decoders, same seq_len (heartrate regression + gestureclass classification, interleaved)",32,21,heartrate→gestureclass,"heartrate,gestureclass,heartrate,gestureclass,heartrate,gestureclass,heartrate,gestureclass,heartrate,gestureclass,heartrate,gestureclass,heartrate,gestureclass,heartrate,gestureclass,heartrate,gestureclass,heartrate,gestureclass,heartrate,gestureclass,heartrate,gestureclass,heartrate,gestureclass,heartrate,gestureclass,heartrate,gestureclass,heartrate,gestureclass",3.318914,31.080938,0.9712793125,0.8639393125,27.646058,0.0003835,450.01318359375
run4_diff_dec_same_len,"Different decoders, same seq_len (heartrate regression + gestureclass classification, interleaved)",32,22,heartrate→gestureclass,"heartrate,gestureclass,heartrate,gestureclass,heartrate,gestureclass,heartrate,gestureclass,heartrate,gestureclass,heartrate,gestureclass,heartrate,gestureclass,heartrate,gestureclass,heartrate,gestureclass,heartrate,gestureclass,heartrate,gestureclass,heartrate,gestureclass,heartrate,gestureclass,heartrate,gestureclass,heartrate,gestureclass,heartrate,gestureclass",3.259552,30.888116,0.965253625,0.85978778125,27.513209,0.00037621875,450.01318359375
run4_diff_dec_same_len,"Different decoders, same seq_len (heartrate regression + gestureclass classification, interleaved)",32,23,heartrate→gestureclass,"heartrate,gestureclass,heartrate,gestureclass,heartrate,gestureclass,heartrate,gestureclass,heartrate,gestureclass,heartrate,gestureclass,heartrate,gestureclass,heartrate,gestureclass,heartrate,gestureclass,heartrate,gestureclass,heartrate,gestureclass,heartrate,gestureclass,heartrate,gestureclass,heartrate,gestureclass,heartrate,gestureclass,heartrate,gestureclass",3.360379,31.321777,0.97880553125,0.869843125,27.83498,0.00037859375,450.01318359375
run4_diff_dec_same_len,"Different decoders, same seq_len (heartrate regression + gestureclass classification, interleaved)",32,24,heartrate→gestureclass,"heartrate,gestureclass,heartrate,gestureclass,heartrate,gestureclass,heartrate,gestureclass,heartrate,gestureclass,heartrate,gestureclass,heartrate,gestureclass,heartrate,gestureclass,heartrate,gestureclass,heartrate,gestureclass,heartrate,gestureclass,heartrate,gestureclass,heartrate,gestureclass,heartrate,gestureclass,heartrate,gestureclass,heartrate,gestureclass",3.457463,31.074803,0.97108759375,0.85925259375,27.496083,0.00037446875,450.01318359375
run4_diff_dec_same_len,"Different decoders, same seq_len (heartrate regression + gestureclass classification, interleaved)",32,25,heartrate→gestureclass,"heartrate,gestureclass,heartrate,gestureclass,heartrate,gestureclass,heartrate,gestureclass,heartrate,gestureclass,heartrate,gestureclass,heartrate,gestureclass,heartrate,gestureclass,heartrate,gestureclass,heartrate,gestureclass,heartrate,gestureclass,heartrate,gestureclass,heartrate,gestureclass,heartrate,gestureclass,heartrate,gestureclass,heartrate,gestureclass",3.398124,31.16537,0.9739178125,0.86386446875,27.643663,0.000379625,450.01318359375
run4_diff_dec_same_len,"Different decoders, same seq_len (heartrate regression + gestureclass classification, interleaved)",32,26,heartrate→gestureclass,"heartrate,gestureclass,heartrate,gestureclass,heartrate,gestureclass,heartrate,gestureclass,heartrate,gestureclass,heartrate,gestureclass,heartrate,gestureclass,heartrate,gestureclass,heartrate,gestureclass,heartrate,gestureclass,heartrate,gestureclass,heartrate,gestureclass,heartrate,gestureclass,heartrate,gestureclass,heartrate,gestureclass,heartrate,gestureclass",3.482666,31.07241,0.9710128125,0.85852478125,27.472793,0.00037228125,450.01318359375
run4_diff_dec_same_len,"Different decoders, same seq_len (heartrate regression + gestureclass classification, interleaved)",32,27,heartrate→gestureclass,"heartrate,gestureclass,heartrate,gestureclass,heartrate,gestureclass,heartrate,gestureclass,heartrate,gestureclass,heartrate,gestureclass,heartrate,gestureclass,heartrate,gestureclass,heartrate,gestureclass,heartrate,gestureclass,heartrate,gestureclass,heartrate,gestureclass,heartrate,gestureclass,heartrate,gestureclass,heartrate,gestureclass,heartrate,gestureclass",3.279341,30.961138,0.9675355625,0.86148515625,27.567525,0.00036740625,450.01318359375
run4_diff_dec_same_len,"Different decoders, same seq_len (heartrate regression + gestureclass classification, interleaved)",32,28,heartrate→gestureclass,"heartrate,gestureclass,heartrate,gestureclass,heartrate,gestureclass,heartrate,gestureclass,heartrate,gestureclass,heartrate,gestureclass,heartrate,gestureclass,heartrate,gestureclass,heartrate,gestureclass,heartrate,gestureclass,heartrate,gestureclass,heartrate,gestureclass,heartrate,gestureclass,heartrate,gestureclass,heartrate,gestureclass,heartrate,gestureclass",3.378873,31.182322,0.9744475625,0.86524321875,27.687783,0.00038203125,450.01318359375
run4_diff_dec_same_len,"Different decoders, same seq_len (heartrate regression + gestureclass classification, interleaved)",32,29,heartrate→gestureclass,"heartrate,gestureclass,heartrate,gestureclass,heartrate,gestureclass,heartrate,gestureclass,heartrate,gestureclass,heartrate,gestureclass,heartrate,gestureclass,heartrate,gestureclass,heartrate,gestureclass,heartrate,gestureclass,heartrate,gestureclass,heartrate,gestureclass,heartrate,gestureclass,heartrate,gestureclass,heartrate,gestureclass,heartrate,gestureclass",3.216744,30.90527,0.9657896875,0.8617224375,27.575118,0.00035440625,450.01318359375
run4_diff_dec_same_len,"Different decoders, same seq_len (heartrate regression + gestureclass classification, interleaved)",32,30,heartrate→gestureclass,"heartrate,gestureclass,heartrate,gestureclass,heartrate,gestureclass,heartrate,gestureclass,heartrate,gestureclass,heartrate,gestureclass,heartrate,gestureclass,heartrate,gestureclass,heartrate,gestureclass,heartrate,gestureclass,heartrate,gestureclass,heartrate,gestureclass,heartrate,gestureclass,heartrate,gestureclass,heartrate,gestureclass,heartrate,gestureclass",3.260892,31.459515,0.98310984375,0.87733309375,28.074659,0.0004275,450.01318359375
run4_diff_dec_same_len,"Different decoders, same seq_len (heartrate regression + gestureclass classification, interleaved)",32,31,heartrate→gestureclass,"heartrate,gestureclass,heartrate,gestureclass,heartrate,gestureclass,heartrate,gestureclass,heartrate,gestureclass,heartrate,gestureclass,heartrate,gestureclass,heartrate,gestureclass,heartrate,gestureclass,heartrate,gestureclass,heartrate,gestureclass,heartrate,gestureclass,heartrate,gestureclass,heartrate,gestureclass,heartrate,gestureclass,heartrate,gestureclass",3.59216,31.264931,0.97702909375,0.8608024375,27.545678,0.000392125,450.01318359375
run4_diff_dec_same_len,"Different decoders, same seq_len (heartrate regression + gestureclass classification, interleaved)",32,32,heartrate→gestureclass,"heartrate,gestureclass,heartrate,gestureclass,heartrate,gestureclass,heartrate,gestureclass,heartrate,gestureclass,heartrate,gestureclass,heartrate,gestureclass,heartrate,gestureclass,heartrate,gestureclass,heartrate,gestureclass,heartrate,gestureclass,heartrate,gestureclass,heartrate,gestureclass,heartrate,gestureclass,heartrate,gestureclass,heartrate,gestureclass",3.744794,31.458107,0.98306584375,0.86182821875,27.578503,0.00039396875,450.01318359375
run4_diff_dec_same_len,"Different decoders, same seq_len (heartrate regression + gestureclass classification, interleaved)",32,33,heartrate→gestureclass,"heartrate,gestureclass,heartrate,gestureclass,heartrate,gestureclass,heartrate,gestureclass,heartrate,gestureclass,heartrate,gestureclass,heartrate,gestureclass,heartrate,gestureclass,heartrate,gestureclass,heartrate,gestureclass,heartrate,gestureclass,heartrate,gestureclass,heartrate,gestureclass,heartrate,gestureclass,heartrate,gestureclass,heartrate,gestureclass",3.438608,30.909079,0.96590871875,0.8547614375,27.352366,0.0003708125,450.01318359375
run4_diff_dec_same_len,"Different decoders, same seq_len (heartrate regression + gestureclass classification, interleaved)",32,34,heartrate→gestureclass,"heartrate,gestureclass,heartrate,gestureclass,heartrate,gestureclass,heartrate,gestureclass,heartrate,gestureclass,heartrate,gestureclass,heartrate,gestureclass,heartrate,gestureclass,heartrate,gestureclass,heartrate,gestureclass,heartrate,gestureclass,heartrate,gestureclass,heartrate,gestureclass,heartrate,gestureclass,heartrate,gestureclass,heartrate,gestureclass",3.336988,31.214065,0.97543953125,0.8674341875,27.757894,0.000375375,450.01318359375
run4_diff_dec_same_len,"Different decoders, same seq_len (heartrate regression + gestureclass classification, interleaved)",32,35,heartrate→gestureclass,"heartrate,gestureclass,heartrate,gestureclass,heartrate,gestureclass,heartrate,gestureclass,heartrate,gestureclass,heartrate,gestureclass,heartrate,gestureclass,heartrate,gestureclass,heartrate,gestureclass,heartrate,gestureclass,heartrate,gestureclass,heartrate,gestureclass,heartrate,gestureclass,heartrate,gestureclass,heartrate,gestureclass,heartrate,gestureclass",3.303392,31.027063,0.96959571875,0.862696625,27.606292,0.00037940625,450.01318359375
run4_diff_dec_same_len,"Different decoders, same seq_len (heartrate regression + gestureclass classification, interleaved)",32,36,heartrate→gestureclass,"heartrate,gestureclass,heartrate,gestureclass,heartrate,gestureclass,heartrate,gestureclass,heartrate,gestureclass,heartrate,gestureclass,heartrate,gestureclass,heartrate,gestureclass,heartrate,gestureclass,heartrate,gestureclass,heartrate,gestureclass,heartrate,gestureclass,heartrate,gestureclass,heartrate,gestureclass,heartrate,gestureclass,heartrate,gestureclass",3.53295,31.072549,0.97101715625,0.85019559375,27.206259,0.0003835,450.01318359375
run4_diff_dec_same_len,"Different decoders, same seq_len (heartrate regression + gestureclass classification, interleaved)",32,37,heartrate→gestureclass,"heartrate,gestureclass,heartrate,gestureclass,heartrate,gestureclass,heartrate,gestureclass,heartrate,gestureclass,heartrate,gestureclass,heartrate,gestureclass,heartrate,gestureclass,heartrate,gestureclass,heartrate,gestureclass,heartrate,gestureclass,heartrate,gestureclass,heartrate,gestureclass,heartrate,gestureclass,heartrate,gestureclass,heartrate,gestureclass",3.426592,31.263762,0.9769925625,0.8662124375,27.718798,0.00037778125,450.01318359375
run4_diff_dec_same_len,"Different decoders, same seq_len (heartrate regression + gestureclass classification, interleaved)",32,38,heartrate→gestureclass,"heartrate,gestureclass,heartrate,gestureclass,heartrate,gestureclass,heartrate,gestureclass,heartrate,gestureclass,heartrate,gestureclass,heartrate,gestureclass,heartrate,gestureclass,heartrate,gestureclass,heartrate,gestureclass,heartrate,gestureclass,heartrate,gestureclass,heartrate,gestureclass,heartrate,gestureclass,heartrate,gestureclass,heartrate,gestureclass",3.387706,30.887226,0.9652258125,0.85570578125,27.382585,0.00037259375,450.01318359375
run4_diff_dec_same_len,"Different decoders, same seq_len (heartrate regression + gestureclass classification, interleaved)",32,39,heartrate→gestureclass,"heartrate,gestureclass,heartrate,gestureclass,heartrate,gestureclass,heartrate,gestureclass,heartrate,gestureclass,heartrate,gestureclass,heartrate,gestureclass,heartrate,gestureclass,heartrate,gestureclass,heartrate,gestureclass,heartrate,gestureclass,heartrate,gestureclass,heartrate,gestureclass,heartrate,gestureclass,heartrate,gestureclass,heartrate,gestureclass",3.298593,31.266055,0.97706421875,0.87031209375,27.849987,0.00038209375,450.01318359375
run4_diff_dec_same_len,"Different decoders, same seq_len (heartrate regression + gestureclass classification, interleaved)",32,40,heartrate→gestureclass,"heartrate,gestureclass,heartrate,gestureclass,heartrate,gestureclass,heartrate,gestureclass,heartrate,gestureclass,heartrate,gestureclass,heartrate,gestureclass,heartrate,gestureclass,heartrate,gestureclass,heartrate,gestureclass,heartrate,gestureclass,heartrate,gestureclass,heartrate,gestureclass,heartrate,gestureclass,heartrate,gestureclass,heartrate,gestureclass",3.31998,31.101348,0.971917125,0.86448375,27.66348,0.00038509375,450.01318359375
run4_diff_dec_same_len,"Different decoders, same seq_len (heartrate regression + gestureclass classification, interleaved)",32,41,heartrate→gestureclass,"heartrate,gestureclass,heartrate,gestureclass,heartrate,gestureclass,heartrate,gestureclass,heartrate,gestureclass,heartrate,gestureclass,heartrate,gestureclass,heartrate,gestureclass,heartrate,gestureclass,heartrate,gestureclass,heartrate,gestureclass,heartrate,gestureclass,heartrate,gestureclass,heartrate,gestureclass,heartrate,gestureclass,heartrate,gestureclass",3.656107,31.549622,0.9859256875,0.86766278125,27.765209,0.00041,450.01318359375
run4_diff_dec_same_len,"Different decoders, same seq_len (heartrate regression + gestureclass classification, interleaved)",32,42,heartrate→gestureclass,"heartrate,gestureclass,heartrate,gestureclass,heartrate,gestureclass,heartrate,gestureclass,heartrate,gestureclass,heartrate,gestureclass,heartrate,gestureclass,heartrate,gestureclass,heartrate,gestureclass,heartrate,gestureclass,heartrate,gestureclass,heartrate,gestureclass,heartrate,gestureclass,heartrate,gestureclass,heartrate,gestureclass,heartrate,gestureclass",3.626585,31.062233,0.97069478125,0.85307009375,27.298243,0.0003986875,450.01318359375
run4_diff_dec_same_len,"Different decoders, same seq_len (heartrate regression + gestureclass classification, interleaved)",32,43,heartrate→gestureclass,"heartrate,gestureclass,heartrate,gestureclass,heartrate,gestureclass,heartrate,gestureclass,heartrate,gestureclass,heartrate,gestureclass,heartrate,gestureclass,heartrate,gestureclass,heartrate,gestureclass,heartrate,gestureclass,heartrate,gestureclass,heartrate,gestureclass,heartrate,gestureclass,heartrate,gestureclass,heartrate,gestureclass,heartrate,gestureclass",3.488255,31.470555,0.98345484375,0.87038978125,27.852473,0.00040225,450.01318359375
run4_diff_dec_same_len,"Different decoders, same seq_len (heartrate regression + gestureclass classification, interleaved)",32,44,heartrate→gestureclass,"heartrate,gestureclass,heartrate,gestureclass,heartrate,gestureclass,heartrate,gestureclass,heartrate,gestureclass,heartrate,gestureclass,heartrate,gestureclass,heartrate,gestureclass,heartrate,gestureclass,heartrate,gestureclass,heartrate,gestureclass,heartrate,gestureclass,heartrate,gestureclass,heartrate,gestureclass,heartrate,gestureclass,heartrate,gestureclass",3.636422,31.13568,0.97299,0.8554305625,27.373778,0.00038421875,450.01318359375
run4_diff_dec_same_len,"Different decoders, same seq_len (heartrate regression + gestureclass classification, interleaved)",32,45,heartrate→gestureclass,"heartrate,gestureclass,heartrate,gestureclass,heartrate,gestureclass,heartrate,gestureclass,heartrate,gestureclass,heartrate,gestureclass,heartrate,gestureclass,heartrate,gestureclass,heartrate,gestureclass,heartrate,gestureclass,heartrate,gestureclass,heartrate,gestureclass,heartrate,gestureclass,heartrate,gestureclass,heartrate,gestureclass,heartrate,gestureclass",3.52404,31.169893,0.97405915625,0.860130875,27.524188,0.0003844375,450.01318359375
run4_diff_dec_same_len,"Different decoders, same seq_len (heartrate regression + gestureclass classification, interleaved)",32,46,heartrate→gestureclass,"heartrate,gestureclass,heartrate,gestureclass,heartrate,gestureclass,heartrate,gestureclass,heartrate,gestureclass,heartrate,gestureclass,heartrate,gestureclass,heartrate,gestureclass,heartrate,gestureclass,heartrate,gestureclass,heartrate,gestureclass,heartrate,gestureclass,heartrate,gestureclass,heartrate,gestureclass,heartrate,gestureclass,heartrate,gestureclass",3.423867,31.060051,0.97062659375,0.859633125,27.50826,0.00041609375,450.01318359375
run4_diff_dec_same_len,"Different decoders, same seq_len (heartrate regression + gestureclass classification, interleaved)",32,47,heartrate→gestureclass,"heartrate,gestureclass,heartrate,gestureclass,heartrate,gestureclass,heartrate,gestureclass,heartrate,gestureclass,heartrate,gestureclass,heartrate,gestureclass,heartrate,gestureclass,heartrate,gestureclass,heartrate,gestureclass,heartrate,gestureclass,heartrate,gestureclass,heartrate,gestureclass,heartrate,gestureclass,heartrate,gestureclass,heartrate,gestureclass",3.361338,30.865132,0.964535375,0.85085278125,27.227289,0.00039284375,450.01318359375
run4_diff_dec_same_len,"Different decoders, same seq_len (heartrate regression + gestureclass classification, interleaved)",32,48,heartrate→gestureclass,"heartrate,gestureclass,heartrate,gestureclass,heartrate,gestureclass,heartrate,gestureclass,heartrate,gestureclass,heartrate,gestureclass,heartrate,gestureclass,heartrate,gestureclass,heartrate,gestureclass,heartrate,gestureclass,heartrate,gestureclass,heartrate,gestureclass,heartrate,gestureclass,heartrate,gestureclass,heartrate,gestureclass,heartrate,gestureclass",3.291904,31.209944,0.97531075,0.8688123125,27.801994,0.00038428125,450.01318359375
run4_diff_dec_same_len,"Different decoders, same seq_len (heartrate regression + gestureclass classification, interleaved)",32,49,heartrate→gestureclass,"heartrate,gestureclass,heartrate,gestureclass,heartrate,gestureclass,heartrate,gestureclass,heartrate,gestureclass,heartrate,gestureclass,heartrate,gestureclass,heartrate,gestureclass,heartrate,gestureclass,heartrate,gestureclass,heartrate,gestureclass,heartrate,gestureclass,heartrate,gestureclass,heartrate,gestureclass,heartrate,gestureclass,heartrate,gestureclass",3.29715,30.876008,0.96487525,0.85818184375,27.461819,0.00036490625,450.01318359375
run5_diff_dec_diff_len,"Different decoders, mixed seq_len (heartrate@512 + gestureclass@256, interleaved)",1,0,heartrate→gestureclass_short,heartrate,3.26182,3.479783,3.479783,0.138836,0.138836,0.000668,444.20068359375
run5_diff_dec_diff_len,"Different decoders, mixed seq_len (heartrate@512 + gestureclass@256, interleaved)",1,1,heartrate→gestureclass_short,heartrate,3.274328,3.499924,3.499924,0.141735,0.141735,0.000688,444.20068359375
run5_diff_dec_diff_len,"Different decoders, mixed seq_len (heartrate@512 + gestureclass@256, interleaved)",1,2,heartrate→gestureclass_short,heartrate,3.2626,3.490126,3.490126,0.14318,0.14318,0.000736,444.20068359375
run5_diff_dec_diff_len,"Different decoders, mixed seq_len (heartrate@512 + gestureclass@256, interleaved)",1,3,heartrate→gestureclass_short,heartrate,3.459843,3.677865,3.677865,0.139048,0.139048,0.000655,444.20068359375
run5_diff_dec_diff_len,"Different decoders, mixed seq_len (heartrate@512 + gestureclass@256, interleaved)",1,4,heartrate→gestureclass_short,heartrate,3.292591,3.508163,3.508163,0.136503,0.136503,0.000739,444.20068359375
run5_diff_dec_diff_len,"Different decoders, mixed seq_len (heartrate@512 + gestureclass@256, interleaved)",1,5,heartrate→gestureclass_short,heartrate,3.254188,3.465782,3.465782,0.134201,0.134201,0.000667,444.20068359375
run5_diff_dec_diff_len,"Different decoders, mixed seq_len (heartrate@512 + gestureclass@256, interleaved)",1,6,heartrate→gestureclass_short,heartrate,3.305514,3.546319,3.546319,0.141136,0.141136,0.000742,444.20068359375
run5_diff_dec_diff_len,"Different decoders, mixed seq_len (heartrate@512 + gestureclass@256, interleaved)",1,7,heartrate→gestureclass_short,heartrate,3.240278,3.453177,3.453177,0.13597,0.13597,0.000709,444.20068359375
run5_diff_dec_diff_len,"Different decoders, mixed seq_len (heartrate@512 + gestureclass@256, interleaved)",1,8,heartrate→gestureclass_short,heartrate,3.225015,3.44579,3.44579,0.138158,0.138158,0.000729,444.20068359375
run5_diff_dec_diff_len,"Different decoders, mixed seq_len (heartrate@512 + gestureclass@256, interleaved)",1,9,heartrate→gestureclass_short,heartrate,3.231019,3.448667,3.448667,0.137699,0.137699,0.000742,444.20068359375
run5_diff_dec_diff_len,"Different decoders, mixed seq_len (heartrate@512 + gestureclass@256, interleaved)",1,10,heartrate→gestureclass_short,heartrate,3.243529,3.46291,3.46291,0.138602,0.138602,0.000708,444.20068359375
run5_diff_dec_diff_len,"Different decoders, mixed seq_len (heartrate@512 + gestureclass@256, interleaved)",1,11,heartrate→gestureclass_short,heartrate,3.272158,3.489042,3.489042,0.138205,0.138205,0.00074,444.20068359375
run5_diff_dec_diff_len,"Different decoders, mixed seq_len (heartrate@512 + gestureclass@256, interleaved)",1,12,heartrate→gestureclass_short,heartrate,3.301024,3.516867,3.516867,0.136522,0.136522,0.00068,444.20068359375
run5_diff_dec_diff_len,"Different decoders, mixed seq_len (heartrate@512 + gestureclass@256, interleaved)",1,13,heartrate→gestureclass_short,heartrate,3.203319,3.608033,3.608033,0.317561,0.317561,0.00074,444.20068359375
run5_diff_dec_diff_len,"Different decoders, mixed seq_len (heartrate@512 + gestureclass@256, interleaved)",1,14,heartrate→gestureclass_short,heartrate,3.27328,3.48583,3.48583,0.135531,0.135531,0.00073,444.20068359375
run5_diff_dec_diff_len,"Different decoders, mixed seq_len (heartrate@512 + gestureclass@256, interleaved)",1,15,heartrate→gestureclass_short,heartrate,3.408606,3.626354,3.626354,0.138814,0.138814,0.000699,444.20068359375
run5_diff_dec_diff_len,"Different decoders, mixed seq_len (heartrate@512 + gestureclass@256, interleaved)",1,16,heartrate→gestureclass_short,heartrate,3.280256,3.496958,3.496958,0.137759,0.137759,0.000652,444.20068359375
run5_diff_dec_diff_len,"Different decoders, mixed seq_len (heartrate@512 + gestureclass@256, interleaved)",1,17,heartrate→gestureclass_short,heartrate,3.286392,3.504411,3.504411,0.138957,0.138957,0.000747,444.20068359375
run5_diff_dec_diff_len,"Different decoders, mixed seq_len (heartrate@512 + gestureclass@256, interleaved)",1,18,heartrate→gestureclass_short,heartrate,3.264247,3.483585,3.483585,0.140597,0.140597,0.000661,444.20068359375
run5_diff_dec_diff_len,"Different decoders, mixed seq_len (heartrate@512 + gestureclass@256, interleaved)",1,19,heartrate→gestureclass_short,heartrate,3.282003,3.503247,3.503247,0.140526,0.140526,0.000682,444.20068359375
run5_diff_dec_diff_len,"Different decoders, mixed seq_len (heartrate@512 + gestureclass@256, interleaved)",1,20,heartrate→gestureclass_short,heartrate,3.296787,3.5227,3.5227,0.145583,0.145583,0.00067,444.20068359375
run5_diff_dec_diff_len,"Different decoders, mixed seq_len (heartrate@512 + gestureclass@256, interleaved)",1,21,heartrate→gestureclass_short,heartrate,3.293879,3.523317,3.523317,0.145026,0.145026,0.000718,444.20068359375
run5_diff_dec_diff_len,"Different decoders, mixed seq_len (heartrate@512 + gestureclass@256, interleaved)",1,22,heartrate→gestureclass_short,heartrate,3.282726,3.525648,3.525648,0.151826,0.151826,0.000718,444.20068359375
run5_diff_dec_diff_len,"Different decoders, mixed seq_len (heartrate@512 + gestureclass@256, interleaved)",1,23,heartrate→gestureclass_short,heartrate,3.396257,3.642562,3.642562,0.156243,0.156243,0.000699,444.20068359375
run5_diff_dec_diff_len,"Different decoders, mixed seq_len (heartrate@512 + gestureclass@256, interleaved)",1,24,heartrate→gestureclass_short,heartrate,3.286296,3.761166,3.761166,0.150381,0.150381,0.000794,444.20068359375
run5_diff_dec_diff_len,"Different decoders, mixed seq_len (heartrate@512 + gestureclass@256, interleaved)",1,25,heartrate→gestureclass_short,heartrate,3.30792,3.538163,3.538163,0.143571,0.143571,0.000697,444.20068359375
run5_diff_dec_diff_len,"Different decoders, mixed seq_len (heartrate@512 + gestureclass@256, interleaved)",1,26,heartrate→gestureclass_short,heartrate,3.276792,3.509245,3.509245,0.145913,0.145913,0.000684,444.20068359375
run5_diff_dec_diff_len,"Different decoders, mixed seq_len (heartrate@512 + gestureclass@256, interleaved)",1,27,heartrate→gestureclass_short,heartrate,3.266155,3.501818,3.501818,0.147433,0.147433,0.000721,444.20068359375
run5_diff_dec_diff_len,"Different decoders, mixed seq_len (heartrate@512 + gestureclass@256, interleaved)",1,28,heartrate→gestureclass_short,heartrate,3.322087,3.594048,3.594048,0.169254,0.169254,0.00104,444.20068359375
run5_diff_dec_diff_len,"Different decoders, mixed seq_len (heartrate@512 + gestureclass@256, interleaved)",1,29,heartrate→gestureclass_short,heartrate,3.461008,3.752178,3.752178,0.191135,0.191135,0.000884,444.20068359375
run5_diff_dec_diff_len,"Different decoders, mixed seq_len (heartrate@512 + gestureclass@256, interleaved)",1,30,heartrate→gestureclass_short,heartrate,3.389977,3.638959,3.638959,0.152537,0.152537,0.000665,444.20068359375
run5_diff_dec_diff_len,"Different decoders, mixed seq_len (heartrate@512 + gestureclass@256, interleaved)",1,31,heartrate→gestureclass_short,heartrate,3.321922,3.565534,3.565534,0.147518,0.147518,0.000705,444.20068359375
run5_diff_dec_diff_len,"Different decoders, mixed seq_len (heartrate@512 + gestureclass@256, interleaved)",1,32,heartrate→gestureclass_short,heartrate,3.420561,3.694603,3.694603,0.154901,0.154901,0.00075,444.20068359375
run5_diff_dec_diff_len,"Different decoders, mixed seq_len (heartrate@512 + gestureclass@256, interleaved)",1,33,heartrate→gestureclass_short,heartrate,3.273209,3.510745,3.510745,0.143869,0.143869,0.000725,444.20068359375
run5_diff_dec_diff_len,"Different decoders, mixed seq_len (heartrate@512 + gestureclass@256, interleaved)",1,34,heartrate→gestureclass_short,heartrate,3.303401,3.771959,3.771959,0.377602,0.377602,0.00073,444.20068359375
run5_diff_dec_diff_len,"Different decoders, mixed seq_len (heartrate@512 + gestureclass@256, interleaved)",1,35,heartrate→gestureclass_short,heartrate,3.269139,3.502585,3.502585,0.142307,0.142307,0.000682,444.20068359375
run5_diff_dec_diff_len,"Different decoders, mixed seq_len (heartrate@512 + gestureclass@256, interleaved)",1,36,heartrate→gestureclass_short,heartrate,3.265468,3.49349,3.49349,0.142394,0.142394,0.000705,444.20068359375
run5_diff_dec_diff_len,"Different decoders, mixed seq_len (heartrate@512 + gestureclass@256, interleaved)",1,37,heartrate→gestureclass_short,heartrate,3.274936,3.494643,3.494643,0.139225,0.139225,0.000708,444.20068359375
run5_diff_dec_diff_len,"Different decoders, mixed seq_len (heartrate@512 + gestureclass@256, interleaved)",1,38,heartrate→gestureclass_short,heartrate,3.27314,3.494963,3.494963,0.138972,0.138972,0.000703,444.20068359375
run5_diff_dec_diff_len,"Different decoders, mixed seq_len (heartrate@512 + gestureclass@256, interleaved)",1,39,heartrate→gestureclass_short,heartrate,3.321155,3.546149,3.546149,0.142707,0.142707,0.000686,444.20068359375
run5_diff_dec_diff_len,"Different decoders, mixed seq_len (heartrate@512 + gestureclass@256, interleaved)",1,40,heartrate→gestureclass_short,heartrate,3.295742,3.527722,3.527722,0.149057,0.149057,0.000704,444.20068359375
run5_diff_dec_diff_len,"Different decoders, mixed seq_len (heartrate@512 + gestureclass@256, interleaved)",1,41,heartrate→gestureclass_short,heartrate,3.436263,3.66351,3.66351,0.146101,0.146101,0.000684,444.20068359375
run5_diff_dec_diff_len,"Different decoders, mixed seq_len (heartrate@512 + gestureclass@256, interleaved)",1,42,heartrate→gestureclass_short,heartrate,3.338685,3.571276,3.571276,0.145466,0.145466,0.000671,444.20068359375
run5_diff_dec_diff_len,"Different decoders, mixed seq_len (heartrate@512 + gestureclass@256, interleaved)",1,43,heartrate→gestureclass_short,heartrate,3.274963,3.506253,3.506253,0.149135,0.149135,0.000658,444.20068359375
run5_diff_dec_diff_len,"Different decoders, mixed seq_len (heartrate@512 + gestureclass@256, interleaved)",1,44,heartrate→gestureclass_short,heartrate,3.281186,3.514233,3.514233,0.145789,0.145789,0.000653,444.20068359375
run5_diff_dec_diff_len,"Different decoders, mixed seq_len (heartrate@512 + gestureclass@256, interleaved)",1,45,heartrate→gestureclass_short,heartrate,3.270155,3.673354,3.673354,0.147144,0.147144,0.000733,444.20068359375
run5_diff_dec_diff_len,"Different decoders, mixed seq_len (heartrate@512 + gestureclass@256, interleaved)",1,46,heartrate→gestureclass_short,heartrate,3.370757,3.598443,3.598443,0.144884,0.144884,0.000716,444.20068359375
run5_diff_dec_diff_len,"Different decoders, mixed seq_len (heartrate@512 + gestureclass@256, interleaved)",1,47,heartrate→gestureclass_short,heartrate,3.322604,3.540505,3.540505,0.137869,0.137869,0.000716,444.20068359375
run5_diff_dec_diff_len,"Different decoders, mixed seq_len (heartrate@512 + gestureclass@256, interleaved)",1,48,heartrate→gestureclass_short,heartrate,3.275744,3.495513,3.495513,0.137856,0.137856,0.000727,444.20068359375
run5_diff_dec_diff_len,"Different decoders, mixed seq_len (heartrate@512 + gestureclass@256, interleaved)",1,49,heartrate→gestureclass_short,heartrate,3.256677,3.474624,3.474624,0.139327,0.139327,0.00074,444.20068359375
run5_diff_dec_diff_len,"Different decoders, mixed seq_len (heartrate@512 + gestureclass@256, interleaved)",2,0,heartrate→gestureclass_short,"heartrate,gestureclass",3.412501,4.16745,2.083725,0.333663,0.667326,0.0006635,444.38818359375
run5_diff_dec_diff_len,"Different decoders, mixed seq_len (heartrate@512 + gestureclass@256, interleaved)",2,1,heartrate→gestureclass_short,"heartrate,gestureclass",3.446612,4.137078,2.068539,0.2032795,0.406559,0.0007135,444.38818359375
run5_diff_dec_diff_len,"Different decoders, mixed seq_len (heartrate@512 + gestureclass@256, interleaved)",2,2,heartrate→gestureclass_short,"heartrate,gestureclass",3.430663,4.152402,2.076201,0.32039,0.64078,0.000635,444.38818359375
run5_diff_dec_diff_len,"Different decoders, mixed seq_len (heartrate@512 + gestureclass@256, interleaved)",2,3,heartrate→gestureclass_short,"heartrate,gestureclass",3.467069,4.164547,2.0822735,0.298702,0.597404,0.000826,444.38818359375
run5_diff_dec_diff_len,"Different decoders, mixed seq_len (heartrate@512 + gestureclass@256, interleaved)",2,4,heartrate→gestureclass_short,"heartrate,gestureclass",3.496532,4.196158,2.098079,0.301219,0.602438,0.0006985,444.38818359375
run5_diff_dec_diff_len,"Different decoders, mixed seq_len (heartrate@512 + gestureclass@256, interleaved)",2,5,heartrate→gestureclass_short,"heartrate,gestureclass",3.479269,4.181555,2.0907775,0.305107,0.610214,0.0006035,444.38818359375
run5_diff_dec_diff_len,"Different decoders, mixed seq_len (heartrate@512 + gestureclass@256, interleaved)",2,6,heartrate→gestureclass_short,"heartrate,gestureclass",3.479224,4.200151,2.1000755,0.315134,0.630268,0.000635,444.38818359375
run5_diff_dec_diff_len,"Different decoders, mixed seq_len (heartrate@512 + gestureclass@256, interleaved)",2,7,heartrate→gestureclass_short,"heartrate,gestureclass",3.35989,4.114762,2.057381,0.3331765,0.666353,0.0006345,444.38818359375
run5_diff_dec_diff_len,"Different decoders, mixed seq_len (heartrate@512 + gestureclass@256, interleaved)",2,8,heartrate→gestureclass_short,"heartrate,gestureclass",3.344973,4.10594,2.05297,0.2329345,0.465869,0.000708,444.38818359375
run5_diff_dec_diff_len,"Different decoders, mixed seq_len (heartrate@512 + gestureclass@256, interleaved)",2,9,heartrate→gestureclass_short,"heartrate,gestureclass",3.341737,4.100433,2.0502165,0.335337,0.670674,0.000606,444.38818359375
run5_diff_dec_diff_len,"Different decoders, mixed seq_len (heartrate@512 + gestureclass@256, interleaved)",2,10,heartrate→gestureclass_short,"heartrate,gestureclass",3.35255,4.108214,2.054107,0.3356625,0.671325,0.000646,444.38818359375
run5_diff_dec_diff_len,"Different decoders, mixed seq_len (heartrate@512 + gestureclass@256, interleaved)",2,11,heartrate→gestureclass_short,"heartrate,gestureclass",3.362857,4.132351,2.0661755,0.343751,0.687502,0.0006425,444.38818359375
run5_diff_dec_diff_len,"Different decoders, mixed seq_len (heartrate@512 + gestureclass@256, interleaved)",2,12,heartrate→gestureclass_short,"heartrate,gestureclass",3.356815,4.101879,2.0509395,0.330544,0.661088,0.000665,444.38818359375
run5_diff_dec_diff_len,"Different decoders, mixed seq_len (heartrate@512 + gestureclass@256, interleaved)",2,13,heartrate→gestureclass_short,"heartrate,gestureclass",3.362563,4.122206,2.061103,0.3364765,0.672953,0.0006355,444.38818359375
run5_diff_dec_diff_len,"Different decoders, mixed seq_len (heartrate@512 + gestureclass@256, interleaved)",2,14,heartrate→gestureclass_short,"heartrate,gestureclass",3.343111,4.116743,2.0583715,0.343527,0.687054,0.000659,444.38818359375
run5_diff_dec_diff_len,"Different decoders, mixed seq_len (heartrate@512 + gestureclass@256, interleaved)",2,15,heartrate→gestureclass_short,"heartrate,gestureclass",3.35282,4.107939,2.0539695,0.216821,0.433642,0.0007005,444.38818359375
run5_diff_dec_diff_len,"Different decoders, mixed seq_len (heartrate@512 + gestureclass@256, interleaved)",2,16,heartrate→gestureclass_short,"heartrate,gestureclass",3.366641,4.119164,2.059582,0.3348165,0.669633,0.000597,444.38818359375
run5_diff_dec_diff_len,"Different decoders, mixed seq_len (heartrate@512 + gestureclass@256, interleaved)",2,17,heartrate→gestureclass_short,"heartrate,gestureclass",3.351969,4.110421,2.0552105,0.337683,0.675366,0.0005925,444.38818359375
run5_diff_dec_diff_len,"Different decoders, mixed seq_len (heartrate@512 + gestureclass@256, interleaved)",2,18,heartrate→gestureclass_short,"heartrate,gestureclass",3.346894,4.093971,2.0469855,0.33208,0.66416,0.0006695,444.38818359375
run5_diff_dec_diff_len,"Different decoders, mixed seq_len (heartrate@512 + gestureclass@256, interleaved)",2,19,heartrate→gestureclass_short,"heartrate,gestureclass",3.342338,4.110772,2.055386,0.3420235,0.684047,0.000639,444.38818359375
run5_diff_dec_diff_len,"Different decoders, mixed seq_len (heartrate@512 + gestureclass@256, interleaved)",2,20,heartrate→gestureclass_short,"heartrate,gestureclass",3.370121,4.114433,2.0572165,0.3294925,0.658985,0.000601,444.38818359375
run5_diff_dec_diff_len,"Different decoders, mixed seq_len (heartrate@512 + gestureclass@256, interleaved)",2,21,heartrate→gestureclass_short,"heartrate,gestureclass",3.339111,4.101895,2.0509475,0.3403485,0.680697,0.0005855,444.38818359375
run5_diff_dec_diff_len,"Different decoders, mixed seq_len (heartrate@512 + gestureclass@256, interleaved)",2,22,heartrate→gestureclass_short,"heartrate,gestureclass",3.296332,4.1104,2.0552,0.3630195,0.726039,0.000667,444.38818359375
run5_diff_dec_diff_len,"Different decoders, mixed seq_len (heartrate@512 + gestureclass@256, interleaved)",2,23,heartrate→gestureclass_short,"heartrate,gestureclass",3.291114,4.088517,2.0442585,0.359344,0.718688,0.0006195,444.38818359375
run5_diff_dec_diff_len,"Different decoders, mixed seq_len (heartrate@512 + gestureclass@256, interleaved)",2,24,heartrate→gestureclass_short,"heartrate,gestureclass",3.269976,4.090256,2.045128,0.3701745,0.740349,0.0006205,444.38818359375
run5_diff_dec_diff_len,"Different decoders, mixed seq_len (heartrate@512 + gestureclass@256, interleaved)",2,25,heartrate→gestureclass_short,"heartrate,gestureclass",3.27143,4.075832,2.037916,0.3624765,0.724953,0.0006495,444.38818359375
run5_diff_dec_diff_len,"Different decoders, mixed seq_len (heartrate@512 + gestureclass@256, interleaved)",2,26,heartrate→gestureclass_short,"heartrate,gestureclass",3.305326,4.088292,2.044146,0.34996,0.69992,0.000665,444.38818359375
run5_diff_dec_diff_len,"Different decoders, mixed seq_len (heartrate@512 + gestureclass@256, interleaved)",2,27,heartrate→gestureclass_short,"heartrate,gestureclass",3.30953,4.089815,2.0449075,0.35038,0.70076,0.000589,444.38818359375
run5_diff_dec_diff_len,"Different decoders, mixed seq_len (heartrate@512 + gestureclass@256, interleaved)",2,28,heartrate→gestureclass_short,"heartrate,gestureclass",3.313084,4.098245,2.0491225,0.3522835,0.704567,0.0005565,444.38818359375
run5_diff_dec_diff_len,"Different decoders, mixed seq_len (heartrate@512 + gestureclass@256, interleaved)",2,29,heartrate→gestureclass_short,"heartrate,gestureclass",3.314069,4.104706,2.052353,0.3537275,0.707455,0.0006575,444.38818359375
run5_diff_dec_diff_len,"Different decoders, mixed seq_len (heartrate@512 + gestureclass@256, interleaved)",2,30,heartrate→gestureclass_short,"heartrate,gestureclass",3.307262,4.093751,2.0468755,0.3532915,0.706583,0.000634,444.38818359375
run5_diff_dec_diff_len,"Different decoders, mixed seq_len (heartrate@512 + gestureclass@256, interleaved)",2,31,heartrate→gestureclass_short,"heartrate,gestureclass",3.306096,4.093653,2.0468265,0.3547725,0.709545,0.0005875,444.38818359375
run5_diff_dec_diff_len,"Different decoders, mixed seq_len (heartrate@512 + gestureclass@256, interleaved)",2,32,heartrate→gestureclass_short,"heartrate,gestureclass",3.289973,4.089731,2.0448655,0.358447,0.716894,0.000592,444.38818359375
run5_diff_dec_diff_len,"Different decoders, mixed seq_len (heartrate@512 + gestureclass@256, interleaved)",2,33,heartrate→gestureclass_short,"heartrate,gestureclass",3.349714,4.11499,2.057495,0.342251,0.684502,0.0006415,444.38818359375
run5_diff_dec_diff_len,"Different decoders, mixed seq_len (heartrate@512 + gestureclass@256, interleaved)",2,34,heartrate→gestureclass_short,"heartrate,gestureclass",3.303184,4.088642,2.044321,0.35179,0.70358,0.0006105,444.38818359375
run5_diff_dec_diff_len,"Different decoders, mixed seq_len (heartrate@512 + gestureclass@256, interleaved)",2,35,heartrate→gestureclass_short,"heartrate,gestureclass",3.299969,4.085666,2.042833,0.3528185,0.705637,0.0006335,444.38818359375
run5_diff_dec_diff_len,"Different decoders, mixed seq_len (heartrate@512 + gestureclass@256, interleaved)",2,36,heartrate→gestureclass_short,"heartrate,gestureclass",3.29322,4.100487,2.0502435,0.361661,0.723322,0.0006745,444.38818359375
run5_diff_dec_diff_len,"Different decoders, mixed seq_len (heartrate@512 + gestureclass@256, interleaved)",2,37,heartrate→gestureclass_short,"heartrate,gestureclass",3.297617,4.105968,2.052984,0.364511,0.729022,0.000655,444.38818359375
run5_diff_dec_diff_len,"Different decoders, mixed seq_len (heartrate@512 + gestureclass@256, interleaved)",2,38,heartrate→gestureclass_short,"heartrate,gestureclass",3.317478,4.105326,2.052663,0.3526865,0.705373,0.000663,444.38818359375
run5_diff_dec_diff_len,"Different decoders, mixed seq_len (heartrate@512 + gestureclass@256, interleaved)",2,39,heartrate→gestureclass_short,"heartrate,gestureclass",3.272903,4.083445,2.0417225,0.365891,0.731782,0.0006375,444.38818359375
run5_diff_dec_diff_len,"Different decoders, mixed seq_len (heartrate@512 + gestureclass@256, interleaved)",2,40,heartrate→gestureclass_short,"heartrate,gestureclass",3.285102,4.092747,2.0463735,0.3645515,0.729103,0.000616,444.38818359375
run5_diff_dec_diff_len,"Different decoders, mixed seq_len (heartrate@512 + gestureclass@256, interleaved)",2,41,heartrate→gestureclass_short,"heartrate,gestureclass",3.29601,4.083558,2.041779,0.354137,0.708274,0.000621,444.38818359375
run5_diff_dec_diff_len,"Different decoders, mixed seq_len (heartrate@512 + gestureclass@256, interleaved)",2,42,heartrate→gestureclass_short,"heartrate,gestureclass",3.296407,4.088539,2.0442695,0.356353,0.712706,0.000629,444.38818359375
run5_diff_dec_diff_len,"Different decoders, mixed seq_len (heartrate@512 + gestureclass@256, interleaved)",2,43,heartrate→gestureclass_short,"heartrate,gestureclass",3.307251,4.115438,2.057719,0.3611865,0.722373,0.0006955,444.38818359375
run5_diff_dec_diff_len,"Different decoders, mixed seq_len (heartrate@512 + gestureclass@256, interleaved)",2,44,heartrate→gestureclass_short,"heartrate,gestureclass",3.303464,4.095758,2.047879,0.3543935,0.708787,0.0006015,444.38818359375
run5_diff_dec_diff_len,"Different decoders, mixed seq_len (heartrate@512 + gestureclass@256, interleaved)",2,45,heartrate→gestureclass_short,"heartrate,gestureclass",3.280991,4.104328,2.052164,0.372308,0.744616,0.0005805,444.38818359375
run5_diff_dec_diff_len,"Different decoders, mixed seq_len (heartrate@512 + gestureclass@256, interleaved)",2,46,heartrate→gestureclass_short,"heartrate,gestureclass",3.374477,4.130366,2.065183,0.3361705,0.672341,0.0006615,444.38818359375
run5_diff_dec_diff_len,"Different decoders, mixed seq_len (heartrate@512 + gestureclass@256, interleaved)",2,47,heartrate→gestureclass_short,"heartrate,gestureclass",3.368538,4.106038,2.053019,0.327724,0.655448,0.00065,444.38818359375
run5_diff_dec_diff_len,"Different decoders, mixed seq_len (heartrate@512 + gestureclass@256, interleaved)",2,48,heartrate→gestureclass_short,"heartrate,gestureclass",3.345574,4.100604,2.050302,0.3365365,0.673073,0.0005795,444.38818359375
run5_diff_dec_diff_len,"Different decoders, mixed seq_len (heartrate@512 + gestureclass@256, interleaved)",2,49,heartrate→gestureclass_short,"heartrate,gestureclass",3.423505,4.150537,2.0752685,0.321644,0.643288,0.000644,444.38818359375
run5_diff_dec_diff_len,"Different decoders, mixed seq_len (heartrate@512 + gestureclass@256, interleaved)",4,0,heartrate→gestureclass_short,"heartrate,gestureclass,heartrate,gestureclass",3.29408,5.754031,1.43850775,0.5942225,2.37689,0.00054625,444.76318359375
run5_diff_dec_diff_len,"Different decoders, mixed seq_len (heartrate@512 + gestureclass@256, interleaved)",4,1,heartrate→gestureclass_short,"heartrate,gestureclass,heartrate,gestureclass",3.368786,5.772985,1.44324625,0.57997325,2.319893,0.000536,444.76318359375
run5_diff_dec_diff_len,"Different decoders, mixed seq_len (heartrate@512 + gestureclass@256, interleaved)",4,2,heartrate→gestureclass_short,"heartrate,gestureclass,heartrate,gestureclass",3.31819,5.774232,1.443558,0.59306225,2.372249,0.000504,444.76318359375
run5_diff_dec_diff_len,"Different decoders, mixed seq_len (heartrate@512 + gestureclass@256, interleaved)",4,3,heartrate→gestureclass_short,"heartrate,gestureclass,heartrate,gestureclass",3.332252,5.76743,1.4418575,0.5857195,2.342878,0.00060075,444.76318359375
run5_diff_dec_diff_len,"Different decoders, mixed seq_len (heartrate@512 + gestureclass@256, interleaved)",4,4,heartrate→gestureclass_short,"heartrate,gestureclass,heartrate,gestureclass",3.3025,5.761346,1.4403365,0.5943385,2.377354,0.0005435,444.76318359375
run5_diff_dec_diff_len,"Different decoders, mixed seq_len (heartrate@512 + gestureclass@256, interleaved)",4,5,heartrate→gestureclass_short,"heartrate,gestureclass,heartrate,gestureclass",3.324905,5.758546,1.4396365,0.58796875,2.351875,0.00056525,444.76318359375
run5_diff_dec_diff_len,"Different decoders, mixed seq_len (heartrate@512 + gestureclass@256, interleaved)",4,6,heartrate→gestureclass_short,"heartrate,gestureclass,heartrate,gestureclass",3.319231,5.761958,1.4404895,0.5902365,2.360946,0.0005655,444.76318359375
run5_diff_dec_diff_len,"Different decoders, mixed seq_len (heartrate@512 + gestureclass@256, interleaved)",4,7,heartrate→gestureclass_short,"heartrate,gestureclass,heartrate,gestureclass",3.404176,5.982875,1.49571875,0.6238285,2.495314,0.000596,444.76318359375
run5_diff_dec_diff_len,"Different decoders, mixed seq_len (heartrate@512 + gestureclass@256, interleaved)",4,8,heartrate→gestureclass_short,"heartrate,gestureclass,heartrate,gestureclass",3.310427,5.76316,1.44079,0.59254775,2.370191,0.00053625,444.76318359375
run5_diff_dec_diff_len,"Different decoders, mixed seq_len (heartrate@512 + gestureclass@256, interleaved)",4,9,heartrate→gestureclass_short,"heartrate,gestureclass,heartrate,gestureclass",3.347241,5.765472,1.441368,0.58371375,2.334855,0.00052675,444.76318359375
run5_diff_dec_diff_len,"Different decoders, mixed seq_len (heartrate@512 + gestureclass@256, interleaved)",4,10,heartrate→gestureclass_short,"heartrate,gestureclass,heartrate,gestureclass",3.343017,5.757687,1.43942175,0.582922,2.331688,0.00053625,444.76318359375
run5_diff_dec_diff_len,"Different decoders, mixed seq_len (heartrate@512 + gestureclass@256, interleaved)",4,11,heartrate→gestureclass_short,"heartrate,gestureclass,heartrate,gestureclass",3.31895,5.959355,1.48983875,0.63921925,2.556877,0.00055475,444.76318359375
run5_diff_dec_diff_len,"Different decoders, mixed seq_len (heartrate@512 + gestureclass@256, interleaved)",4,12,heartrate→gestureclass_short,"heartrate,gestureclass,heartrate,gestureclass",3.305975,5.791395,1.44784875,0.60096875,2.403875,0.00050925,444.76318359375
run5_diff_dec_diff_len,"Different decoders, mixed seq_len (heartrate@512 + gestureclass@256, interleaved)",4,13,heartrate→gestureclass_short,"heartrate,gestureclass,heartrate,gestureclass",3.330648,5.765376,1.441344,0.588085,2.35234,0.00052075,444.76318359375
run5_diff_dec_diff_len,"Different decoders, mixed seq_len (heartrate@512 + gestureclass@256, interleaved)",4,14,heartrate→gestureclass_short,"heartrate,gestureclass,heartrate,gestureclass",3.315043,5.761102,1.4402755,0.59088975,2.363559,0.00054675,444.76318359375
run5_diff_dec_diff_len,"Different decoders, mixed seq_len (heartrate@512 + gestureclass@256, interleaved)",4,15,heartrate→gestureclass_short,"heartrate,gestureclass,heartrate,gestureclass",3.38916,6.038051,1.50951275,0.638607,2.554428,0.000743,444.76318359375
run5_diff_dec_diff_len,"Different decoders, mixed seq_len (heartrate@512 + gestureclass@256, interleaved)",4,16,heartrate→gestureclass_short,"heartrate,gestureclass,heartrate,gestureclass",3.605149,5.949302,1.4873255,0.56269575,2.250783,0.000561,444.76318359375
run5_diff_dec_diff_len,"Different decoders, mixed seq_len (heartrate@512 + gestureclass@256, interleaved)",4,17,heartrate→gestureclass_short,"heartrate,gestureclass,heartrate,gestureclass",3.434975,5.811165,1.45279125,0.5721775,2.28871,0.000569,444.76318359375
run5_diff_dec_diff_len,"Different decoders, mixed seq_len (heartrate@512 + gestureclass@256, interleaved)",4,18,heartrate→gestureclass_short,"heartrate,gestureclass,heartrate,gestureclass",3.415972,5.817103,1.45427575,0.577228,2.308912,0.00058675,444.76318359375
run5_diff_dec_diff_len,"Different decoders, mixed seq_len (heartrate@512 + gestureclass@256, interleaved)",4,19,heartrate→gestureclass_short,"heartrate,gestureclass,heartrate,gestureclass",3.390948,5.803423,1.45085575,0.580558,2.322232,0.00057325,444.76318359375
run5_diff_dec_diff_len,"Different decoders, mixed seq_len (heartrate@512 + gestureclass@256, interleaved)",4,20,heartrate→gestureclass_short,"heartrate,gestureclass,heartrate,gestureclass",3.404743,5.806827,1.45170675,0.57715725,2.308629,0.000667,444.76318359375
run5_diff_dec_diff_len,"Different decoders, mixed seq_len (heartrate@512 + gestureclass@256, interleaved)",4,21,heartrate→gestureclass_short,"heartrate,gestureclass,heartrate,gestureclass",3.398496,5.799816,1.449954,0.578542,2.314168,0.000569,444.76318359375
run5_diff_dec_diff_len,"Different decoders, mixed seq_len (heartrate@512 + gestureclass@256, interleaved)",4,22,heartrate→gestureclass_short,"heartrate,gestureclass,heartrate,gestureclass",3.387497,5.803475,1.45086875,0.58169175,2.326767,0.000582,444.76318359375
run5_diff_dec_diff_len,"Different decoders, mixed seq_len (heartrate@512 + gestureclass@256, interleaved)",4,23,heartrate→gestureclass_short,"heartrate,gestureclass,heartrate,gestureclass",3.458225,5.89312,1.47328,0.585616,2.342464,0.00061425,444.76318359375
run5_diff_dec_diff_len,"Different decoders, mixed seq_len (heartrate@512 + gestureclass@256, interleaved)",4,24,heartrate→gestureclass_short,"heartrate,gestureclass,heartrate,gestureclass",3.440926,6.023518,1.5058795,0.6224655,2.489862,0.0006105,444.76318359375
run5_diff_dec_diff_len,"Different decoders, mixed seq_len (heartrate@512 + gestureclass@256, interleaved)",4,25,heartrate→gestureclass_short,"heartrate,gestureclass,heartrate,gestureclass",3.380743,5.784552,1.446138,0.57892425,2.315697,0.00058675,444.76318359375
run5_diff_dec_diff_len,"Different decoders, mixed seq_len (heartrate@512 + gestureclass@256, interleaved)",4,26,heartrate→gestureclass_short,"heartrate,gestureclass,heartrate,gestureclass",3.38215,5.801746,1.4504365,0.58402025,2.336081,0.00059675,444.76318359375
run5_diff_dec_diff_len,"Different decoders, mixed seq_len (heartrate@512 + gestureclass@256, interleaved)",4,27,heartrate→gestureclass_short,"heartrate,gestureclass,heartrate,gestureclass",3.384987,5.790973,1.44774325,0.58017725,2.320709,0.000556,444.76318359375
run5_diff_dec_diff_len,"Different decoders, mixed seq_len (heartrate@512 + gestureclass@256, interleaved)",4,28,heartrate→gestureclass_short,"heartrate,gestureclass,heartrate,gestureclass",3.385648,5.995676,1.498919,0.62984425,2.519377,0.00059525,444.76318359375
run5_diff_dec_diff_len,"Different decoders, mixed seq_len (heartrate@512 + gestureclass@256, interleaved)",4,29,heartrate→gestureclass_short,"heartrate,gestureclass,heartrate,gestureclass",3.381501,5.788342,1.4470855,0.57944775,2.317791,0.0005445,444.76318359375
run5_diff_dec_diff_len,"Different decoders, mixed seq_len (heartrate@512 + gestureclass@256, interleaved)",4,30,heartrate→gestureclass_short,"heartrate,gestureclass,heartrate,gestureclass",3.391284,5.787397,1.44684925,0.577171,2.308684,0.0005495,444.76318359375
run5_diff_dec_diff_len,"Different decoders, mixed seq_len (heartrate@512 + gestureclass@256, interleaved)",4,31,heartrate→gestureclass_short,"heartrate,gestureclass,heartrate,gestureclass",3.383809,5.781554,1.4453885,0.57660275,2.306411,0.00056875,444.76318359375
run5_diff_dec_diff_len,"Different decoders, mixed seq_len (heartrate@512 + gestureclass@256, interleaved)",4,32,heartrate→gestureclass_short,"heartrate,gestureclass,heartrate,gestureclass",3.420255,5.855261,1.46381525,0.58152625,2.326105,0.0007165,444.76318359375
run5_diff_dec_diff_len,"Different decoders, mixed seq_len (heartrate@512 + gestureclass@256, interleaved)",4,33,heartrate→gestureclass_short,"heartrate,gestureclass,heartrate,gestureclass",3.792316,6.218307,1.55457675,0.58090075,2.323603,0.00061675,444.76318359375
run5_diff_dec_diff_len,"Different decoders, mixed seq_len (heartrate@512 + gestureclass@256, interleaved)",4,34,heartrate→gestureclass_short,"heartrate,gestureclass,heartrate,gestureclass",3.448981,5.844145,1.46103625,0.574921,2.299684,0.00058775,444.76318359375
run5_diff_dec_diff_len,"Different decoders, mixed seq_len (heartrate@512 + gestureclass@256, interleaved)",4,35,heartrate→gestureclass_short,"heartrate,gestureclass,heartrate,gestureclass",3.459081,5.866368,1.466592,0.5766115,2.306446,0.000591,444.76318359375
run5_diff_dec_diff_len,"Different decoders, mixed seq_len (heartrate@512 + gestureclass@256, interleaved)",4,36,heartrate→gestureclass_short,"heartrate,gestureclass,heartrate,gestureclass",3.435604,5.849308,1.462327,0.57745575,2.309823,0.00055625,444.76318359375
run5_diff_dec_diff_len,"Different decoders, mixed seq_len (heartrate@512 + gestureclass@256, interleaved)",4,37,heartrate→gestureclass_short,"heartrate,gestureclass,heartrate,gestureclass",3.416082,5.820416,1.455104,0.5757065,2.302826,0.00060425,444.76318359375
run5_diff_dec_diff_len,"Different decoders, mixed seq_len (heartrate@512 + gestureclass@256, interleaved)",4,38,heartrate→gestureclass_short,"heartrate,gestureclass,heartrate,gestureclass",3.411626,5.818021,1.45450525,0.578429,2.313716,0.0005455,444.76318359375
run5_diff_dec_diff_len,"Different decoders, mixed seq_len (heartrate@512 + gestureclass@256, interleaved)",4,39,heartrate→gestureclass_short,"heartrate,gestureclass,heartrate,gestureclass",3.504475,5.884228,1.471057,0.57158975,2.286359,0.0005555,444.76318359375
run5_diff_dec_diff_len,"Different decoders, mixed seq_len (heartrate@512 + gestureclass@256, interleaved)",4,40,heartrate→gestureclass_short,"heartrate,gestureclass,heartrate,gestureclass",3.454034,5.868611,1.46715275,0.57934525,2.317381,0.0005305,444.76318359375
run5_diff_dec_diff_len,"Different decoders, mixed seq_len (heartrate@512 + gestureclass@256, interleaved)",4,41,heartrate→gestureclass_short,"heartrate,gestureclass,heartrate,gestureclass",3.409358,6.027269,1.50681725,0.630773,2.523092,0.000596,444.76318359375
run5_diff_dec_diff_len,"Different decoders, mixed seq_len (heartrate@512 + gestureclass@256, interleaved)",4,42,heartrate→gestureclass_short,"heartrate,gestureclass,heartrate,gestureclass",3.386175,5.80438,1.451095,0.580297,2.321188,0.000579,444.76318359375
run5_diff_dec_diff_len,"Different decoders, mixed seq_len (heartrate@512 + gestureclass@256, interleaved)",4,43,heartrate→gestureclass_short,"heartrate,gestureclass,heartrate,gestureclass",3.481381,5.883476,1.470869,0.57459675,2.298387,0.00059475,444.76318359375
run5_diff_dec_diff_len,"Different decoders, mixed seq_len (heartrate@512 + gestureclass@256, interleaved)",4,44,heartrate→gestureclass_short,"heartrate,gestureclass,heartrate,gestureclass",3.461403,5.852409,1.46310225,0.5725965,2.290386,0.00060025,444.76318359375
run5_diff_dec_diff_len,"Different decoders, mixed seq_len (heartrate@512 + gestureclass@256, interleaved)",4,45,heartrate→gestureclass_short,"heartrate,gestureclass,heartrate,gestureclass",3.422025,6.068402,1.5171005,0.63597325,2.543893,0.0006345,444.76318359375
run5_diff_dec_diff_len,"Different decoders, mixed seq_len (heartrate@512 + gestureclass@256, interleaved)",4,46,heartrate→gestureclass_short,"heartrate,gestureclass,heartrate,gestureclass",3.397459,5.819503,1.45487575,0.58158,2.32632,0.00058275,444.76318359375
run5_diff_dec_diff_len,"Different decoders, mixed seq_len (heartrate@512 + gestureclass@256, interleaved)",4,47,heartrate→gestureclass_short,"heartrate,gestureclass,heartrate,gestureclass",3.406495,5.817794,1.4544485,0.578916,2.315664,0.00055725,444.76318359375
run5_diff_dec_diff_len,"Different decoders, mixed seq_len (heartrate@512 + gestureclass@256, interleaved)",4,48,heartrate→gestureclass_short,"heartrate,gestureclass,heartrate,gestureclass",3.399586,5.805419,1.45135475,0.578061,2.312244,0.00055475,444.76318359375
run5_diff_dec_diff_len,"Different decoders, mixed seq_len (heartrate@512 + gestureclass@256, interleaved)",4,49,heartrate→gestureclass_short,"heartrate,gestureclass,heartrate,gestureclass",3.368583,5.805502,1.4513755,0.584909,2.339636,0.000565,444.76318359375
run5_diff_dec_diff_len,"Different decoders, mixed seq_len (heartrate@512 + gestureclass@256, interleaved)",8,0,heartrate→gestureclass_short,"heartrate,gestureclass,heartrate,gestureclass,heartrate,gestureclass,heartrate,gestureclass",3.334136,9.226406,1.15330075,0.725310375,5.802483,0.000491375,445.51318359375
run5_diff_dec_diff_len,"Different decoders, mixed seq_len (heartrate@512 + gestureclass@256, interleaved)",8,1,heartrate→gestureclass_short,"heartrate,gestureclass,heartrate,gestureclass,heartrate,gestureclass,heartrate,gestureclass",3.33527,9.454416,1.181802,0.7533965,6.027172,0.000505125,445.51318359375
run5_diff_dec_diff_len,"Different decoders, mixed seq_len (heartrate@512 + gestureclass@256, interleaved)",8,2,heartrate→gestureclass_short,"heartrate,gestureclass,heartrate,gestureclass,heartrate,gestureclass,heartrate,gestureclass",3.440078,9.304443,1.163055375,0.720006375,5.760051,0.00046925,445.51318359375
run5_diff_dec_diff_len,"Different decoders, mixed seq_len (heartrate@512 + gestureclass@256, interleaved)",8,3,heartrate→gestureclass_short,"heartrate,gestureclass,heartrate,gestureclass,heartrate,gestureclass,heartrate,gestureclass",3.430021,9.249734,1.15621675,0.715704625,5.725637,0.00050125,445.51318359375
run5_diff_dec_diff_len,"Different decoders, mixed seq_len (heartrate@512 + gestureclass@256, interleaved)",8,4,heartrate→gestureclass_short,"heartrate,gestureclass,heartrate,gestureclass,heartrate,gestureclass,heartrate,gestureclass",3.380373,9.427587,1.178448375,0.74400175,5.952014,0.000500625,445.51318359375
run5_diff_dec_diff_len,"Different decoders, mixed seq_len (heartrate@512 + gestureclass@256, interleaved)",8,5,heartrate→gestureclass_short,"heartrate,gestureclass,heartrate,gestureclass,heartrate,gestureclass,heartrate,gestureclass",3.374597,9.228487,1.153560875,0.720518375,5.764147,0.000472625,445.51318359375
run5_diff_dec_diff_len,"Different decoders, mixed seq_len (heartrate@512 + gestureclass@256, interleaved)",8,6,heartrate→gestureclass_short,"heartrate,gestureclass,heartrate,gestureclass,heartrate,gestureclass,heartrate,gestureclass",3.392965,9.472509,1.184063625,0.74828725,5.986298,0.00050925,445.51318359375
run5_diff_dec_diff_len,"Different decoders, mixed seq_len (heartrate@512 + gestureclass@256, interleaved)",8,7,heartrate→gestureclass_short,"heartrate,gestureclass,heartrate,gestureclass,heartrate,gestureclass,heartrate,gestureclass",3.402798,9.251156,1.1563945,0.719541125,5.756329,0.000456375,445.51318359375
run5_diff_dec_diff_len,"Different decoders, mixed seq_len (heartrate@512 + gestureclass@256, interleaved)",8,8,heartrate→gestureclass_short,"heartrate,gestureclass,heartrate,gestureclass,heartrate,gestureclass,heartrate,gestureclass",3.386665,9.404537,1.175567125,0.740364375,5.922915,0.000488625,445.51318359375
run5_diff_dec_diff_len,"Different decoders, mixed seq_len (heartrate@512 + gestureclass@256, interleaved)",8,9,heartrate→gestureclass_short,"heartrate,gestureclass,heartrate,gestureclass,heartrate,gestureclass,heartrate,gestureclass",3.383327,9.224074,1.15300925,0.718765875,5.750127,0.000491,445.51318359375
run5_diff_dec_diff_len,"Different decoders, mixed seq_len (heartrate@512 + gestureclass@256, interleaved)",8,10,heartrate→gestureclass_short,"heartrate,gestureclass,heartrate,gestureclass,heartrate,gestureclass,heartrate,gestureclass",3.389721,9.232512,1.154064,0.719296,5.754368,0.0004615,445.51318359375
run5_diff_dec_diff_len,"Different decoders, mixed seq_len (heartrate@512 + gestureclass@256, interleaved)",8,11,heartrate→gestureclass_short,"heartrate,gestureclass,heartrate,gestureclass,heartrate,gestureclass,heartrate,gestureclass",3.386293,9.422107,1.177763375,0.742854,5.942832,0.000486125,445.51318359375
run5_diff_dec_diff_len,"Different decoders, mixed seq_len (heartrate@512 + gestureclass@256, interleaved)",8,12,heartrate→gestureclass_short,"heartrate,gestureclass,heartrate,gestureclass,heartrate,gestureclass,heartrate,gestureclass",3.315542,9.219877,1.152484625,0.72676875,5.81415,0.00048275,445.51318359375
run5_diff_dec_diff_len,"Different decoders, mixed seq_len (heartrate@512 + gestureclass@256, interleaved)",8,13,heartrate→gestureclass_short,"heartrate,gestureclass,heartrate,gestureclass,heartrate,gestureclass,heartrate,gestureclass",3.371757,9.454842,1.18185525,0.74852525,5.988202,0.0004975,445.51318359375
run5_diff_dec_diff_len,"Different decoders, mixed seq_len (heartrate@512 + gestureclass@256, interleaved)",8,14,heartrate→gestureclass_short,"heartrate,gestureclass,heartrate,gestureclass,heartrate,gestureclass,heartrate,gestureclass",3.295721,9.197172,1.1496465,0.726843375,5.814747,0.00048475,445.51318359375
run5_diff_dec_diff_len,"Different decoders, mixed seq_len (heartrate@512 + gestureclass@256, interleaved)",8,15,heartrate→gestureclass_short,"heartrate,gestureclass,heartrate,gestureclass,heartrate,gestureclass,heartrate,gestureclass",3.307039,9.227664,1.153458,0.728936375,5.831491,0.00047125,445.51318359375
run5_diff_dec_diff_len,"Different decoders, mixed seq_len (heartrate@512 + gestureclass@256, interleaved)",8,16,heartrate→gestureclass_short,"heartrate,gestureclass,heartrate,gestureclass,heartrate,gestureclass,heartrate,gestureclass",3.327268,9.21616,1.15202,0.70458225,5.636658,0.00048825,445.51318359375
run5_diff_dec_diff_len,"Different decoders, mixed seq_len (heartrate@512 + gestureclass@256, interleaved)",8,17,heartrate→gestureclass_short,"heartrate,gestureclass,heartrate,gestureclass,heartrate,gestureclass,heartrate,gestureclass",3.324895,9.218302,1.15228775,0.7255725,5.80458,0.00044425,445.51318359375
run5_diff_dec_diff_len,"Different decoders, mixed seq_len (heartrate@512 + gestureclass@256, interleaved)",8,18,heartrate→gestureclass_short,"heartrate,gestureclass,heartrate,gestureclass,heartrate,gestureclass,heartrate,gestureclass",3.299739,9.384597,1.173074625,0.749265,5.99412,0.000503625,445.51318359375
run5_diff_dec_diff_len,"Different decoders, mixed seq_len (heartrate@512 + gestureclass@256, interleaved)",8,19,heartrate→gestureclass_short,"heartrate,gestureclass,heartrate,gestureclass,heartrate,gestureclass,heartrate,gestureclass",3.302689,9.24181,1.15522625,0.731373125,5.850985,0.000480125,445.51318359375
run5_diff_dec_diff_len,"Different decoders, mixed seq_len (heartrate@512 + gestureclass@256, interleaved)",8,20,heartrate→gestureclass_short,"heartrate,gestureclass,heartrate,gestureclass,heartrate,gestureclass,heartrate,gestureclass",3.334362,9.448311,1.181038875,0.75322925,6.025834,0.00049825,445.51318359375
run5_diff_dec_diff_len,"Different decoders, mixed seq_len (heartrate@512 + gestureclass@256, interleaved)",8,21,heartrate→gestureclass_short,"heartrate,gestureclass,heartrate,gestureclass,heartrate,gestureclass,heartrate,gestureclass",3.328989,9.22226,1.1527825,0.72528,5.80224,0.000482625,445.51318359375
run5_diff_dec_diff_len,"Different decoders, mixed seq_len (heartrate@512 + gestureclass@256, interleaved)",8,22,heartrate→gestureclass_short,"heartrate,gestureclass,heartrate,gestureclass,heartrate,gestureclass,heartrate,gestureclass",3.308092,9.226626,1.15332825,0.72871075,5.829686,0.000478,445.51318359375
run5_diff_dec_diff_len,"Different decoders, mixed seq_len (heartrate@512 + gestureclass@256, interleaved)",8,23,heartrate→gestureclass_short,"heartrate,gestureclass,heartrate,gestureclass,heartrate,gestureclass,heartrate,gestureclass",3.318353,9.228026,1.15350325,0.72732075,5.818566,0.00051775,445.51318359375
run5_diff_dec_diff_len,"Different decoders, mixed seq_len (heartrate@512 + gestureclass@256, interleaved)",8,24,heartrate→gestureclass_short,"heartrate,gestureclass,heartrate,gestureclass,heartrate,gestureclass,heartrate,gestureclass",3.29476,9.205876,1.1507345,0.727608,5.820864,0.00045625,445.51318359375
run5_diff_dec_diff_len,"Different decoders, mixed seq_len (heartrate@512 + gestureclass@256, interleaved)",8,25,heartrate→gestureclass_short,"heartrate,gestureclass,heartrate,gestureclass,heartrate,gestureclass,heartrate,gestureclass",3.318138,9.428995,1.178624375,0.7528,6.0224,0.000468,445.51318359375
run5_diff_dec_diff_len,"Different decoders, mixed seq_len (heartrate@512 + gestureclass@256, interleaved)",8,26,heartrate→gestureclass_short,"heartrate,gestureclass,heartrate,gestureclass,heartrate,gestureclass,heartrate,gestureclass",3.300294,9.235067,1.154383375,0.730767625,5.846141,0.000495375,445.51318359375
run5_diff_dec_diff_len,"Different decoders, mixed seq_len (heartrate@512 + gestureclass@256, interleaved)",8,27,heartrate→gestureclass_short,"heartrate,gestureclass,heartrate,gestureclass,heartrate,gestureclass,heartrate,gestureclass",3.357693,9.451028,1.1813785,0.750417125,6.003337,0.000475625,445.51318359375
run5_diff_dec_diff_len,"Different decoders, mixed seq_len (heartrate@512 + gestureclass@256, interleaved)",8,28,heartrate→gestureclass_short,"heartrate,gestureclass,heartrate,gestureclass,heartrate,gestureclass,heartrate,gestureclass",3.387343,9.26866,1.1585825,0.72379425,5.790354,0.000483625,445.51318359375
run5_diff_dec_diff_len,"Different decoders, mixed seq_len (heartrate@512 + gestureclass@256, interleaved)",8,29,heartrate→gestureclass_short,"heartrate,gestureclass,heartrate,gestureclass,heartrate,gestureclass,heartrate,gestureclass",3.37649,9.265985,1.158248125,0.724677625,5.797421,0.00047525,445.51318359375
run5_diff_dec_diff_len,"Different decoders, mixed seq_len (heartrate@512 + gestureclass@256, interleaved)",8,30,heartrate→gestureclass_short,"heartrate,gestureclass,heartrate,gestureclass,heartrate,gestureclass,heartrate,gestureclass",3.35026,9.497321,1.187165125,0.75698175,6.055854,0.000496,445.51318359375
run5_diff_dec_diff_len,"Different decoders, mixed seq_len (heartrate@512 + gestureclass@256, interleaved)",8,31,heartrate→gestureclass_short,"heartrate,gestureclass,heartrate,gestureclass,heartrate,gestureclass,heartrate,gestureclass",3.404917,9.302691,1.162836375,0.7262845,5.810276,0.000467,445.51318359375
run5_diff_dec_diff_len,"Different decoders, mixed seq_len (heartrate@512 + gestureclass@256, interleaved)",8,32,heartrate→gestureclass_short,"heartrate,gestureclass,heartrate,gestureclass,heartrate,gestureclass,heartrate,gestureclass",3.306488,9.39153,1.17394125,0.74910825,5.992866,0.00048925,445.51318359375
run5_diff_dec_diff_len,"Different decoders, mixed seq_len (heartrate@512 + gestureclass@256, interleaved)",8,33,heartrate→gestureclass_short,"heartrate,gestureclass,heartrate,gestureclass,heartrate,gestureclass,heartrate,gestureclass",3.313922,9.223038,1.15287975,0.727769125,5.822153,0.000480875,445.51318359375
run5_diff_dec_diff_len,"Different decoders, mixed seq_len (heartrate@512 + gestureclass@256, interleaved)",8,34,heartrate→gestureclass_short,"heartrate,gestureclass,heartrate,gestureclass,heartrate,gestureclass,heartrate,gestureclass",3.40723,9.275754,1.15946925,0.722424625,5.779397,0.000462375,445.51318359375
run5_diff_dec_diff_len,"Different decoders, mixed seq_len (heartrate@512 + gestureclass@256, interleaved)",8,35,heartrate→gestureclass_short,"heartrate,gestureclass,heartrate,gestureclass,heartrate,gestureclass,heartrate,gestureclass",3.510421,9.365731,1.170716375,0.720985125,5.767881,0.000467875,445.51318359375
run5_diff_dec_diff_len,"Different decoders, mixed seq_len (heartrate@512 + gestureclass@256, interleaved)",8,36,heartrate→gestureclass_short,"heartrate,gestureclass,heartrate,gestureclass,heartrate,gestureclass,heartrate,gestureclass",3.393737,9.22557,1.15319625,0.71770525,5.741642,0.000505875,445.51318359375
run5_diff_dec_diff_len,"Different decoders, mixed seq_len (heartrate@512 + gestureclass@256, interleaved)",8,37,heartrate→gestureclass_short,"heartrate,gestureclass,heartrate,gestureclass,heartrate,gestureclass,heartrate,gestureclass",3.361826,9.413454,1.17668175,0.7452495,5.961996,0.00051475,445.51318359375
run5_diff_dec_diff_len,"Different decoders, mixed seq_len (heartrate@512 + gestureclass@256, interleaved)",8,38,heartrate→gestureclass_short,"heartrate,gestureclass,heartrate,gestureclass,heartrate,gestureclass,heartrate,gestureclass",3.364258,9.196293,1.149536625,0.717930375,5.743443,0.000458875,445.51318359375
run5_diff_dec_diff_len,"Different decoders, mixed seq_len (heartrate@512 + gestureclass@256, interleaved)",8,39,heartrate→gestureclass_short,"heartrate,gestureclass,heartrate,gestureclass,heartrate,gestureclass,heartrate,gestureclass",3.397051,9.427745,1.178468125,0.742721625,5.941773,0.000499375,445.51318359375
run5_diff_dec_diff_len,"Different decoders, mixed seq_len (heartrate@512 + gestureclass@256, interleaved)",8,40,heartrate→gestureclass_short,"heartrate,gestureclass,heartrate,gestureclass,heartrate,gestureclass,heartrate,gestureclass",3.30697,9.242136,1.155267,0.731045,5.84836,0.00051625,445.51318359375
run5_diff_dec_diff_len,"Different decoders, mixed seq_len (heartrate@512 + gestureclass@256, interleaved)",8,41,heartrate→gestureclass_short,"heartrate,gestureclass,heartrate,gestureclass,heartrate,gestureclass,heartrate,gestureclass",3.330114,9.227792,1.153474,0.725998,5.807984,0.0004925,445.51318359375
run5_diff_dec_diff_len,"Different decoders, mixed seq_len (heartrate@512 + gestureclass@256, interleaved)",8,42,heartrate→gestureclass_short,"heartrate,gestureclass,heartrate,gestureclass,heartrate,gestureclass,heartrate,gestureclass",3.328561,9.196742,1.14959275,0.722264,5.778112,0.000487375,445.51318359375
run5_diff_dec_diff_len,"Different decoders, mixed seq_len (heartrate@512 + gestureclass@256, interleaved)",8,43,heartrate→gestureclass_short,"heartrate,gestureclass,heartrate,gestureclass,heartrate,gestureclass,heartrate,gestureclass",3.293769,9.201132,1.1501415,0.727514625,5.820117,0.000481375,445.51318359375
run5_diff_dec_diff_len,"Different decoders, mixed seq_len (heartrate@512 + gestureclass@256, interleaved)",8,44,heartrate→gestureclass_short,"heartrate,gestureclass,heartrate,gestureclass,heartrate,gestureclass,heartrate,gestureclass",3.298478,9.399101,1.174887625,0.750378,6.003024,0.00053775,445.51318359375
run5_diff_dec_diff_len,"Different decoders, mixed seq_len (heartrate@512 + gestureclass@256, interleaved)",8,45,heartrate→gestureclass_short,"heartrate,gestureclass,heartrate,gestureclass,heartrate,gestureclass,heartrate,gestureclass",3.288447,9.203145,1.150393125,0.728337,5.826696,0.000469125,445.51318359375
run5_diff_dec_diff_len,"Different decoders, mixed seq_len (heartrate@512 + gestureclass@256, interleaved)",8,46,heartrate→gestureclass_short,"heartrate,gestureclass,heartrate,gestureclass,heartrate,gestureclass,heartrate,gestureclass",3.33101,9.431608,1.178951,0.75135675,6.010854,0.000495125,445.51318359375
run5_diff_dec_diff_len,"Different decoders, mixed seq_len (heartrate@512 + gestureclass@256, interleaved)",8,47,heartrate→gestureclass_short,"heartrate,gestureclass,heartrate,gestureclass,heartrate,gestureclass,heartrate,gestureclass",3.491831,9.309832,1.163729,0.711965125,5.695721,0.000501,445.51318359375
run5_diff_dec_diff_len,"Different decoders, mixed seq_len (heartrate@512 + gestureclass@256, interleaved)",8,48,heartrate→gestureclass_short,"heartrate,gestureclass,heartrate,gestureclass,heartrate,gestureclass,heartrate,gestureclass",3.485818,9.315651,1.164456375,0.716475125,5.731801,0.00045525,445.51318359375
run5_diff_dec_diff_len,"Different decoders, mixed seq_len (heartrate@512 + gestureclass@256, interleaved)",8,49,heartrate→gestureclass_short,"heartrate,gestureclass,heartrate,gestureclass,heartrate,gestureclass,heartrate,gestureclass",3.38349,9.261222,1.15765275,0.72232625,5.77861,0.000486125,445.51318359375
run5_diff_dec_diff_len,"Different decoders, mixed seq_len (heartrate@512 + gestureclass@256, interleaved)",16,0,heartrate→gestureclass_short,"heartrate,gestureclass,heartrate,gestureclass,heartrate,gestureclass,heartrate,gestureclass,heartrate,gestureclass,heartrate,gestureclass,heartrate,gestureclass,heartrate,gestureclass",3.371524,16.540171,1.0337606875,0.81692625,13.07082,0.000428375,447.01318359375
run5_diff_dec_diff_len,"Different decoders, mixed seq_len (heartrate@512 + gestureclass@256, interleaved)",16,1,heartrate→gestureclass_short,"heartrate,gestureclass,heartrate,gestureclass,heartrate,gestureclass,heartrate,gestureclass,heartrate,gestureclass,heartrate,gestureclass,heartrate,gestureclass,heartrate,gestureclass",3.365466,16.331056,1.020691,0.8041038125,12.865661,0.0004378125,447.01318359375
run5_diff_dec_diff_len,"Different decoders, mixed seq_len (heartrate@512 + gestureclass@256, interleaved)",16,2,heartrate→gestureclass_short,"heartrate,gestureclass,heartrate,gestureclass,heartrate,gestureclass,heartrate,gestureclass,heartrate,gestureclass,heartrate,gestureclass,heartrate,gestureclass,heartrate,gestureclass",3.446175,16.544688,1.034043,0.81216775,12.994684,0.0004406875,447.01318359375
run5_diff_dec_diff_len,"Different decoders, mixed seq_len (heartrate@512 + gestureclass@256, interleaved)",16,3,heartrate→gestureclass_short,"heartrate,gestureclass,heartrate,gestureclass,heartrate,gestureclass,heartrate,gestureclass,heartrate,gestureclass,heartrate,gestureclass,heartrate,gestureclass,heartrate,gestureclass",3.488821,16.750075,1.0468796875,0.82229,13.15664,0.0004363125,447.01318359375
run5_diff_dec_diff_len,"Different decoders, mixed seq_len (heartrate@512 + gestureclass@256, interleaved)",16,4,heartrate→gestureclass_short,"heartrate,gestureclass,heartrate,gestureclass,heartrate,gestureclass,heartrate,gestureclass,heartrate,gestureclass,heartrate,gestureclass,heartrate,gestureclass,heartrate,gestureclass",3.578306,16.63918,1.03994875,0.8089826875,12.943723,0.000446,447.01318359375
run5_diff_dec_diff_len,"Different decoders, mixed seq_len (heartrate@512 + gestureclass@256, interleaved)",16,5,heartrate→gestureclass_short,"heartrate,gestureclass,heartrate,gestureclass,heartrate,gestureclass,heartrate,gestureclass,heartrate,gestureclass,heartrate,gestureclass,heartrate,gestureclass,heartrate,gestureclass",3.453238,16.582572,1.03641075,0.81416375,13.02662,0.0004570625,447.01318359375
run5_diff_dec_diff_len,"Different decoders, mixed seq_len (heartrate@512 + gestureclass@256, interleaved)",16,6,heartrate→gestureclass_short,"heartrate,gestureclass,heartrate,gestureclass,heartrate,gestureclass,heartrate,gestureclass,heartrate,gestureclass,heartrate,gestureclass,heartrate,gestureclass,heartrate,gestureclass",3.443657,16.430287,1.0268929375,0.805145875,12.882334,0.000566125,447.01318359375
run5_diff_dec_diff_len,"Different decoders, mixed seq_len (heartrate@512 + gestureclass@256, interleaved)",16,7,heartrate→gestureclass_short,"heartrate,gestureclass,heartrate,gestureclass,heartrate,gestureclass,heartrate,gestureclass,heartrate,gestureclass,heartrate,gestureclass,heartrate,gestureclass,heartrate,gestureclass",3.463279,16.603024,1.037689,0.8147511875,13.036019,0.0004475625,447.01318359375
run5_diff_dec_diff_len,"Different decoders, mixed seq_len (heartrate@512 + gestureclass@256, interleaved)",16,8,heartrate→gestureclass_short,"heartrate,gestureclass,heartrate,gestureclass,heartrate,gestureclass,heartrate,gestureclass,heartrate,gestureclass,heartrate,gestureclass,heartrate,gestureclass,heartrate,gestureclass",3.437391,16.562119,1.0351324375,0.813974875,13.023598,0.000433875,447.01318359375
run5_diff_dec_diff_len,"Different decoders, mixed seq_len (heartrate@512 + gestureclass@256, interleaved)",16,9,heartrate→gestureclass_short,"heartrate,gestureclass,heartrate,gestureclass,heartrate,gestureclass,heartrate,gestureclass,heartrate,gestureclass,heartrate,gestureclass,heartrate,gestureclass,heartrate,gestureclass",3.38684,16.648237,1.0405148125,0.8225143125,13.160229,0.0004471875,447.01318359375
run5_diff_dec_diff_len,"Different decoders, mixed seq_len (heartrate@512 + gestureclass@256, interleaved)",16,10,heartrate→gestureclass_short,"heartrate,gestureclass,heartrate,gestureclass,heartrate,gestureclass,heartrate,gestureclass,heartrate,gestureclass,heartrate,gestureclass,heartrate,gestureclass,heartrate,gestureclass",3.445914,16.756888,1.0473055,0.825280125,13.204482,0.00043975,447.01318359375
run5_diff_dec_diff_len,"Different decoders, mixed seq_len (heartrate@512 + gestureclass@256, interleaved)",16,11,heartrate→gestureclass_short,"heartrate,gestureclass,heartrate,gestureclass,heartrate,gestureclass,heartrate,gestureclass,heartrate,gestureclass,heartrate,gestureclass,heartrate,gestureclass,heartrate,gestureclass",3.600077,16.525385,1.0328365625,0.80115475,12.818476,0.0004460625,447.01318359375
run5_diff_dec_diff_len,"Different decoders, mixed seq_len (heartrate@512 + gestureclass@256, interleaved)",16,12,heartrate→gestureclass_short,"heartrate,gestureclass,heartrate,gestureclass,heartrate,gestureclass,heartrate,gestureclass,heartrate,gestureclass,heartrate,gestureclass,heartrate,gestureclass,heartrate,gestureclass",3.546253,16.762026,1.047626625,0.8189873125,13.103797,0.000464375,447.01318359375
run5_diff_dec_diff_len,"Different decoders, mixed seq_len (heartrate@512 + gestureclass@256, interleaved)",16,13,heartrate→gestureclass_short,"heartrate,gestureclass,heartrate,gestureclass,heartrate,gestureclass,heartrate,gestureclass,heartrate,gestureclass,heartrate,gestureclass,heartrate,gestureclass,heartrate,gestureclass",3.649688,16.745154,1.046572125,0.8114610625,12.983377,0.0004599375,447.01318359375
run5_diff_dec_diff_len,"Different decoders, mixed seq_len (heartrate@512 + gestureclass@256, interleaved)",16,14,heartrate→gestureclass_short,"heartrate,gestureclass,heartrate,gestureclass,heartrate,gestureclass,heartrate,gestureclass,heartrate,gestureclass,heartrate,gestureclass,heartrate,gestureclass,heartrate,gestureclass",3.569218,16.71748,1.0448425,0.815252125,13.044034,0.000464375,447.01318359375
run5_diff_dec_diff_len,"Different decoders, mixed seq_len (heartrate@512 + gestureclass@256, interleaved)",16,15,heartrate→gestureclass_short,"heartrate,gestureclass,heartrate,gestureclass,heartrate,gestureclass,heartrate,gestureclass,heartrate,gestureclass,heartrate,gestureclass,heartrate,gestureclass,heartrate,gestureclass",3.547415,16.650938,1.040683625,0.8124571875,12.999315,0.0004424375,447.01318359375
run5_diff_dec_diff_len,"Different decoders, mixed seq_len (heartrate@512 + gestureclass@256, interleaved)",16,16,heartrate→gestureclass_short,"heartrate,gestureclass,heartrate,gestureclass,heartrate,gestureclass,heartrate,gestureclass,heartrate,gestureclass,heartrate,gestureclass,heartrate,gestureclass,heartrate,gestureclass",3.493076,16.372573,1.0232858125,0.798789125,12.780626,0.00040925,447.01318359375
run5_diff_dec_diff_len,"Different decoders, mixed seq_len (heartrate@512 + gestureclass@256, interleaved)",16,17,heartrate→gestureclass_short,"heartrate,gestureclass,heartrate,gestureclass,heartrate,gestureclass,heartrate,gestureclass,heartrate,gestureclass,heartrate,gestureclass,heartrate,gestureclass,heartrate,gestureclass",3.448725,16.594707,1.0371691875,0.8150249375,13.040399,0.0004446875,447.01318359375
run5_diff_dec_diff_len,"Different decoders, mixed seq_len (heartrate@512 + gestureclass@256, interleaved)",16,18,heartrate→gestureclass_short,"heartrate,gestureclass,heartrate,gestureclass,heartrate,gestureclass,heartrate,gestureclass,heartrate,gestureclass,heartrate,gestureclass,heartrate,gestureclass,heartrate,gestureclass",3.435639,16.645146,1.040321625,0.8193571875,13.109715,0.000428875,447.01318359375
run5_diff_dec_diff_len,"Different decoders, mixed seq_len (heartrate@512 + gestureclass@256, interleaved)",16,19,heartrate→gestureclass_short,"heartrate,gestureclass,heartrate,gestureclass,heartrate,gestureclass,heartrate,gestureclass,heartrate,gestureclass,heartrate,gestureclass,heartrate,gestureclass,heartrate,gestureclass",3.42625,16.584622,1.036538875,0.8145103125,13.032165,0.000437875,447.01318359375
run5_diff_dec_diff_len,"Different decoders, mixed seq_len (heartrate@512 + gestureclass@256, interleaved)",16,20,heartrate→gestureclass_short,"heartrate,gestureclass,heartrate,gestureclass,heartrate,gestureclass,heartrate,gestureclass,heartrate,gestureclass,heartrate,gestureclass,heartrate,gestureclass,heartrate,gestureclass",3.390137,16.524427,1.0327766875,0.814782875,13.036526,0.0004179375,447.01318359375
run5_diff_dec_diff_len,"Different decoders, mixed seq_len (heartrate@512 + gestureclass@256, interleaved)",16,21,heartrate→gestureclass_short,"heartrate,gestureclass,heartrate,gestureclass,heartrate,gestureclass,heartrate,gestureclass,heartrate,gestureclass,heartrate,gestureclass,heartrate,gestureclass,heartrate,gestureclass",3.360331,16.358561,1.0224100625,0.8061483125,12.898373,0.000434875,447.01318359375
run5_diff_dec_diff_len,"Different decoders, mixed seq_len (heartrate@512 + gestureclass@256, interleaved)",16,22,heartrate→gestureclass_short,"heartrate,gestureclass,heartrate,gestureclass,heartrate,gestureclass,heartrate,gestureclass,heartrate,gestureclass,heartrate,gestureclass,heartrate,gestureclass,heartrate,gestureclass",3.415271,16.554589,1.0346618125,0.8146095625,13.033753,0.0004685625,447.01318359375
run5_diff_dec_diff_len,"Different decoders, mixed seq_len (heartrate@512 + gestureclass@256, interleaved)",16,23,heartrate→gestureclass_short,"heartrate,gestureclass,heartrate,gestureclass,heartrate,gestureclass,heartrate,gestureclass,heartrate,gestureclass,heartrate,gestureclass,heartrate,gestureclass,heartrate,gestureclass",3.45962,16.618045,1.0386278125,0.8160415625,13.056665,0.000437875,447.01318359375
run5_diff_dec_diff_len,"Different decoders, mixed seq_len (heartrate@512 + gestureclass@256, interleaved)",16,24,heartrate→gestureclass_short,"heartrate,gestureclass,heartrate,gestureclass,heartrate,gestureclass,heartrate,gestureclass,heartrate,gestureclass,heartrate,gestureclass,heartrate,gestureclass,heartrate,gestureclass",3.448937,16.680665,1.0425415625,0.8207259375,13.131615,0.0004753125,447.01318359375
run5_diff_dec_diff_len,"Different decoders, mixed seq_len (heartrate@512 + gestureclass@256, interleaved)",16,25,heartrate→gestureclass_short,"heartrate,gestureclass,heartrate,gestureclass,heartrate,gestureclass,heartrate,gestureclass,heartrate,gestureclass,heartrate,gestureclass,heartrate,gestureclass,heartrate,gestureclass",3.432343,16.608428,1.03802675,0.8171585625,13.074537,0.000434125,447.01318359375
run5_diff_dec_diff_len,"Different decoders, mixed seq_len (heartrate@512 + gestureclass@256, interleaved)",16,26,heartrate→gestureclass_short,"heartrate,gestureclass,heartrate,gestureclass,heartrate,gestureclass,heartrate,gestureclass,heartrate,gestureclass,heartrate,gestureclass,heartrate,gestureclass,heartrate,gestureclass",3.535992,16.416604,1.02603775,0.7987035625,12.779257,0.0004176875,447.01318359375
run5_diff_dec_diff_len,"Different decoders, mixed seq_len (heartrate@512 + gestureclass@256, interleaved)",16,27,heartrate→gestureclass_short,"heartrate,gestureclass,heartrate,gestureclass,heartrate,gestureclass,heartrate,gestureclass,heartrate,gestureclass,heartrate,gestureclass,heartrate,gestureclass,heartrate,gestureclass",3.436548,16.612573,1.0382858125,0.8168495625,13.069593,0.0004535,447.01318359375
run5_diff_dec_diff_len,"Different decoders, mixed seq_len (heartrate@512 + gestureclass@256, interleaved)",16,28,heartrate→gestureclass_short,"heartrate,gestureclass,heartrate,gestureclass,heartrate,gestureclass,heartrate,gestureclass,heartrate,gestureclass,heartrate,gestureclass,heartrate,gestureclass,heartrate,gestureclass",3.423445,16.630671,1.0394169375,0.8190343125,13.104549,0.00045725,447.01318359375
run5_diff_dec_diff_len,"Different decoders, mixed seq_len (heartrate@512 + gestureclass@256, interleaved)",16,29,heartrate→gestureclass_short,"heartrate,gestureclass,heartrate,gestureclass,heartrate,gestureclass,heartrate,gestureclass,heartrate,gestureclass,heartrate,gestureclass,heartrate,gestureclass,heartrate,gestureclass",3.44336,16.568793,1.0355495625,0.814113875,13.025822,0.0004718125,447.01318359375
run5_diff_dec_diff_len,"Different decoders, mixed seq_len (heartrate@512 + gestureclass@256, interleaved)",16,30,heartrate→gestureclass_short,"heartrate,gestureclass,heartrate,gestureclass,heartrate,gestureclass,heartrate,gestureclass,heartrate,gestureclass,heartrate,gestureclass,heartrate,gestureclass,heartrate,gestureclass",3.343611,16.561352,1.0350845,0.8198844375,13.118151,0.0004350625,447.01318359375
run5_diff_dec_diff_len,"Different decoders, mixed seq_len (heartrate@512 + gestureclass@256, interleaved)",16,31,heartrate→gestureclass_short,"heartrate,gestureclass,heartrate,gestureclass,heartrate,gestureclass,heartrate,gestureclass,heartrate,gestureclass,heartrate,gestureclass,heartrate,gestureclass,heartrate,gestureclass",3.43868,16.346688,1.021668,0.800552625,12.808842,0.00040625,447.01318359375
run5_diff_dec_diff_len,"Different decoders, mixed seq_len (heartrate@512 + gestureclass@256, interleaved)",16,32,heartrate→gestureclass_short,"heartrate,gestureclass,heartrate,gestureclass,heartrate,gestureclass,heartrate,gestureclass,heartrate,gestureclass,heartrate,gestureclass,heartrate,gestureclass,heartrate,gestureclass",3.389904,16.510129,1.0318830625,0.8138840625,13.022145,0.00045625,447.01318359375
run5_diff_dec_diff_len,"Different decoders, mixed seq_len (heartrate@512 + gestureclass@256, interleaved)",16,33,heartrate→gestureclass_short,"heartrate,gestureclass,heartrate,gestureclass,heartrate,gestureclass,heartrate,gestureclass,heartrate,gestureclass,heartrate,gestureclass,heartrate,gestureclass,heartrate,gestureclass",3.416554,16.747727,1.0467329375,0.8269569375,13.231311,0.0004503125,447.01318359375
run5_diff_dec_diff_len,"Different decoders, mixed seq_len (heartrate@512 + gestureclass@256, interleaved)",16,34,heartrate→gestureclass_short,"heartrate,gestureclass,heartrate,gestureclass,heartrate,gestureclass,heartrate,gestureclass,heartrate,gestureclass,heartrate,gestureclass,heartrate,gestureclass,heartrate,gestureclass",3.503105,16.783794,1.048987125,0.823557625,13.176922,0.00045425,447.01318359375
run5_diff_dec_diff_len,"Different decoders, mixed seq_len (heartrate@512 + gestureclass@256, interleaved)",16,35,heartrate→gestureclass_short,"heartrate,gestureclass,heartrate,gestureclass,heartrate,gestureclass,heartrate,gestureclass,heartrate,gestureclass,heartrate,gestureclass,heartrate,gestureclass,heartrate,gestureclass",3.543767,16.546984,1.0341865,0.8057779375,12.892447,0.0004439375,447.01318359375
run5_diff_dec_diff_len,"Different decoders, mixed seq_len (heartrate@512 + gestureclass@256, interleaved)",16,36,heartrate→gestureclass_short,"heartrate,gestureclass,heartrate,gestureclass,heartrate,gestureclass,heartrate,gestureclass,heartrate,gestureclass,heartrate,gestureclass,heartrate,gestureclass,heartrate,gestureclass",3.794792,16.557249,1.0348280625,0.7912878125,12.660605,0.0004118125,447.01318359375
run5_diff_dec_diff_len,"Different decoders, mixed seq_len (heartrate@512 + gestureclass@256, interleaved)",16,37,heartrate→gestureclass_short,"heartrate,gestureclass,heartrate,gestureclass,heartrate,gestureclass,heartrate,gestureclass,heartrate,gestureclass,heartrate,gestureclass,heartrate,gestureclass,heartrate,gestureclass",3.45637,16.61335,1.038334375,0.814476625,13.031626,0.00044075,447.01318359375
run5_diff_dec_diff_len,"Different decoders, mixed seq_len (heartrate@512 + gestureclass@256, interleaved)",16,38,heartrate→gestureclass_short,"heartrate,gestureclass,heartrate,gestureclass,heartrate,gestureclass,heartrate,gestureclass,heartrate,gestureclass,heartrate,gestureclass,heartrate,gestureclass,heartrate,gestureclass",3.492963,16.566571,1.0354106875,0.810818125,12.97309,0.0004519375,447.01318359375
run5_diff_dec_diff_len,"Different decoders, mixed seq_len (heartrate@512 + gestureclass@256, interleaved)",16,39,heartrate→gestureclass_short,"heartrate,gestureclass,heartrate,gestureclass,heartrate,gestureclass,heartrate,gestureclass,heartrate,gestureclass,heartrate,gestureclass,heartrate,gestureclass,heartrate,gestureclass",3.472183,16.613732,1.03835825,0.8150335,13.040536,0.000451125,447.01318359375
run5_diff_dec_diff_len,"Different decoders, mixed seq_len (heartrate@512 + gestureclass@256, interleaved)",16,40,heartrate→gestureclass_short,"heartrate,gestureclass,heartrate,gestureclass,heartrate,gestureclass,heartrate,gestureclass,heartrate,gestureclass,heartrate,gestureclass,heartrate,gestureclass,heartrate,gestureclass",3.389089,16.362781,1.0226738125,0.80475575,12.876092,0.000430625,447.01318359375
run5_diff_dec_diff_len,"Different decoders, mixed seq_len (heartrate@512 + gestureclass@256, interleaved)",16,41,heartrate→gestureclass_short,"heartrate,gestureclass,heartrate,gestureclass,heartrate,gestureclass,heartrate,gestureclass,heartrate,gestureclass,heartrate,gestureclass,heartrate,gestureclass,heartrate,gestureclass",3.416106,16.410758,1.025672375,0.7947019375,12.715231,0.0004329375,447.01318359375
run5_diff_dec_diff_len,"Different decoders, mixed seq_len (heartrate@512 + gestureclass@256, interleaved)",16,42,heartrate→gestureclass_short,"heartrate,gestureclass,heartrate,gestureclass,heartrate,gestureclass,heartrate,gestureclass,heartrate,gestureclass,heartrate,gestureclass,heartrate,gestureclass,heartrate,gestureclass",3.383844,16.638265,1.0398915625,0.822242125,13.155874,0.0004325,447.01318359375
run5_diff_dec_diff_len,"Different decoders, mixed seq_len (heartrate@512 + gestureclass@256, interleaved)",16,43,heartrate→gestureclass_short,"heartrate,gestureclass,heartrate,gestureclass,heartrate,gestureclass,heartrate,gestureclass,heartrate,gestureclass,heartrate,gestureclass,heartrate,gestureclass,heartrate,gestureclass",3.515593,16.67982,1.04248875,0.81484275,13.037484,0.0004606875,447.01318359375
run5_diff_dec_diff_len,"Different decoders, mixed seq_len (heartrate@512 + gestureclass@256, interleaved)",16,44,heartrate→gestureclass_short,"heartrate,gestureclass,heartrate,gestureclass,heartrate,gestureclass,heartrate,gestureclass,heartrate,gestureclass,heartrate,gestureclass,heartrate,gestureclass,heartrate,gestureclass",3.505612,16.579946,1.036246625,0.81089625,12.97434,0.0004548125,447.01318359375
run5_diff_dec_diff_len,"Different decoders, mixed seq_len (heartrate@512 + gestureclass@256, interleaved)",16,45,heartrate→gestureclass_short,"heartrate,gestureclass,heartrate,gestureclass,heartrate,gestureclass,heartrate,gestureclass,heartrate,gestureclass,heartrate,gestureclass,heartrate,gestureclass,heartrate,gestureclass",3.392536,16.311065,1.0194415625,0.8010826875,12.817323,0.000609125,447.01318359375
run5_diff_dec_diff_len,"Different decoders, mixed seq_len (heartrate@512 + gestureclass@256, interleaved)",16,46,heartrate→gestureclass_short,"heartrate,gestureclass,heartrate,gestureclass,heartrate,gestureclass,heartrate,gestureclass,heartrate,gestureclass,heartrate,gestureclass,heartrate,gestureclass,heartrate,gestureclass",3.352141,16.46587,1.029116875,0.8030946875,12.849515,0.0004493125,447.01318359375
run5_diff_dec_diff_len,"Different decoders, mixed seq_len (heartrate@512 + gestureclass@256, interleaved)",16,47,heartrate→gestureclass_short,"heartrate,gestureclass,heartrate,gestureclass,heartrate,gestureclass,heartrate,gestureclass,heartrate,gestureclass,heartrate,gestureclass,heartrate,gestureclass,heartrate,gestureclass",3.36676,16.603975,1.0377484375,0.8211316875,13.138107,0.00043625,447.01318359375
run5_diff_dec_diff_len,"Different decoders, mixed seq_len (heartrate@512 + gestureclass@256, interleaved)",16,48,heartrate→gestureclass_short,"heartrate,gestureclass,heartrate,gestureclass,heartrate,gestureclass,heartrate,gestureclass,heartrate,gestureclass,heartrate,gestureclass,heartrate,gestureclass,heartrate,gestureclass",3.350427,16.63326,1.03957875,0.8241034375,13.185655,0.0004593125,447.01318359375
run5_diff_dec_diff_len,"Different decoders, mixed seq_len (heartrate@512 + gestureclass@256, interleaved)",16,49,heartrate→gestureclass_short,"heartrate,gestureclass,heartrate,gestureclass,heartrate,gestureclass,heartrate,gestureclass,heartrate,gestureclass,heartrate,gestureclass,heartrate,gestureclass,heartrate,gestureclass",3.431637,16.628368,1.039273,0.8185746875,13.097195,0.0004500625,447.01318359375
run5_diff_dec_diff_len,"Different decoders, mixed seq_len (heartrate@512 + gestureclass@256, interleaved)",32,0,heartrate→gestureclass_short,"heartrate,gestureclass,heartrate,gestureclass,heartrate,gestureclass,heartrate,gestureclass,heartrate,gestureclass,heartrate,gestureclass,heartrate,gestureclass,heartrate,gestureclass,heartrate,gestureclass,heartrate,gestureclass,heartrate,gestureclass,heartrate,gestureclass,heartrate,gestureclass,heartrate,gestureclass,heartrate,gestureclass,heartrate,gestureclass",3.584765,31.634812,0.988587875,0.872685625,27.92594,0.000425375,450.01318359375
run5_diff_dec_diff_len,"Different decoders, mixed seq_len (heartrate@512 + gestureclass@256, interleaved)",32,1,heartrate→gestureclass_short,"heartrate,gestureclass,heartrate,gestureclass,heartrate,gestureclass,heartrate,gestureclass,heartrate,gestureclass,heartrate,gestureclass,heartrate,gestureclass,heartrate,gestureclass,heartrate,gestureclass,heartrate,gestureclass,heartrate,gestureclass,heartrate,gestureclass,heartrate,gestureclass,heartrate,gestureclass,heartrate,gestureclass,heartrate,gestureclass",3.782779,31.640865,0.98877703125,0.86651153125,27.728369,0.00044903125,450.01318359375
run5_diff_dec_diff_len,"Different decoders, mixed seq_len (heartrate@512 + gestureclass@256, interleaved)",32,2,heartrate→gestureclass_short,"heartrate,gestureclass,heartrate,gestureclass,heartrate,gestureclass,heartrate,gestureclass,heartrate,gestureclass,heartrate,gestureclass,heartrate,gestureclass,heartrate,gestureclass,heartrate,gestureclass,heartrate,gestureclass,heartrate,gestureclass,heartrate,gestureclass,heartrate,gestureclass,heartrate,gestureclass,heartrate,gestureclass,heartrate,gestureclass",3.920659,31.603702,0.9876156875,0.86088025,27.548168,0.00043396875,450.01318359375
run5_diff_dec_diff_len,"Different decoders, mixed seq_len (heartrate@512 + gestureclass@256, interleaved)",32,3,heartrate→gestureclass_short,"heartrate,gestureclass,heartrate,gestureclass,heartrate,gestureclass,heartrate,gestureclass,heartrate,gestureclass,heartrate,gestureclass,heartrate,gestureclass,heartrate,gestureclass,heartrate,gestureclass,heartrate,gestureclass,heartrate,gestureclass,heartrate,gestureclass,heartrate,gestureclass,heartrate,gestureclass,heartrate,gestureclass,heartrate,gestureclass",3.875993,31.514989,0.98484340625,0.859635125,27.508324,0.0003978125,450.01318359375
run5_diff_dec_diff_len,"Different decoders, mixed seq_len (heartrate@512 + gestureclass@256, interleaved)",32,4,heartrate→gestureclass_short,"heartrate,gestureclass,heartrate,gestureclass,heartrate,gestureclass,heartrate,gestureclass,heartrate,gestureclass,heartrate,gestureclass,heartrate,gestureclass,heartrate,gestureclass,heartrate,gestureclass,heartrate,gestureclass,heartrate,gestureclass,heartrate,gestureclass,heartrate,gestureclass,heartrate,gestureclass,heartrate,gestureclass,heartrate,gestureclass",3.772246,31.415657,0.98173928125,0.85977496875,27.512799,0.0004245625,450.01318359375
run5_diff_dec_diff_len,"Different decoders, mixed seq_len (heartrate@512 + gestureclass@256, interleaved)",32,5,heartrate→gestureclass_short,"heartrate,gestureclass,heartrate,gestureclass,heartrate,gestureclass,heartrate,gestureclass,heartrate,gestureclass,heartrate,gestureclass,heartrate,gestureclass,heartrate,gestureclass,heartrate,gestureclass,heartrate,gestureclass,heartrate,gestureclass,heartrate,gestureclass,heartrate,gestureclass,heartrate,gestureclass,heartrate,gestureclass,heartrate,gestureclass",3.683782,31.364248,0.98013275,0.86112496875,27.555999,0.0004228125,450.01318359375
run5_diff_dec_diff_len,"Different decoders, mixed seq_len (heartrate@512 + gestureclass@256, interleaved)",32,6,heartrate→gestureclass_short,"heartrate,gestureclass,heartrate,gestureclass,heartrate,gestureclass,heartrate,gestureclass,heartrate,gestureclass,heartrate,gestureclass,heartrate,gestureclass,heartrate,gestureclass,heartrate,gestureclass,heartrate,gestureclass,heartrate,gestureclass,heartrate,gestureclass,heartrate,gestureclass,heartrate,gestureclass,heartrate,gestureclass,heartrate,gestureclass",3.690352,31.421512,0.98192225,0.8624110625,27.597154,0.00041859375,450.01318359375
run5_diff_dec_diff_len,"Different decoders, mixed seq_len (heartrate@512 + gestureclass@256, interleaved)",32,7,heartrate→gestureclass_short,"heartrate,gestureclass,heartrate,gestureclass,heartrate,gestureclass,heartrate,gestureclass,heartrate,gestureclass,heartrate,gestureclass,heartrate,gestureclass,heartrate,gestureclass,heartrate,gestureclass,heartrate,gestureclass,heartrate,gestureclass,heartrate,gestureclass,heartrate,gestureclass,heartrate,gestureclass,heartrate,gestureclass,heartrate,gestureclass",3.633127,31.231116,0.975972375,0.85859109375,27.474915,0.00042340625,450.01318359375
run5_diff_dec_diff_len,"Different decoders, mixed seq_len (heartrate@512 + gestureclass@256, interleaved)",32,8,heartrate→gestureclass_short,"heartrate,gestureclass,heartrate,gestureclass,heartrate,gestureclass,heartrate,gestureclass,heartrate,gestureclass,heartrate,gestureclass,heartrate,gestureclass,heartrate,gestureclass,heartrate,gestureclass,heartrate,gestureclass,heartrate,gestureclass,heartrate,gestureclass,heartrate,gestureclass,heartrate,gestureclass,heartrate,gestureclass,heartrate,gestureclass",3.659558,31.212495,0.97539046875,0.85004371875,27.201399,0.00039984375,450.01318359375
run5_diff_dec_diff_len,"Different decoders, mixed seq_len (heartrate@512 + gestureclass@256, interleaved)",32,9,heartrate→gestureclass_short,"heartrate,gestureclass,heartrate,gestureclass,heartrate,gestureclass,heartrate,gestureclass,heartrate,gestureclass,heartrate,gestureclass,heartrate,gestureclass,heartrate,gestureclass,heartrate,gestureclass,heartrate,gestureclass,heartrate,gestureclass,heartrate,gestureclass,heartrate,gestureclass,heartrate,gestureclass,heartrate,gestureclass,heartrate,gestureclass",3.543217,31.352977,0.97978053125,0.86525740625,27.688237,0.0004253125,450.01318359375
run5_diff_dec_diff_len,"Different decoders, mixed seq_len (heartrate@512 + gestureclass@256, interleaved)",32,10,heartrate→gestureclass_short,"heartrate,gestureclass,heartrate,gestureclass,heartrate,gestureclass,heartrate,gestureclass,heartrate,gestureclass,heartrate,gestureclass,heartrate,gestureclass,heartrate,gestureclass,heartrate,gestureclass,heartrate,gestureclass,heartrate,gestureclass,heartrate,gestureclass,heartrate,gestureclass,heartrate,gestureclass,heartrate,gestureclass,heartrate,gestureclass",3.645065,31.24757,0.9764865625,0.8586683125,27.477386,0.0004148125,450.01318359375
run5_diff_dec_diff_len,"Different decoders, mixed seq_len (heartrate@512 + gestureclass@256, interleaved)",32,11,heartrate→gestureclass_short,"heartrate,gestureclass,heartrate,gestureclass,heartrate,gestureclass,heartrate,gestureclass,heartrate,gestureclass,heartrate,gestureclass,heartrate,gestureclass,heartrate,gestureclass,heartrate,gestureclass,heartrate,gestureclass,heartrate,gestureclass,heartrate,gestureclass,heartrate,gestureclass,heartrate,gestureclass,heartrate,gestureclass,heartrate,gestureclass",3.555181,31.278903,0.97746571875,0.86257546875,27.602415,0.0004450625,450.01318359375
run5_diff_dec_diff_len,"Different decoders, mixed seq_len (heartrate@512 + gestureclass@256, interleaved)",32,12,heartrate→gestureclass_short,"heartrate,gestureclass,heartrate,gestureclass,heartrate,gestureclass,heartrate,gestureclass,heartrate,gestureclass,heartrate,gestureclass,heartrate,gestureclass,heartrate,gestureclass,heartrate,gestureclass,heartrate,gestureclass,heartrate,gestureclass,heartrate,gestureclass,heartrate,gestureclass,heartrate,gestureclass,heartrate,gestureclass,heartrate,gestureclass",3.572025,31.289228,0.977788375,0.86242065625,27.597461,0.00040525,450.01318359375
run5_diff_dec_diff_len,"Different decoders, mixed seq_len (heartrate@512 + gestureclass@256, interleaved)",32,13,heartrate→gestureclass_short,"heartrate,gestureclass,heartrate,gestureclass,heartrate,gestureclass,heartrate,gestureclass,heartrate,gestureclass,heartrate,gestureclass,heartrate,gestureclass,heartrate,gestureclass,heartrate,gestureclass,heartrate,gestureclass,heartrate,gestureclass,heartrate,gestureclass,heartrate,gestureclass,heartrate,gestureclass,heartrate,gestureclass,heartrate,gestureclass",3.620215,31.370897,0.98034053125,0.86336609375,27.627715,0.0004210625,450.01318359375
run5_diff_dec_diff_len,"Different decoders, mixed seq_len (heartrate@512 + gestureclass@256, interleaved)",32,14,heartrate→gestureclass_short,"heartrate,gestureclass,heartrate,gestureclass,heartrate,gestureclass,heartrate,gestureclass,heartrate,gestureclass,heartrate,gestureclass,heartrate,gestureclass,heartrate,gestureclass,heartrate,gestureclass,heartrate,gestureclass,heartrate,gestureclass,heartrate,gestureclass,heartrate,gestureclass,heartrate,gestureclass,heartrate,gestureclass,heartrate,gestureclass",3.528059,31.156793,0.97364978125,0.85966715625,27.509349,0.00041784375,450.01318359375
run5_diff_dec_diff_len,"Different decoders, mixed seq_len (heartrate@512 + gestureclass@256, interleaved)",32,15,heartrate→gestureclass_short,"heartrate,gestureclass,heartrate,gestureclass,heartrate,gestureclass,heartrate,gestureclass,heartrate,gestureclass,heartrate,gestureclass,heartrate,gestureclass,heartrate,gestureclass,heartrate,gestureclass,heartrate,gestureclass,heartrate,gestureclass,heartrate,gestureclass,heartrate,gestureclass,heartrate,gestureclass,heartrate,gestureclass,heartrate,gestureclass",3.623842,31.556161,0.98613003125,0.8684953125,27.79185,0.0004131875,450.01318359375
run5_diff_dec_diff_len,"Different decoders, mixed seq_len (heartrate@512 + gestureclass@256, interleaved)",32,16,heartrate→gestureclass_short,"heartrate,gestureclass,heartrate,gestureclass,heartrate,gestureclass,heartrate,gestureclass,heartrate,gestureclass,heartrate,gestureclass,heartrate,gestureclass,heartrate,gestureclass,heartrate,gestureclass,heartrate,gestureclass,heartrate,gestureclass,heartrate,gestureclass,heartrate,gestureclass,heartrate,gestureclass,heartrate,gestureclass,heartrate,gestureclass",3.552199,31.182724,0.974460125,0.85931384375,27.498043,0.00040803125,450.01318359375
run5_diff_dec_diff_len,"Different decoders, mixed seq_len (heartrate@512 + gestureclass@256, interleaved)",32,17,heartrate→gestureclass_short,"heartrate,gestureclass,heartrate,gestureclass,heartrate,gestureclass,heartrate,gestureclass,heartrate,gestureclass,heartrate,gestureclass,heartrate,gestureclass,heartrate,gestureclass,heartrate,gestureclass,heartrate,gestureclass,heartrate,gestureclass,heartrate,gestureclass,heartrate,gestureclass,heartrate,gestureclass,heartrate,gestureclass,heartrate,gestureclass",3.716226,31.441877,0.98255865625,0.86251465625,27.600469,0.00041228125,450.01318359375
run5_diff_dec_diff_len,"Different decoders, mixed seq_len (heartrate@512 + gestureclass@256, interleaved)",32,18,heartrate→gestureclass_short,"heartrate,gestureclass,heartrate,gestureclass,heartrate,gestureclass,heartrate,gestureclass,heartrate,gestureclass,heartrate,gestureclass,heartrate,gestureclass,heartrate,gestureclass,heartrate,gestureclass,heartrate,gestureclass,heartrate,gestureclass,heartrate,gestureclass,heartrate,gestureclass,heartrate,gestureclass,heartrate,gestureclass,heartrate,gestureclass",3.66106,31.210646,0.9753326875,0.8572340625,27.43149,0.0004081875,450.01318359375
run5_diff_dec_diff_len,"Different decoders, mixed seq_len (heartrate@512 + gestureclass@256, interleaved)",32,19,heartrate→gestureclass_short,"heartrate,gestureclass,heartrate,gestureclass,heartrate,gestureclass,heartrate,gestureclass,heartrate,gestureclass,heartrate,gestureclass,heartrate,gestureclass,heartrate,gestureclass,heartrate,gestureclass,heartrate,gestureclass,heartrate,gestureclass,heartrate,gestureclass,heartrate,gestureclass,heartrate,gestureclass,heartrate,gestureclass,heartrate,gestureclass",3.438789,31.091544,0.97161075,0.860554125,27.537732,0.0004154375,450.01318359375
run5_diff_dec_diff_len,"Different decoders, mixed seq_len (heartrate@512 + gestureclass@256, interleaved)",32,20,heartrate→gestureclass_short,"heartrate,gestureclass,heartrate,gestureclass,heartrate,gestureclass,heartrate,gestureclass,heartrate,gestureclass,heartrate,gestureclass,heartrate,gestureclass,heartrate,gestureclass,heartrate,gestureclass,heartrate,gestureclass,heartrate,gestureclass,heartrate,gestureclass,heartrate,gestureclass,heartrate,gestureclass,heartrate,gestureclass,heartrate,gestureclass",3.407621,31.372162,0.9803800625,0.87014121875,27.844519,0.00042171875,450.01318359375
run5_diff_dec_diff_len,"Different decoders, mixed seq_len (heartrate@512 + gestureclass@256, interleaved)",32,21,heartrate→gestureclass_short,"heartrate,gestureclass,heartrate,gestureclass,heartrate,gestureclass,heartrate,gestureclass,heartrate,gestureclass,heartrate,gestureclass,heartrate,gestureclass,heartrate,gestureclass,heartrate,gestureclass,heartrate,gestureclass,heartrate,gestureclass,heartrate,gestureclass,heartrate,gestureclass,heartrate,gestureclass,heartrate,gestureclass,heartrate,gestureclass",3.461749,31.111833,0.97224478125,0.86026715625,27.528549,0.00041896875,450.01318359375
run5_diff_dec_diff_len,"Different decoders, mixed seq_len (heartrate@512 + gestureclass@256, interleaved)",32,22,heartrate→gestureclass_short,"heartrate,gestureclass,heartrate,gestureclass,heartrate,gestureclass,heartrate,gestureclass,heartrate,gestureclass,heartrate,gestureclass,heartrate,gestureclass,heartrate,gestureclass,heartrate,gestureclass,heartrate,gestureclass,heartrate,gestureclass,heartrate,gestureclass,heartrate,gestureclass,heartrate,gestureclass,heartrate,gestureclass,heartrate,gestureclass",3.594148,31.432712,0.98227225,0.86616934375,27.717419,0.00041403125,450.01318359375
run5_diff_dec_diff_len,"Different decoders, mixed seq_len (heartrate@512 + gestureclass@256, interleaved)",32,23,heartrate→gestureclass_short,"heartrate,gestureclass,heartrate,gestureclass,heartrate,gestureclass,heartrate,gestureclass,heartrate,gestureclass,heartrate,gestureclass,heartrate,gestureclass,heartrate,gestureclass,heartrate,gestureclass,heartrate,gestureclass,heartrate,gestureclass,heartrate,gestureclass,heartrate,gestureclass,heartrate,gestureclass,heartrate,gestureclass,heartrate,gestureclass",3.466978,31.200783,0.97502446875,0.8628551875,27.611366,0.00043509375,450.01318359375
run5_diff_dec_diff_len,"Different decoders, mixed seq_len (heartrate@512 + gestureclass@256, interleaved)",32,24,heartrate→gestureclass_short,"heartrate,gestureclass,heartrate,gestureclass,heartrate,gestureclass,heartrate,gestureclass,heartrate,gestureclass,heartrate,gestureclass,heartrate,gestureclass,heartrate,gestureclass,heartrate,gestureclass,heartrate,gestureclass,heartrate,gestureclass,heartrate,gestureclass,heartrate,gestureclass,heartrate,gestureclass,heartrate,gestureclass,heartrate,gestureclass",3.660457,31.426426,0.9820758125,0.86385625,27.6434,0.00041228125,450.01318359375
run5_diff_dec_diff_len,"Different decoders, mixed seq_len (heartrate@512 + gestureclass@256, interleaved)",32,25,heartrate→gestureclass_short,"heartrate,gestureclass,heartrate,gestureclass,heartrate,gestureclass,heartrate,gestureclass,heartrate,gestureclass,heartrate,gestureclass,heartrate,gestureclass,heartrate,gestureclass,heartrate,gestureclass,heartrate,gestureclass,heartrate,gestureclass,heartrate,gestureclass,heartrate,gestureclass,heartrate,gestureclass,heartrate,gestureclass,heartrate,gestureclass",3.521169,31.073693,0.97105290625,0.8572721875,27.43271,0.00041621875,450.01318359375
run5_diff_dec_diff_len,"Different decoders, mixed seq_len (heartrate@512 + gestureclass@256, interleaved)",32,26,heartrate→gestureclass_short,"heartrate,gestureclass,heartrate,gestureclass,heartrate,gestureclass,heartrate,gestureclass,heartrate,gestureclass,heartrate,gestureclass,heartrate,gestureclass,heartrate,gestureclass,heartrate,gestureclass,heartrate,gestureclass,heartrate,gestureclass,heartrate,gestureclass,heartrate,gestureclass,heartrate,gestureclass,heartrate,gestureclass,heartrate,gestureclass",3.665341,31.344282,0.9795088125,0.86110225,27.555272,0.0004155625,450.01318359375
run5_diff_dec_diff_len,"Different decoders, mixed seq_len (heartrate@512 + gestureclass@256, interleaved)",32,27,heartrate→gestureclass_short,"heartrate,gestureclass,heartrate,gestureclass,heartrate,gestureclass,heartrate,gestureclass,heartrate,gestureclass,heartrate,gestureclass,heartrate,gestureclass,heartrate,gestureclass,heartrate,gestureclass,heartrate,gestureclass,heartrate,gestureclass,heartrate,gestureclass,heartrate,gestureclass,heartrate,gestureclass,heartrate,gestureclass,heartrate,gestureclass",3.626227,31.257921,0.97681003125,0.85961684375,27.507739,0.00040746875,450.01318359375
run5_diff_dec_diff_len,"Different decoders, mixed seq_len (heartrate@512 + gestureclass@256, interleaved)",32,28,heartrate→gestureclass_short,"heartrate,gestureclass,heartrate,gestureclass,heartrate,gestureclass,heartrate,gestureclass,heartrate,gestureclass,heartrate,gestureclass,heartrate,gestureclass,heartrate,gestureclass,heartrate,gestureclass,heartrate,gestureclass,heartrate,gestureclass,heartrate,gestureclass,heartrate,gestureclass,heartrate,gestureclass,heartrate,gestureclass,heartrate,gestureclass",3.612006,31.142993,0.97321853125,0.85640021875,27.404807,0.00042075,450.01318359375
run5_diff_dec_diff_len,"Different decoders, mixed seq_len (heartrate@512 + gestureclass@256, interleaved)",32,29,heartrate→gestureclass_short,"heartrate,gestureclass,heartrate,gestureclass,heartrate,gestureclass,heartrate,gestureclass,heartrate,gestureclass,heartrate,gestureclass,heartrate,gestureclass,heartrate,gestureclass,heartrate,gestureclass,heartrate,gestureclass,heartrate,gestureclass,heartrate,gestureclass,heartrate,gestureclass,heartrate,gestureclass,heartrate,gestureclass,heartrate,gestureclass",3.631156,31.436992,0.982406,0.8651671875,27.68535,0.00042,450.01318359375
run5_diff_dec_diff_len,"Different decoders, mixed seq_len (heartrate@512 + gestureclass@256, interleaved)",32,30,heartrate→gestureclass_short,"heartrate,gestureclass,heartrate,gestureclass,heartrate,gestureclass,heartrate,gestureclass,heartrate,gestureclass,heartrate,gestureclass,heartrate,gestureclass,heartrate,gestureclass,heartrate,gestureclass,heartrate,gestureclass,heartrate,gestureclass,heartrate,gestureclass,heartrate,gestureclass,heartrate,gestureclass,heartrate,gestureclass,heartrate,gestureclass",3.520676,30.969022,0.9677819375,0.8540929375,27.330974,0.0003926875,450.01318359375
run5_diff_dec_diff_len,"Different decoders, mixed seq_len (heartrate@512 + gestureclass@256, interleaved)",32,31,heartrate→gestureclass_short,"heartrate,gestureclass,heartrate,gestureclass,heartrate,gestureclass,heartrate,gestureclass,heartrate,gestureclass,heartrate,gestureclass,heartrate,gestureclass,heartrate,gestureclass,heartrate,gestureclass,heartrate,gestureclass,heartrate,gestureclass,heartrate,gestureclass,heartrate,gestureclass,heartrate,gestureclass,heartrate,gestureclass,heartrate,gestureclass",3.489931,31.56622,0.986444375,0.8736248125,27.955994,0.0004190625,450.01318359375
run5_diff_dec_diff_len,"Different decoders, mixed seq_len (heartrate@512 + gestureclass@256, interleaved)",32,32,heartrate→gestureclass_short,"heartrate,gestureclass,heartrate,gestureclass,heartrate,gestureclass,heartrate,gestureclass,heartrate,gestureclass,heartrate,gestureclass,heartrate,gestureclass,heartrate,gestureclass,heartrate,gestureclass,heartrate,gestureclass,heartrate,gestureclass,heartrate,gestureclass,heartrate,gestureclass,heartrate,gestureclass,heartrate,gestureclass,heartrate,gestureclass",3.600381,31.406212,0.981444125,0.865061125,27.681956,0.00041334375,450.01318359375
run5_diff_dec_diff_len,"Different decoders, mixed seq_len (heartrate@512 + gestureclass@256, interleaved)",32,33,heartrate→gestureclass_short,"heartrate,gestureclass,heartrate,gestureclass,heartrate,gestureclass,heartrate,gestureclass,heartrate,gestureclass,heartrate,gestureclass,heartrate,gestureclass,heartrate,gestureclass,heartrate,gestureclass,heartrate,gestureclass,heartrate,gestureclass,heartrate,gestureclass,heartrate,gestureclass,heartrate,gestureclass,heartrate,gestureclass,heartrate,gestureclass",3.845355,31.632275,0.98850859375,0.864138,27.652416,0.00044065625,450.01318359375
run5_diff_dec_diff_len,"Different decoders, mixed seq_len (heartrate@512 + gestureclass@256, interleaved)",32,34,heartrate→gestureclass_short,"heartrate,gestureclass,heartrate,gestureclass,heartrate,gestureclass,heartrate,gestureclass,heartrate,gestureclass,heartrate,gestureclass,heartrate,gestureclass,heartrate,gestureclass,heartrate,gestureclass,heartrate,gestureclass,heartrate,gestureclass,heartrate,gestureclass,heartrate,gestureclass,heartrate,gestureclass,heartrate,gestureclass,heartrate,gestureclass",3.81486,31.410235,0.98156984375,0.85820615625,27.462597,0.00041175,450.01318359375
run5_diff_dec_diff_len,"Different decoders, mixed seq_len (heartrate@512 + gestureclass@256, interleaved)",32,35,heartrate→gestureclass_short,"heartrate,gestureclass,heartrate,gestureclass,heartrate,gestureclass,heartrate,gestureclass,heartrate,gestureclass,heartrate,gestureclass,heartrate,gestureclass,heartrate,gestureclass,heartrate,gestureclass,heartrate,gestureclass,heartrate,gestureclass,heartrate,gestureclass,heartrate,gestureclass,heartrate,gestureclass,heartrate,gestureclass,heartrate,gestureclass",3.631521,31.290415,0.97782546875,0.86018965625,27.526069,0.00041503125,450.01318359375
run5_diff_dec_diff_len,"Different decoders, mixed seq_len (heartrate@512 + gestureclass@256, interleaved)",32,36,heartrate→gestureclass_short,"heartrate,gestureclass,heartrate,gestureclass,heartrate,gestureclass,heartrate,gestureclass,heartrate,gestureclass,heartrate,gestureclass,heartrate,gestureclass,heartrate,gestureclass,heartrate,gestureclass,heartrate,gestureclass,heartrate,gestureclass,heartrate,gestureclass,heartrate,gestureclass,heartrate,gestureclass,heartrate,gestureclass,heartrate,gestureclass",3.541551,31.164512,0.973891,0.8595219375,27.504702,0.000410625,450.01318359375
run5_diff_dec_diff_len,"Different decoders, mixed seq_len (heartrate@512 + gestureclass@256, interleaved)",32,37,heartrate→gestureclass_short,"heartrate,gestureclass,heartrate,gestureclass,heartrate,gestureclass,heartrate,gestureclass,heartrate,gestureclass,heartrate,gestureclass,heartrate,gestureclass,heartrate,gestureclass,heartrate,gestureclass,heartrate,gestureclass,heartrate,gestureclass,heartrate,gestureclass,heartrate,gestureclass,heartrate,gestureclass,heartrate,gestureclass,heartrate,gestureclass",3.456499,31.204624,0.9751445,0.86335134375,27.627243,0.00051890625,450.01318359375
run5_diff_dec_diff_len,"Different decoders, mixed seq_len (heartrate@512 + gestureclass@256, interleaved)",32,38,heartrate→gestureclass_short,"heartrate,gestureclass,heartrate,gestureclass,heartrate,gestureclass,heartrate,gestureclass,heartrate,gestureclass,heartrate,gestureclass,heartrate,gestureclass,heartrate,gestureclass,heartrate,gestureclass,heartrate,gestureclass,heartrate,gestureclass,heartrate,gestureclass,heartrate,gestureclass,heartrate,gestureclass,heartrate,gestureclass,heartrate,gestureclass",3.473025,31.202733,0.97508540625,0.86285709375,27.611427,0.0004213125,450.01318359375
run5_diff_dec_diff_len,"Different decoders, mixed seq_len (heartrate@512 + gestureclass@256, interleaved)",32,39,heartrate→gestureclass_short,"heartrate,gestureclass,heartrate,gestureclass,heartrate,gestureclass,heartrate,gestureclass,heartrate,gestureclass,heartrate,gestureclass,heartrate,gestureclass,heartrate,gestureclass,heartrate,gestureclass,heartrate,gestureclass,heartrate,gestureclass,heartrate,gestureclass,heartrate,gestureclass,heartrate,gestureclass,heartrate,gestureclass,heartrate,gestureclass",3.559777,31.300153,0.97812978125,0.86280159375,27.609651,0.0004191875,450.01318359375
run5_diff_dec_diff_len,"Different decoders, mixed seq_len (heartrate@512 + gestureclass@256, interleaved)",32,40,heartrate→gestureclass_short,"heartrate,gestureclass,heartrate,gestureclass,heartrate,gestureclass,heartrate,gestureclass,heartrate,gestureclass,heartrate,gestureclass,heartrate,gestureclass,heartrate,gestureclass,heartrate,gestureclass,heartrate,gestureclass,heartrate,gestureclass,heartrate,gestureclass,heartrate,gestureclass,heartrate,gestureclass,heartrate,gestureclass,heartrate,gestureclass",3.568774,31.400516,0.981266125,0.865915,27.70928,0.000423375,450.01318359375
run5_diff_dec_diff_len,"Different decoders, mixed seq_len (heartrate@512 + gestureclass@256, interleaved)",32,41,heartrate→gestureclass_short,"heartrate,gestureclass,heartrate,gestureclass,heartrate,gestureclass,heartrate,gestureclass,heartrate,gestureclass,heartrate,gestureclass,heartrate,gestureclass,heartrate,gestureclass,heartrate,gestureclass,heartrate,gestureclass,heartrate,gestureclass,heartrate,gestureclass,heartrate,gestureclass,heartrate,gestureclass,heartrate,gestureclass,heartrate,gestureclass",3.703948,31.165063,0.97390821875,0.85435778125,27.339449,0.0004115,450.01318359375
run5_diff_dec_diff_len,"Different decoders, mixed seq_len (heartrate@512 + gestureclass@256, interleaved)",32,42,heartrate→gestureclass_short,"heartrate,gestureclass,heartrate,gestureclass,heartrate,gestureclass,heartrate,gestureclass,heartrate,gestureclass,heartrate,gestureclass,heartrate,gestureclass,heartrate,gestureclass,heartrate,gestureclass,heartrate,gestureclass,heartrate,gestureclass,heartrate,gestureclass,heartrate,gestureclass,heartrate,gestureclass,heartrate,gestureclass,heartrate,gestureclass",3.498717,31.233285,0.97604015625,0.86287590625,27.612029,0.00050646875,450.01318359375
run5_diff_dec_diff_len,"Different decoders, mixed seq_len (heartrate@512 + gestureclass@256, interleaved)",32,43,heartrate→gestureclass_short,"heartrate,gestureclass,heartrate,gestureclass,heartrate,gestureclass,heartrate,gestureclass,heartrate,gestureclass,heartrate,gestureclass,heartrate,gestureclass,heartrate,gestureclass,heartrate,gestureclass,heartrate,gestureclass,heartrate,gestureclass,heartrate,gestureclass,heartrate,gestureclass,heartrate,gestureclass,heartrate,gestureclass,heartrate,gestureclass",3.390775,31.116732,0.972397875,0.8627274375,27.607278,0.00040665625,450.01318359375
run5_diff_dec_diff_len,"Different decoders, mixed seq_len (heartrate@512 + gestureclass@256, interleaved)",32,44,heartrate→gestureclass_short,"heartrate,gestureclass,heartrate,gestureclass,heartrate,gestureclass,heartrate,gestureclass,heartrate,gestureclass,heartrate,gestureclass,heartrate,gestureclass,heartrate,gestureclass,heartrate,gestureclass,heartrate,gestureclass,heartrate,gestureclass,heartrate,gestureclass,heartrate,gestureclass,heartrate,gestureclass,heartrate,gestureclass,heartrate,gestureclass",3.444981,31.228191,0.97588096875,0.86388128125,27.644201,0.00040325,450.01318359375
run5_diff_dec_diff_len,"Different decoders, mixed seq_len (heartrate@512 + gestureclass@256, interleaved)",32,45,heartrate→gestureclass_short,"heartrate,gestureclass,heartrate,gestureclass,heartrate,gestureclass,heartrate,gestureclass,heartrate,gestureclass,heartrate,gestureclass,heartrate,gestureclass,heartrate,gestureclass,heartrate,gestureclass,heartrate,gestureclass,heartrate,gestureclass,heartrate,gestureclass,heartrate,gestureclass,heartrate,gestureclass,heartrate,gestureclass,heartrate,gestureclass",3.685753,31.420998,0.9819061875,0.8627125625,27.606802,0.0004140625,450.01318359375
run5_diff_dec_diff_len,"Different decoders, mixed seq_len (heartrate@512 + gestureclass@256, interleaved)",32,46,heartrate→gestureclass_short,"heartrate,gestureclass,heartrate,gestureclass,heartrate,gestureclass,heartrate,gestureclass,heartrate,gestureclass,heartrate,gestureclass,heartrate,gestureclass,heartrate,gestureclass,heartrate,gestureclass,heartrate,gestureclass,heartrate,gestureclass,heartrate,gestureclass,heartrate,gestureclass,heartrate,gestureclass,heartrate,gestureclass,heartrate,gestureclass",3.667944,31.545341,0.98579190625,0.8672376875,27.751606,0.00040771875,450.01318359375
run5_diff_dec_diff_len,"Different decoders, mixed seq_len (heartrate@512 + gestureclass@256, interleaved)",32,47,heartrate→gestureclass_short,"heartrate,gestureclass,heartrate,gestureclass,heartrate,gestureclass,heartrate,gestureclass,heartrate,gestureclass,heartrate,gestureclass,heartrate,gestureclass,heartrate,gestureclass,heartrate,gestureclass,heartrate,gestureclass,heartrate,gestureclass,heartrate,gestureclass,heartrate,gestureclass,heartrate,gestureclass,heartrate,gestureclass,heartrate,gestureclass",3.612237,31.084249,0.97138278125,0.85472715625,27.351269,0.0004216875,450.01318359375
run5_diff_dec_diff_len,"Different decoders, mixed seq_len (heartrate@512 + gestureclass@256, interleaved)",32,48,heartrate→gestureclass_short,"heartrate,gestureclass,heartrate,gestureclass,heartrate,gestureclass,heartrate,gestureclass,heartrate,gestureclass,heartrate,gestureclass,heartrate,gestureclass,heartrate,gestureclass,heartrate,gestureclass,heartrate,gestureclass,heartrate,gestureclass,heartrate,gestureclass,heartrate,gestureclass,heartrate,gestureclass,heartrate,gestureclass,heartrate,gestureclass",3.507869,31.408304,0.9815095,0.86810996875,27.779519,0.0004098125,450.01318359375
run5_diff_dec_diff_len,"Different decoders, mixed seq_len (heartrate@512 + gestureclass@256, interleaved)",32,49,heartrate→gestureclass_short,"heartrate,gestureclass,heartrate,gestureclass,heartrate,gestureclass,heartrate,gestureclass,heartrate,gestureclass,heartrate,gestureclass,heartrate,gestureclass,heartrate,gestureclass,heartrate,gestureclass,heartrate,gestureclass,heartrate,gestureclass,heartrate,gestureclass,heartrate,gestureclass,heartrate,gestureclass,heartrate,gestureclass,heartrate,gestureclass",3.53406,31.032852,0.969776625,0.85566140625,27.381165,0.00040090625,450.01318359375
